iso3,country,chicken_head,rabbit_head,duck_head,goose_head,turkey_head,other_rodents_head,pig_head,meat_goat_head,meat_sheep_head,camelids_head,meat_cattle_head,meat_camel_head,meat_buffalo_head,mule_head,horse_head,asses_head,milk_sheep_head,milk_cattle_head,milk_goat_head,milk_camel_head,milk_buffalo_head,chicken_slaughter,rabbit_slaughter,duck_slaughter,goose_slaughter,turkey_slaughter,other_rodents_slaughter,pig_slaughter,goat_slaughter,sheep_slaughter,camelids_slaughter,cattle_slaughter,camel_slaughter,buffalo_slaughter,mule_slaughter,horse_slaughter,asses_slaughter
AFG,Afghanistan,13735000,0,0,0,0,0,0,0,0,0,0,0,0,0,0,0,0,0,0,0,0,34923000.0,0,0,0,0,0,0,0,0,0,0,0,0,0,0,0
ALB,Albania,7090000,0,0,0,0,0,0,0,0,0,0,0,0,0,0,0,0,0,0,0,0,10785000.0,0,0,0,0,0,0,0,0,0,0,0,0,0,0,0
DZA,Algeria,135561000,0,0,0,0,0,0,0,0,0,0,0,0,0,0,0,0,0,0,0,0,260269000.0,0,0,0,0,0,0,0,0,0,0,0,0,0,0,0
AGO,Angola,44360000,0,0,0,0,0,0,0,0,0,0,0,0,0,0,0,0,0,0,0,0,58018000.0,0,0,0,0,0,0,0,0,0,0,0,0,0,0,0
ATG,Antigua and Barbuda,159000,0,0,0,0,0,0,0,0,0,0,0,0,0,0,0,0,0,0,0,0,13000.0,0,0,0,0,0,0,0,0,0,0,0,0,0,0,0
ARG,Argentina,118457000,0,0,0,0,0,0,0,0,0,0,0,0,0,0,0,0,0,0,0,0,757488000.0,0,0,0,0,0,0,0,0,0,0,0,0,0,0,0
ARM,Armenia,4152000,0,0,0,0,0,0,0,0,0,0,0,0,0,0,0,0,0,0,0,0,11741000.0,0,0,0,0,0,0,0,0,0,0,0,0,0,0,0
AUS,Australia,111924000,0,0,0,0,0,0,0,0,0,0,0,0,0,0,0,0,0,0,0,0,658261000.0,0,0,0,0,0,0,0,0,0,0,0,0,0,0,0
AUT,Austria,0,0,0,0,0,0,0,0,0,0,0,0,0,0,0,0,0,0,0,0,0,97991000.0,0,0,0,0,0,0,0,0,0,0,0,0,0,0,0
AZE,Azerbaijan,32230000,0,0,0,0,0,0,0,0,0,0,0,0,0,0,0,0,0,0,0,0,97760000.0,0,0,0,0,0,0,0,0,0,0,0,0,0,0,0
BHS,Bahamas,3147000,0,0,0,0,0,0,0,0,0,0,0,0,0,0,0,0,0,0,0,0,5300000.0,0,0,0,0,0,0,0,0,0,0,0,0,0,0,0
BHR,Bahrain,1600000,0,0,0,0,0,0,0,0,0,0,0,0,0,0,0,0,0,0,0,0,10175000.0,0,0,0,0,0,0,0,0,0,0,0,0,0,0,0
BGD,Bangladesh,286903000,0,0,0,0,0,0,0,0,0,0,0,0,0,0,0,0,0,0,0,0,301034000.0,0,0,0,0,0,0,0,0,0,0,0,0,0,0,0
BRB,Barbados,4199000,0,0,0,0,0,0,0,0,0,0,0,0,0,0,0,0,0,0,0,0,9645000.0,0,0,0,0,0,0,0,0,0,0,0,0,0,0,0
BLR,Belarus,39573000,0,0,0,0,0,0,0,0,0,0,0,0,0,0,0,0,0,0,0,0,442730000.0,0,0,0,0,0,0,0,0,0,0,0,0,0,0,0
BEL,Belgium,33944000,0,0,0,0,0,0,0,0,0,0,0,0,0,0,0,0,0,0,0,0,297295000.0,0,0,0,0,0,0,0,0,0,0,0,0,0,0,0
BLZ,Belize,1660000,0,0,0,0,0,0,0,0,0,0,0,0,0,0,0,0,0,0,0,0,10721000.0,0,0,0,0,0,0,0,0,0,0,0,0,0,0,0
BEN,Benin,21986000,0,0,0,0,0,0,0,0,0,0,0,0,0,0,0,0,0,0,0,0,28196000.0,0,0,0,0,0,0,0,0,0,0,0,0,0,0,0
BTN,Bhutan,1300000,0,0,0,0,0,0,0,0,0,0,0,0,0,0,0,0,0,0,0,0,1749000.0,0,0,0,0,0,0,0,0,0,0,0,0,0,0,0
BOL,Bolivia (Plurinational State of),211784000,0,0,0,0,0,0,0,0,0,0,0,0,0,0,0,0,0,0,0,0,174073000.0,0,0,0,0,0,0,0,0,0,0,0,0,0,0,0
BIH,Bosnia and Herzegovina,16669000,0,0,0,0,0,0,0,0,0,0,0,0,0,0,0,0,0,0,0,0,41453000.0,0,0,0,0,0,0,0,0,0,0,0,0,0,0,0
BWA,Botswana,960000,0,0,0,0,0,0,0,0,0,0,0,0,0,0,0,0,0,0,0,0,4339000.0,0,0,0,0,0,0,0,0,0,0,0,0,0,0,0
BRA,Brazil,1457697000,0,0,0,0,0,0,0,0,0,0,0,0,0,0,0,0,0,0,0,0,6006415000.0,0,0,0,0,0,0,0,0,0,0,0,0,0,0,0
BRN,Brunei Darussalam,16983000,0,0,0,0,0,0,0,0,0,0,0,0,0,0,0,0,0,0,0,0,17577000.0,0,0,0,0,0,0,0,0,0,0,0,0,0,0,0
BGR,Bulgaria,20793000,0,0,0,0,0,0,0,0,0,0,0,0,0,0,0,0,0,0,0,0,51068000.0,0,0,0,0,0,0,0,0,0,0,0,0,0,0,0
BFA,Burkina Faso,39128000,0,0,0,0,0,0,0,0,0,0,0,0,0,0,0,0,0,0,0,0,56621000.0,0,0,0,0,0,0,0,0,0,0,0,0,0,0,0
BDI,Burundi,2719000,0,0,0,0,0,0,0,0,0,0,0,0,0,0,0,0,0,0,0,0,7392000.0,0,0,0,0,0,0,0,0,0,0,0,0,0,0,0
CPV,Cabo Verde,1000000,0,0,0,0,0,0,0,0,0,0,0,0,0,0,0,0,0,0,0,0,575000.0,0,0,0,0,0,0,0,0,0,0,0,0,0,0,0
KHM,Cambodia,13209000,0,0,0,0,0,0,0,0,0,0,0,0,0,0,0,0,0,0,0,0,16863000.0,0,0,0,0,0,0,0,0,0,0,0,0,0,0,0
CMR,Cameroon,55204000,0,0,0,0,0,0,0,0,0,0,0,0,0,0,0,0,0,0,0,0,106623000.0,0,0,0,0,0,0,0,0,0,0,0,0,0,0,0
CAN,Canada,171640000,0,0,0,0,0,0,0,0,0,0,0,0,0,0,0,0,0,0,0,0,754946000.0,0,0,0,0,0,0,0,0,0,0,0,0,0,0,0
CAF,Central African Republic,6928000,0,0,0,0,0,0,0,0,0,0,0,0,0,0,0,0,0,0,0,0,7529000.0,0,0,0,0,0,0,0,0,0,0,0,0,0,0,0
TCD,Chad,6004000,0,0,0,0,0,0,0,0,0,0,0,0,0,0,0,0,0,0,0,0,8107000.0,0,0,0,0,0,0,0,0,0,0,0,0,0,0,0
CHL,Chile,116616000,0,0,0,0,0,0,0,0,0,0,0,0,0,0,0,0,0,0,0,0,291985000.0,0,0,0,0,0,0,0,0,0,0,0,0,0,0,0
HKG,"China, Hong Kong SAR",4247000,0,0,0,0,0,0,0,0,0,0,0,0,0,0,0,0,0,0,0,0,15647000.0,0,0,0,0,0,0,0,0,0,0,0,0,0,0,0
MAC,"China, Macao SAR",772000,0,0,0,0,0,0,0,0,0,0,0,0,0,0,0,0,0,0,0,0,3733000.0,0,0,0,0,0,0,0,0,0,0,0,0,0,0,0
CHN,"China, mainland",5060213000,0,0,0,0,0,0,0,0,0,0,0,0,0,0,0,0,0,0,0,0,9287900000.0,0,0,0,0,0,0,0,0,0,0,0,0,0,0,0
TWN,"China, Taiwan Province of",98667000,0,0,0,0,0,0,0,0,0,0,0,0,0,0,0,0,0,0,0,0,379596000.0,0,0,0,0,0,0,0,0,0,0,0,0,0,0,0
COL,Colombia,201601000,0,0,0,0,0,0,0,0,0,0,0,0,0,0,0,0,0,0,0,0,1011486000.0,0,0,0,0,0,0,0,0,0,0,0,0,0,0,0
COM,Comoros,530000,0,0,0,0,0,0,0,0,0,0,0,0,0,0,0,0,0,0,0,0,732000.0,0,0,0,0,0,0,0,0,0,0,0,0,0,0,0
COG,Congo,2923000,0,0,0,0,0,0,0,0,0,0,0,0,0,0,0,0,0,0,0,0,6821000.0,0,0,0,0,0,0,0,0,0,0,0,0,0,0,0
COK,Cook Islands,18000,0,0,0,0,0,0,0,0,0,0,0,0,0,0,0,0,0,0,0,0,24000.0,0,0,0,0,0,0,0,0,0,0,0,0,0,0,0
CRI,Costa Rica,25471000,0,0,0,0,0,0,0,0,0,0,0,0,0,0,0,0,0,0,0,0,72221000.0,0,0,0,0,0,0,0,0,0,0,0,0,0,0,0
CIV,Côte d'Ivoire,80814000,0,0,0,0,0,0,0,0,0,0,0,0,0,0,0,0,0,0,0,0,72363000.0,0,0,0,0,0,0,0,0,0,0,0,0,0,0,0
HRV,Croatia,12162000,0,0,0,0,0,0,0,0,0,0,0,0,0,0,0,0,0,0,0,0,38248000.0,0,0,0,0,0,0,0,0,0,0,0,0,0,0,0
CUB,Cuba,35356000,0,0,0,0,0,0,0,0,0,0,0,0,0,0,0,0,0,0,0,0,14387000.0,0,0,0,0,0,0,0,0,0,0,0,0,0,0,0
CYP,Cyprus,2758000,0,0,0,0,0,0,0,0,0,0,0,0,0,0,0,0,0,0,0,0,13264000.0,0,0,0,0,0,0,0,0,0,0,0,0,0,0,0
CZE,Czechia,21844000,0,0,0,0,0,0,0,0,0,0,0,0,0,0,0,0,0,0,0,0,121178000.0,0,0,0,0,0,0,0,0,0,0,0,0,0,0,0
PRK,Democratic People's Republic of Korea,15770000,0,0,0,0,0,0,0,0,0,0,0,0,0,0,0,0,0,0,0,0,28806000.0,0,0,0,0,0,0,0,0,0,0,0,0,0,0,0
COD,Democratic Republic of the Congo,18558000,0,0,0,0,0,0,0,0,0,0,0,0,0,0,0,0,0,0,0,0,16667000.0,0,0,0,0,0,0,0,0,0,0,0,0,0,0,0
DNK,Denmark,22463000,0,0,0,0,0,0,0,0,0,0,0,0,0,0,0,0,0,0,0,0,103343000.0,0,0,0,0,0,0,0,0,0,0,0,0,0,0,0
DJI,Djibouti,0,0,0,0,0,0,0,0,0,0,0,0,0,0,0,0,0,0,0,0,0,0.0,0,0,0,0,0,0,0,0,0,0,0,0,0,0,0
DMA,Dominica,201000,0,0,0,0,0,0,0,0,0,0,0,0,0,0,0,0,0,0,0,0,365000.0,0,0,0,0,0,0,0,0,0,0,0,0,0,0,0
DOM,Dominican Republic,181052000,0,0,0,0,0,0,0,0,0,0,0,0,0,0,0,0,0,0,0,0,191527000.0,0,0,0,0,0,0,0,0,0,0,0,0,0,0,0
ECU,Ecuador,162066000,0,0,0,0,0,0,0,0,0,0,0,0,0,0,0,0,0,0,0,0,155678000.0,0,0,0,0,0,0,0,0,0,0,0,0,0,0,0
EGY,Egypt,166593000,0,0,0,0,0,0,0,0,0,0,0,0,0,0,0,0,0,0,0,0,1007352000.0,0,0,0,0,0,0,0,0,0,0,0,0,0,0,0
SLV,El Salvador,17923000,0,0,0,0,0,0,0,0,0,0,0,0,0,0,0,0,0,0,0,0,116359000.0,0,0,0,0,0,0,0,0,0,0,0,0,0,0,0
GNQ,Equatorial Guinea,369000,0,0,0,0,0,0,0,0,0,0,0,0,0,0,0,0,0,0,0,0,318000.0,0,0,0,0,0,0,0,0,0,0,0,0,0,0,0
ERI,Eritrea,1209000,0,0,0,0,0,0,0,0,0,0,0,0,0,0,0,0,0,0,0,0,1537000.0,0,0,0,0,0,0,0,0,0,0,0,0,0,0,0
EST,Estonia,2080000,0,0,0,0,0,0,0,0,0,0,0,0,0,0,0,0,0,0,0,0,0.0,0,0,0,0,0,0,0,0,0,0,0,0,0,0,0
SWZ,Eswatini,3809000,0,0,0,0,0,0,0,0,0,0,0,0,0,0,0,0,0,0,0,0,6024000.0,0,0,0,0,0,0,0,0,0,0,0,0,0,0,0
ETH,Ethiopia,48956000,0,0,0,0,0,0,0,0,0,0,0,0,0,0,0,0,0,0,0,0,84754000.0,0,0,0,0,0,0,0,0,0,0,0,0,0,0,0
FRO,Faroe Islands,0,0,0,0,0,0,0,0,0,0,0,0,0,0,0,0,0,0,0,0,0,0.0,0,0,0,0,0,0,0,0,0,0,0,0,0,0,0
FJI,Fiji,5459000,0,0,0,0,0,0,0,0,0,0,0,0,0,0,0,0,0,0,0,0,12545000.0,0,0,0,0,0,0,0,0,0,0,0,0,0,0,0
FIN,Finland,9506000,0,0,0,0,0,0,0,0,0,0,0,0,0,0,0,0,0,0,0,0,79767000.0,0,0,0,0,0,0,0,0,0,0,0,0,0,0,0
FRA,France,237864000,0,0,0,0,0,0,0,0,0,0,0,0,0,0,0,0,0,0,0,0,770478000.0,0,0,0,0,0,0,0,0,0,0,0,0,0,0,0
PYF,French Polynesia,320000,0,0,0,0,0,0,0,0,0,0,0,0,0,0,0,0,0,0,0,0,691000.0,0,0,0,0,0,0,0,0,0,0,0,0,0,0,0
GAB,Gabon,3301000,0,0,0,0,0,0,0,0,0,0,0,0,0,0,0,0,0,0,0,0,4988000.0,0,0,0,0,0,0,0,0,0,0,0,0,0,0,0
GMB,Gambia,1458000,0,0,0,0,0,0,0,0,0,0,0,0,0,0,0,0,0,0,0,0,1619000.0,0,0,0,0,0,0,0,0,0,0,0,0,0,0,0
GEO,Georgia,7942000,0,0,0,0,0,0,0,0,0,0,0,0,0,0,0,0,0,0,0,0,15690000.0,0,0,0,0,0,0,0,0,0,0,0,0,0,0,0
DEU,Germany,0,0,0,0,0,0,0,0,0,0,0,0,0,0,0,0,0,0,0,0,0,623161000.0,0,0,0,0,0,0,0,0,0,0,0,0,0,0,0
GHA,Ghana,89210000,0,0,0,0,0,0,0,0,0,0,0,0,0,0,0,0,0,0,0,0,105041000.0,0,0,0,0,0,0,0,0,0,0,0,0,0,0,0
GRC,Greece,0,0,0,0,0,0,0,0,0,0,0,0,0,0,0,0,0,0,0,0,0,141123000.0,0,0,0,0,0,0,0,0,0,0,0,0,0,0,0
GRD,Grenada,271000,0,0,0,0,0,0,0,0,0,0,0,0,0,0,0,0,0,0,0,0,550000.0,0,0,0,0,0,0,0,0,0,0,0,0,0,0,0
GTM,Guatemala,39008000,0,0,0,0,0,0,0,0,0,0,0,0,0,0,0,0,0,0,0,0,139332000.0,0,0,0,0,0,0,0,0,0,0,0,0,0,0,0
GIN,Guinea,36193000,0,0,0,0,0,0,0,0,0,0,0,0,0,0,0,0,0,0,0,0,8595000.0,0,0,0,0,0,0,0,0,0,0,0,0,0,0,0
GNB,Guinea-Bissau,2068000,0,0,0,0,0,0,0,0,0,0,0,0,0,0,0,0,0,0,0,0,3701000.0,0,0,0,0,0,0,0,0,0,0,0,0,0,0,0
GUY,Guyana,28797000,0,0,0,0,0,0,0,0,0,0,0,0,0,0,0,0,0,0,0,0,32580000.0,0,0,0,0,0,0,0,0,0,0,0,0,0,0,0
HTI,Haiti,5834000,0,0,0,0,0,0,0,0,0,0,0,0,0,0,0,0,0,0,0,0,9560000.0,0,0,0,0,0,0,0,0,0,0,0,0,0,0,0
HND,Honduras,48054000,0,0,0,0,0,0,0,0,0,0,0,0,0,0,0,0,0,0,0,0,99365000.0,0,0,0,0,0,0,0,0,0,0,0,0,0,0,0
HUN,Hungary,30658000,0,0,0,0,0,0,0,0,0,0,0,0,0,0,0,0,0,0,0,0,182493000.0,0,0,0,0,0,0,0,0,0,0,0,0,0,0,0
ISL,Iceland,227000,0,0,0,0,0,0,0,0,0,0,0,0,0,0,0,0,0,0,0,0,5476000.0,0,0,0,0,0,0,0,0,0,0,0,0,0,0,0
IND,India,807894000,0,0,0,0,0,0,0,0,0,0,0,0,0,0,0,0,0,0,0,0,2625635000.0,0,0,0,0,0,0,0,0,0,0,0,0,0,0,0
IDN,Indonesia,3808057000,0,0,0,0,0,0,0,0,0,0,0,0,0,0,0,0,0,0,0,0,4697236000.0,0,0,0,0,0,0,0,0,0,0,0,0,0,0,0
IRN,Iran (Islamic Republic of),973721000,0,0,0,0,0,0,0,0,0,0,0,0,0,0,0,0,0,0,0,0,1818160000.0,0,0,0,0,0,0,0,0,0,0,0,0,0,0,0
IRQ,Iraq,74302000,0,0,0,0,0,0,0,0,0,0,0,0,0,0,0,0,0,0,0,0,115931000.0,0,0,0,0,0,0,0,0,0,0,0,0,0,0,0
IRL,Ireland,0,0,0,0,0,0,0,0,0,0,0,0,0,0,0,0,0,0,0,0,0,102796000.0,0,0,0,0,0,0,0,0,0,0,0,0,0,0,0
ISR,Israel,49038000,0,0,0,0,0,0,0,0,0,0,0,0,0,0,0,0,0,0,0,0,529101000.0,0,0,0,0,0,0,0,0,0,0,0,0,0,0,0
ITA,Italy,0,0,0,0,0,0,0,0,0,0,0,0,0,0,0,0,0,0,0,0,0,573846000.0,0,0,0,0,0,0,0,0,0,0,0,0,0,0,0
JAM,Jamaica,14012000,0,0,0,0,0,0,0,0,0,0,0,0,0,0,0,0,0,0,0,0,75022000.0,0,0,0,0,0,0,0,0,0,0,0,0,0,0,0
JPN,Japan,323145000,0,0,0,0,0,0,0,0,0,0,0,0,0,0,0,0,0,0,0,0,810072000.0,0,0,0,0,0,0,0,0,0,0,0,0,0,0,0
JOR,Jordan,30131000,0,0,0,0,0,0,0,0,0,0,0,0,0,0,0,0,0,0,0,0,252612000.0,0,0,0,0,0,0,0,0,0,0,0,0,0,0,0
KAZ,Kazakhstan,43416000,0,0,0,0,0,0,0,0,0,0,0,0,0,0,0,0,0,0,0,0,132168000.0,0,0,0,0,0,0,0,0,0,0,0,0,0,0,0
KEN,Kenya,56435000,0,0,0,0,0,0,0,0,0,0,0,0,0,0,0,0,0,0,0,0,49437000.0,0,0,0,0,0,0,0,0,0,0,0,0,0,0,0
KIR,Kiribati,634000,0,0,0,0,0,0,0,0,0,0,0,0,0,0,0,0,0,0,0,0,1093000.0,0,0,0,0,0,0,0,0,0,0,0,0,0,0,0
KWT,Kuwait,53530000,0,0,0,0,0,0,0,0,0,0,0,0,0,0,0,0,0,0,0,0,47447000.0,0,0,0,0,0,0,0,0,0,0,0,0,0,0,0
KGZ,Kyrgyzstan,4822000,0,0,0,0,0,0,0,0,0,0,0,0,0,0,0,0,0,0,0,0,6733000.0,0,0,0,0,0,0,0,0,0,0,0,0,0,0,0
LAO,Lao People's Democratic Republic,43600000,0,0,0,0,0,0,0,0,0,0,0,0,0,0,0,0,0,0,0,0,44371000.0,0,0,0,0,0,0,0,0,0,0,0,0,0,0,0
LVA,Latvia,2335000,0,0,0,0,0,0,0,0,0,0,0,0,0,0,0,0,0,0,0,0,20874000.0,0,0,0,0,0,0,0,0,0,0,0,0,0,0,0
LBN,Lebanon,71828000,0,0,0,0,0,0,0,0,0,0,0,0,0,0,0,0,0,0,0,0,64459000.0,0,0,0,0,0,0,0,0,0,0,0,0,0,0,0
LSO,Lesotho,286000,0,0,0,0,0,0,0,0,0,0,0,0,0,0,0,0,0,0,0,0,2378000.0,0,0,0,0,0,0,0,0,0,0,0,0,0,0,0
LBR,Liberia,8046000,0,0,0,0,0,0,0,0,0,0,0,0,0,0,0,0,0,0,0,0,17762000.0,0,0,0,0,0,0,0,0,0,0,0,0,0,0,0
LBY,Libya,35034000,0,0,0,0,0,0,0,0,0,0,0,0,0,0,0,0,0,0,0,0,108807000.0,0,0,0,0,0,0,0,0,0,0,0,0,0,0,0
LTU,Lithuania,11562000,0,0,0,0,0,0,0,0,0,0,0,0,0,0,0,0,0,0,0,0,53425000.0,0,0,0,0,0,0,0,0,0,0,0,0,0,0,0
LUX,Luxembourg,132000,0,0,0,0,0,0,0,0,0,0,0,0,0,0,0,0,0,0,0,0,0.0,0,0,0,0,0,0,0,0,0,0,0,0,0,0,0
MDG,Madagascar,40276000,0,0,0,0,0,0,0,0,0,0,0,0,0,0,0,0,0,0,0,0,64300000.0,0,0,0,0,0,0,0,0,0,0,0,0,0,0,0
MWI,Malawi,18623000,0,0,0,0,0,0,0,0,0,0,0,0,0,0,0,0,0,0,0,0,41944000.0,0,0,0,0,0,0,0,0,0,0,0,0,0,0,0
MYS,Malaysia,285064000,0,0,0,0,0,0,0,0,0,0,0,0,0,0,0,0,0,0,0,0,647765000.0,0,0,0,0,0,0,0,0,0,0,0,0,0,0,0
MLI,Mali,49618000,0,0,0,0,0,0,0,0,0,0,0,0,0,0,0,0,0,0,0,0,75957000.0,0,0,0,0,0,0,0,0,0,0,0,0,0,0,0
MLT,Malta,0,0,0,0,0,0,0,0,0,0,0,0,0,0,0,0,0,0,0,0,0,2430000.0,0,0,0,0,0,0,0,0,0,0,0,0,0,0,0
MRT,Mauritania,4712000,0,0,0,0,0,0,0,0,0,0,0,0,0,0,0,0,0,0,0,0,6093000.0,0,0,0,0,0,0,0,0,0,0,0,0,0,0,0
MUS,Mauritius,16058000,0,0,0,0,0,0,0,0,0,0,0,0,0,0,0,0,0,0,0,0,49332000.0,0,0,0,0,0,0,0,0,0,0,0,0,0,0,0
MEX,Mexico,580829000,0,0,0,0,0,0,0,0,0,0,0,0,0,0,0,0,0,0,0,0,1961066000.0,0,0,0,0,0,0,0,0,0,0,0,0,0,0,0
FSM,Micronesia (Federated States of),191000,0,0,0,0,0,0,0,0,0,0,0,0,0,0,0,0,0,0,0,0,202000.0,0,0,0,0,0,0,0,0,0,0,0,0,0,0,0
MNG,Mongolia,892000,0,0,0,0,0,0,0,0,0,0,0,0,0,0,0,0,0,0,0,0,223000.0,0,0,0,0,0,0,0,0,0,0,0,0,0,0,0
MNE,Montenegro,636000,0,0,0,0,0,0,0,0,0,0,0,0,0,0,0,0,0,0,0,0,3255000.0,0,0,0,0,0,0,0,0,0,0,0,0,0,0,0
MAR,Morocco,209287000,0,0,0,0,0,0,0,0,0,0,0,0,0,0,0,0,0,0,0,0,630217000.0,0,0,0,0,0,0,0,0,0,0,0,0,0,0,0
MOZ,Mozambique,20000000,0,0,0,0,0,0,0,0,0,0,0,0,0,0,0,0,0,0,0,0,44908000.0,0,0,0,0,0,0,0,0,0,0,0,0,0,0,0
MMR,Myanmar,86837000,0,0,0,0,0,0,0,0,0,0,0,0,0,0,0,0,0,0,0,0,1222524000.0,0,0,0,0,0,0,0,0,0,0,0,0,0,0,0
NAM,Namibia,4348000,0,0,0,0,0,0,0,0,0,0,0,0,0,0,0,0,0,0,0,0,13754000.0,0,0,0,0,0,0,0,0,0,0,0,0,0,0,0
NRU,Nauru,5000,0,0,0,0,0,0,0,0,0,0,0,0,0,0,0,0,0,0,0,0,5000.0,0,0,0,0,0,0,0,0,0,0,0,0,0,0,0
NPL,Nepal,75709000,0,0,0,0,0,0,0,0,0,0,0,0,0,0,0,0,0,0,0,0,92558000.0,0,0,0,0,0,0,0,0,0,0,0,0,0,0,0
NLD,Netherlands,101741000,0,0,0,0,0,0,0,0,0,0,0,0,0,0,0,0,0,0,0,0,597529000.0,0,0,0,0,0,0,0,0,0,0,0,0,0,0,0
NCL,New Caledonia,528000,0,0,0,0,0,0,0,0,0,0,0,0,0,0,0,0,0,0,0,0,460000.0,0,0,0,0,0,0,0,0,0,0,0,0,0,0,0
NZL,New Zealand,24721000,0,0,0,0,0,0,0,0,0,0,0,0,0,0,0,0,0,0,0,0,119640000.0,0,0,0,0,0,0,0,0,0,0,0,0,0,0,0
NIC,Nicaragua,24902000,0,0,0,0,0,0,0,0,0,0,0,0,0,0,0,0,0,0,0,0,63062000.0,0,0,0,0,0,0,0,0,0,0,0,0,0,0,0
NER,Niger,20291000,0,0,0,0,0,0,0,0,0,0,0,0,0,0,0,0,0,0,0,0,25129000.0,0,0,0,0,0,0,0,0,0,0,0,0,0,0,0
NGA,Nigeria,169335000,0,0,0,0,0,0,0,0,0,0,0,0,0,0,0,0,0,0,0,0,238250000.0,0,0,0,0,0,0,0,0,0,0,0,0,0,0,0
NIU,Niue,19000,0,0,0,0,0,0,0,0,0,0,0,0,0,0,0,0,0,0,0,0,24000.0,0,0,0,0,0,0,0,0,0,0,0,0,0,0,0
MKD,North Macedonia,1562000,0,0,0,0,0,0,0,0,0,0,0,0,0,0,0,0,0,0,0,0,1999000.0,0,0,0,0,0,0,0,0,0,0,0,0,0,0,0
NOR,Norway,16096000,0,0,0,0,0,0,0,0,0,0,0,0,0,0,0,0,0,0,0,0,71002000.0,0,0,0,0,0,0,0,0,0,0,0,0,0,0,0
OMN,Oman,4747000,0,0,0,0,0,0,0,0,0,0,0,0,0,0,0,0,0,0,0,0,8184000.0,0,0,0,0,0,0,0,0,0,0,0,0,0,0,0
PAK,Pakistan,1321000000,0,0,0,0,0,0,0,0,0,0,0,0,0,0,0,0,0,0,0,0,1400000000.0,0,0,0,0,0,0,0,0,0,0,0,0,0,0,0
PSE,Palestine,11290000,0,0,0,0,0,0,0,0,0,0,0,0,0,0,0,0,0,0,0,0,25967000.0,0,0,0,0,0,0,0,0,0,0,0,0,0,0,0
PAN,Panama,28153000,0,0,0,0,0,0,0,0,0,0,0,0,0,0,0,0,0,0,0,0,121221000.0,0,0,0,0,0,0,0,0,0,0,0,0,0,0,0
PNG,Papua New Guinea,4534000,0,0,0,0,0,0,0,0,0,0,0,0,0,0,0,0,0,0,0,0,7244000.0,0,0,0,0,0,0,0,0,0,0,0,0,0,0,0
PRY,Paraguay,24754000,0,0,0,0,0,0,0,0,0,0,0,0,0,0,0,0,0,0,0,0,71547000.0,0,0,0,0,0,0,0,0,0,0,0,0,0,0,0
PER,Peru,168173000,0,0,0,0,0,0,0,0,0,0,0,0,0,0,0,0,0,0,0,0,753602000.0,0,0,0,0,0,0,0,0,0,0,0,0,0,0,0
PHL,Philippines,186370000,0,0,0,0,0,0,0,0,0,0,0,0,0,0,0,0,0,0,0,0,1120639000.0,0,0,0,0,0,0,0,0,0,0,0,0,0,0,0
POL,Poland,183121000,0,0,0,0,0,0,0,0,0,0,0,0,0,0,0,0,0,0,0,0,1178807000.0,0,0,0,0,0,0,0,0,0,0,0,0,0,0,0
PRT,Portugal,9974000,0,0,0,0,0,0,0,0,0,0,0,0,0,0,0,0,0,0,0,0,201877000.0,0,0,0,0,0,0,0,0,0,0,0,0,0,0,0
PRI,Puerto Rico,14813000,0,0,0,0,0,0,0,0,0,0,0,0,0,0,0,0,0,0,0,0,21478000.0,0,0,0,0,0,0,0,0,0,0,0,0,0,0,0
QAT,Qatar,2718000,0,0,0,0,0,0,0,0,0,0,0,0,0,0,0,0,0,0,0,0,11587000.0,0,0,0,0,0,0,0,0,0,0,0,0,0,0,0
KOR,Republic of Korea,172920000,0,0,0,0,0,0,0,0,0,0,0,0,0,0,0,0,0,0,0,0,1055469000.0,0,0,0,0,0,0,0,0,0,0,0,0,0,0,0
MDA,Republic of Moldova,40697000,0,0,0,0,0,0,0,0,0,0,0,0,0,0,0,0,0,0,0,0,37334000.0,0,0,0,0,0,0,0,0,0,0,0,0,0,0,0
ROU,Romania,73993000,0,0,0,0,0,0,0,0,0,0,0,0,0,0,0,0,0,0,0,0,0.0,0,0,0,0,0,0,0,0,0,0,0,0,0,0,0
RUS,Russian Federation,497395000,0,0,0,0,0,0,0,0,0,0,0,0,0,0,0,0,0,0,0,0,2497984000.0,0,0,0,0,0,0,0,0,0,0,0,0,0,0,0
RWA,Rwanda,5541000,0,0,0,0,0,0,0,0,0,0,0,0,0,0,0,0,0,0,0,0,6445000.0,0,0,0,0,0,0,0,0,0,0,0,0,0,0,0
KNA,Saint Kitts and Nevis,90000,0,0,0,0,0,0,0,0,0,0,0,0,0,0,0,0,0,0,0,0,16000.0,0,0,0,0,0,0,0,0,0,0,0,0,0,0,0
LCA,Saint Lucia,465000,0,0,0,0,0,0,0,0,0,0,0,0,0,0,0,0,0,0,0,0,1127000.0,0,0,0,0,0,0,0,0,0,0,0,0,0,0,0
VCT,Saint Vincent and the Grenadines,251000,0,0,0,0,0,0,0,0,0,0,0,0,0,0,0,0,0,0,0,0,454000.0,0,0,0,0,0,0,0,0,0,0,0,0,0,0,0
WSM,Samoa,376000,0,0,0,0,0,0,0,0,0,0,0,0,0,0,0,0,0,0,0,0,451000.0,0,0,0,0,0,0,0,0,0,0,0,0,0,0,0
STP,Sao Tome and Principe,295000,0,0,0,0,0,0,0,0,0,0,0,0,0,0,0,0,0,0,0,0,935000.0,0,0,0,0,0,0,0,0,0,0,0,0,0,0,0
SAU,Saudi Arabia,200740000,0,0,0,0,0,0,0,0,0,0,0,0,0,0,0,0,0,0,0,0,637188000.0,0,0,0,0,0,0,0,0,0,0,0,0,0,0,0
SEN,Senegal,79364000,0,0,0,0,0,0,0,0,0,0,0,0,0,0,0,0,0,0,0,0,84409000.0,0,0,0,0,0,0,0,0,0,0,0,0,0,0,0
SRB,Serbia,15417000,0,0,0,0,0,0,0,0,0,0,0,0,0,0,0,0,0,0,0,0,71543000.0,0,0,0,0,0,0,0,0,0,0,0,0,0,0,0
SYC,Seychelles,130000,0,0,0,0,0,0,0,0,0,0,0,0,0,0,0,0,0,0,0,0,376000.0,0,0,0,0,0,0,0,0,0,0,0,0,0,0,0
SLE,Sierra Leone,23729000,0,0,0,0,0,0,0,0,0,0,0,0,0,0,0,0,0,0,0,0,22616000.0,0,0,0,0,0,0,0,0,0,0,0,0,0,0,0
SGP,Singapore,3788000,0,0,0,0,0,0,0,0,0,0,0,0,0,0,0,0,0,0,0,0,50775000.0,0,0,0,0,0,0,0,0,0,0,0,0,0,0,0
SVK,Slovakia,12853000,0,0,0,0,0,0,0,0,0,0,0,0,0,0,0,0,0,0,0,0,0.0,0,0,0,0,0,0,0,0,0,0,0,0,0,0,0
SVN,Slovenia,4028000,0,0,0,0,0,0,0,0,0,0,0,0,0,0,0,0,0,0,0,0,39629000.0,0,0,0,0,0,0,0,0,0,0,0,0,0,0,0
SLB,Solomon Islands,245000,0,0,0,0,0,0,0,0,0,0,0,0,0,0,0,0,0,0,0,0,349000.0,0,0,0,0,0,0,0,0,0,0,0,0,0,0,0
SOM,Somalia,3741000,0,0,0,0,0,0,0,0,0,0,0,0,0,0,0,0,0,0,0,0,4822000.0,0,0,0,0,0,0,0,0,0,0,0,0,0,0,0
ZAF,South Africa,170252000,0,0,0,0,0,0,0,0,0,0,0,0,0,0,0,0,0,0,0,0,967966000.0,0,0,0,0,0,0,0,0,0,0,0,0,0,0,0
SSD,South Sudan,15000000,0,0,0,0,0,0,0,0,0,0,0,0,0,0,0,0,0,0,0,0,20294000.0,0,0,0,0,0,0,0,0,0,0,0,0,0,0,0
ESP,Spain,0,0,0,0,0,0,0,0,0,0,0,0,0,0,0,0,0,0,0,0,0,696387000.0,0,0,0,0,0,0,0,0,0,0,0,0,0,0,0
LKA,Sri Lanka,20411000,0,0,0,0,0,0,0,0,0,0,0,0,0,0,0,0,0,0,0,0,176862000.0,0,0,0,0,0,0,0,0,0,0,0,0,0,0,0
SDN,Sudan,50015000,0,0,0,0,0,0,0,0,0,0,0,0,0,0,0,0,0,0,0,0,34000000.0,0,0,0,0,0,0,0,0,0,0,0,0,0,0,0
SUR,Suriname,6047000,0,0,0,0,0,0,0,0,0,0,0,0,0,0,0,0,0,0,0,0,5962000.0,0,0,0,0,0,0,0,0,0,0,0,0,0,0,0
SWE,Sweden,9699000,0,0,0,0,0,0,0,0,0,0,0,0,0,0,0,0,0,0,0,0,107186000.0,0,0,0,0,0,0,0,0,0,0,0,0,0,0,0
CHE,Switzerland,11829000,0,0,0,0,0,0,0,0,0,0,0,0,0,0,0,0,0,0,0,0,80073000.0,0,0,0,0,0,0,0,0,0,0,0,0,0,0,0
SYR,Syrian Arab Republic,18498000,0,0,0,0,0,0,0,0,0,0,0,0,0,0,0,0,0,0,0,0,99475000.0,0,0,0,0,0,0,0,0,0,0,0,0,0,0,0
TJK,Tajikistan,9037000,0,0,0,0,0,0,0,0,0,0,0,0,0,0,0,0,0,0,0,0,2779000.0,0,0,0,0,0,0,0,0,0,0,0,0,0,0,0
THA,Thailand,280609000,0,0,0,0,0,0,0,0,0,0,0,0,0,0,0,0,0,0,0,0,1272360000.0,0,0,0,0,0,0,0,0,0,0,0,0,0,0,0
TLS,Timor-Leste,1146000,0,0,0,0,0,0,0,0,0,0,0,0,0,0,0,0,0,0,0,0,1460000.0,0,0,0,0,0,0,0,0,0,0,0,0,0,0,0
TGO,Togo,26297000,0,0,0,0,0,0,0,0,0,0,0,0,0,0,0,0,0,0,0,0,50196000.0,0,0,0,0,0,0,0,0,0,0,0,0,0,0,0
TKL,Tokelau,5000,0,0,0,0,0,0,0,0,0,0,0,0,0,0,0,0,0,0,0,0,6000.0,0,0,0,0,0,0,0,0,0,0,0,0,0,0,0
TON,Tonga,340000,0,0,0,0,0,0,0,0,0,0,0,0,0,0,0,0,0,0,0,0,371000.0,0,0,0,0,0,0,0,0,0,0,0,0,0,0,0
TTO,Trinidad and Tobago,38070000,0,0,0,0,0,0,0,0,0,0,0,0,0,0,0,0,0,0,0,0,32486000.0,0,0,0,0,0,0,0,0,0,0,0,0,0,0,0
TUN,Tunisia,96087000,0,0,0,0,0,0,0,0,0,0,0,0,0,0,0,0,0,0,0,0,87801000.0,0,0,0,0,0,0,0,0,0,0,0,0,0,0,0
TUR,Türkiye,342567000,0,0,0,0,0,0,0,0,0,0,0,0,0,0,0,0,0,0,0,0,916126000.0,0,0,0,0,0,0,0,0,0,0,0,0,0,0,0
TKM,Turkmenistan,15760000,0,0,0,0,0,0,0,0,0,0,0,0,0,0,0,0,0,0,0,0,16049000.0,0,0,0,0,0,0,0,0,0,0,0,0,0,0,0
TUV,Tuvalu,55000,0,0,0,0,0,0,0,0,0,0,0,0,0,0,0,0,0,0,0,0,66000.0,0,0,0,0,0,0,0,0,0,0,0,0,0,0,0
UGA,Uganda,34762000,0,0,0,0,0,0,0,0,0,0,0,0,0,0,0,0,0,0,0,0,51733000.0,0,0,0,0,0,0,0,0,0,0,0,0,0,0,0
UKR,Ukraine,191968000,0,0,0,0,0,0,0,0,0,0,0,0,0,0,0,0,0,0,0,0,754120000.0,0,0,0,0,0,0,0,0,0,0,0,0,0,0,0
ARE,United Arab Emirates,24872000,0,0,0,0,0,0,0,0,0,0,0,0,0,0,0,0,0,0,0,0,41368000.0,0,0,0,0,0,0,0,0,0,0,0,0,0,0,0
GBR,United Kingdom of Great Britain and Northern Ireland,176000000,0,0,0,0,0,0,0,0,0,0,0,0,0,0,0,0,0,0,0,0,1149000000.0,0,0,0,0,0,0,0,0,0,0,0,0,0,0,0
TZA,United Republic of Tanzania,38551000,0,0,0,0,0,0,0,0,0,0,0,0,0,0,0,0,0,0,0,0,106411000.0,0,0,0,0,0,0,0,0,0,0,0,0,0,0,0
USA,United States of America,1530000000,0,0,0,0,0,0,0,0,0,0,0,0,0,0,0,0,0,0,0,0,9346660000.0,0,0,0,0,0,0,0,0,0,0,0,0,0,0,0
URY,Uruguay,43894000,0,0,0,0,0,0,0,0,0,0,0,0,0,0,0,0,0,0,0,0,29663000.0,0,0,0,0,0,0,0,0,0,0,0,0,0,0,0
UZB,Uzbekistan,73350000,0,0,0,0,0,0,0,0,0,0,0,0,0,0,0,0,0,0,0,0,28149000.0,0,0,0,0,0,0,0,0,0,0,0,0,0,0,0
VUT,Vanuatu,543000,0,0,0,0,0,0,0,0,0,0,0,0,0,0,0,0,0,0,0,0,690000.0,0,0,0,0,0,0,0,0,0,0,0,0,0,0,0
VEN,Venezuela (Bolivarian Republic of),124761000,0,0,0,0,0,0,0,0,0,0,0,0,0,0,0,0,0,0,0,0,258563000.0,0,0,0,0,0,0,0,0,0,0,0,0,0,0,0
VNM,Viet Nam,382597000,0,0,0,0,0,0,0,0,0,0,0,0,0,0,0,0,0,0,0,0,618514000.0,0,0,0,0,0,0,0,0,0,0,0,0,0,0,0
YEM,Yemen,69601000,0,0,0,0,0,0,0,0,0,0,0,0,0,0,0,0,0,0,0,0,192581000.0,0,0,0,0,0,0,0,0,0,0,0,0,0,0,0
ZMB,Zambia,39690000,0,0,0,0,0,0,0,0,0,0,0,0,0,0,0,0,0,0,0,0,49609000.0,0,0,0,0,0,0,0,0,0,0,0,0,0,0,0
ZWE,Zimbabwe,17000000,0,0,0,0,0,0,0,0,0,0,0,0,0,0,0,0,0,0,0,0,58444000.0,0,0,0,0,0,0,0,0,0,0,0,0,0,0,0