iso3,country,population,aq_kcals,aq_fat,aq_protein,grasses_baseline,grasses_y1,grasses_y2,grasses_y3,grasses_y4,grasses_y5,grasses_y6,grasses_y7,grasses_y8,grasses_y9,grasses_y10,dairy,chicken,pork,beef,small_animals,medium_animals,large_animals,dairy_cows,biofuel_kcals,biofuel_fat,biofuel_protein,feed_kcals,feed_fat,feed_protein,crop_kcals,crop_fat,crop_protein,seasonality_m1,seasonality_m2,seasonality_m3,seasonality_m4,seasonality_m5,seasonality_m6,seasonality_m7,seasonality_m8,seasonality_m9,seasonality_m10,seasonality_m11,seasonality_m12,stocks_kcals,stocks_fat,stocks_protein,wood_pulp_tonnes,percent_of_global_production,capex_dollar,percent_of_global_capex,crop_area_1000ha,Latitude,above_lat_23_boolean,fraction_crop_area_below_lat_23
AFG,Afghanistan,38928341.0,1550.0,980.0,230.0,32666284.94,22600812.689999998,7993586.591,4951267.146,4303001.27,4330806.382,5985133.924,7639461.466,10244240.45,14018241.110000001,17609321.46,2112000.0,27938.0,0.0,116008.0,13724000.0,21581280.0,6987358.0,3447771.0,350000.0,160000.0,0.0,0.69,0.07,0.13,5803280.21928419,198175.486927127,782990.744905702,0.0,0.0,0.0,0.0,0.0012138957069364428,0.0012138957069364428,0.25,0.25,0.24878610429306355,0.24878610429306355,0.0,0.0,432.73241666666667,29.818626666666653,69.20391666666671,0.0,0.0,0.0,0.0,8010.0,33.0,0.0,0.0
AGO,Angola,32866267.999999996,99180.0,56600.00000000001,17510.0,47587402.86,33772910.519999996,11821813.48,7458777.551999999,6242616.856,5996019.701,7867188.085,9738356.47,12757726.860000001,17597132.01,22317444.87,218000.0,52216.0,149772.0,104876.0,47306000.0,9624215.0,5125488.0,440852.0,220000.0,20000.0,0.0,1.15,0.05,0.11,6501002.99720404,265094.383267902,509821.504672684,0.0,0.0,0.0,0.0,0.24965875392283504,0.24965875392283504,0.25,0.25,0.0003412460771649327,0.0003412460771649327,0.0,0.0,1170.343875,69.28949333333333,76.35629666666668,0.0,0.0,0.7705532755753859,0.001675479002,5215.0,-12.5,1.0,0.00710563843
ALB,Albania,2837743.0,2110.0,1240.0,340.0,1259704.0380000002,820648.3179,297640.6162,176185.2156,167488.4793,185781.832,281896.6607,378011.4893,524957.7049,709989.9,879127.8964000001,1112000.0,12234.0,9002.0,32870.0,7195000.0,2490594.0,490315.0,296311.0,160000.0,20000.0,20000.0,0.6,0.03,0.08,873341.868513668,56707.8428779534,100249.142000434,0.15333111296428734,0.15333111296428734,0.15333111296428734,0.15333111296428734,0.0014630338675128164,0.0014630338675128164,0.09666888703571265,0.09666888703571265,0.09520585316819984,0.09520585316819984,0.0,0.0,220.33920833333343,4.337226666666667,25.03057999999999,0.0,0.0,0.08170122187253445,0.0001776498602,696.0,41.0,0.0,0.0
ARE,United Arab Emirates,9890400.0,14180.0,7710.0,2700.0,336734.402,231999.2806,82196.67864,50756.118460000005,44386.50034,45003.673370000004,62677.355149999996,80351.03694,108094.4363,147756.1337,185362.54679999998,163000.0,51156.0,0.0,18086.0,24631000.0,4384237.0,612405.0,40848.0,650000.0,230000.0,0.0,1.51,0.05,0.26,156366.363458113,2738.50806970738,8886.90565743453,0.0,0.0,0.0,0.0,0.0,0.0,0.0,0.0,0.0,0.0,0.0,0.0,946.3395,175.84788,186.70959999999997,0.0,0.0,1.9211245963317332,0.004177263303,90.0,24.0,1.0,0.0001226284676
ARG,Argentina,45376763.0,131160.0,81030.0,18720.0,98377776.80000001,66805145.529999994,23810852.279999997,14546294.1,12997333.290000001,13507163.18,19288993.43,25070823.68,34065863.58,46408872.27,57982268.33,10340000.0,2219238.0,655382.0,3168472.0,125426000.0,24644554.0,57157053.0,1643664.0,10070000.0,3140000.0,290000.0,54.04,2.34,19.46,124125613.039803,13331843.744063,28453376.2435613,0.16987450730510412,0.03747429357812374,0.1114670277457888,0.07574032835632669,0.08012549269489588,0.08012549269489588,0.0061327585272308305,0.004385164338569202,0.0,0.13240021372698038,0.13240021372698038,0.16987450730510412,78465.33675,10340.234586666667,18687.291213333323,544000.0,0.003667577367,2.169215255336841,0.004716707755,33701.0,-34.0,0.0,0.0
ARM,Armenia,2963234.0,2890.0,1860.0,400.0,1471567.262,999176.4809,356146.2037,217554.3846,194421.9688,202087.73500000002,288648.508,375209.2811,509866.8791,694588.4125,867777.5173,668000.0,12300.0,16200.0,68300.0,4637000.0,885782.0,592822.0,251716.0,60000.0,10000.0,10000.0,0.41,0.01,0.06,398832.068567172,11046.3666672746,47090.5735291159,0.09255759604148935,0.09255759604148935,0.09255759604148935,0.09255759604148935,0.001573751916370823,0.001573751916370823,0.15744240395851064,0.15744240395851064,0.15586865204213982,0.15586865204213982,0.0,0.0,144.38770833333345,2.613813333333333,21.42257999999999,0.0,0.0,0.05979184235728525,0.0001300104477,505.0,40.0,0.0,0.0
AUS,Australia,25687041.0,44780.0,27880.0,6460.0,302420572.6,214920839.0,75189194.09,47485590.31,39663264.4,37997294.88,49703194.669999994,61409094.449999996,80330507.14,110858528.30000001,140680445.10000002,8795000.0,1246544.0,402704.0,2371600.0,103129000.0,69668057.0,23751235.0,1393782.0,1000000.0,180000.0,20000.0,12.4,0.73,2.23,29873347.2250715,1856768.60120116,4175497.13769936,0.20909331715944726,0.0651380611811259,0.005182267607279866,0.0054740454502380555,0.0054740454502380555,0.0054740454502380555,0.035724415233272855,0.035432637390314665,0.035432637390314665,0.17938789336863603,0.20909331715944726,0.20909331715944726,16542.947416666673,425.78579333333334,2516.437289999999,1047000.0,0.007058738058,4.3519872606675225,0.009462893096,30920.0,-27.0,1.0,0.04212969132
AZE,Azerbaijan,10110116.0,280.00000000000006,179.99999999999997,40.0,4377021.443,2859658.489,1035904.47,614556.3624999999,581712.5449,642501.6399999999,971260.7243,1300019.808,1803115.969,2439675.179,3022431.614,2151000.0,115388.0,483.0,143082.0,31193000.0,8095527.0,2734790.0,1278208.0,500000.0,190000.0,20000.0,2.11,0.1,0.36,3236292.98334411,114234.908087982,422127.088806949,0.0004817789540857872,0.0004817789540857872,0.0004817789540857872,0.0004817789540857872,0.003317413768352838,0.003317413768352838,0.2495182210459142,0.2495182210459142,0.24620080727756138,0.24620080727756138,0.0,0.0,655.9203750000003,12.093680000000003,93.88054833333327,0.0,0.0,0.3471746811728543,0.0007548912019,2356.0,40.5,0.0,0.0
BDI,Burundi,11890781.0,3520.0,2220.0,510.00000000000006,1971590.717,1223839.056,453212.2053,258198.9047,263987.5971,313112.5786,502004.9826,690897.3866,976220.9241000001,1312820.477,1614023.466,108000.0,6653.0,10061.0,10514.0,3122000.0,4959781.0,628022.0,135113.0,0.0,0.0,0.0,0.0,0.0,0.0,2227312.88495377,70702.6886757677,215521.09374398,0.22746759484363696,0.22746759484363696,0.22746759484363696,0.22746759484363696,0.022532405156363036,0.022532405156363036,0.022532405156363036,0.022532405156363036,0.0,0.0,0.0,0.0,70.10249999999998,1.2108666666666665,4.3441333333333345,0.0,0.0,0.00789950192380594,1.717655355e-05,1550.0,-3.5,1.0,0.00211193472
BEN,Benin,12123198.0,9260.0,5780.0,1360.0,3908404.227,2383047.404,889454.4352000001,499371.17230000003,524631.5653,636577.1278,1038359.14,1440141.152,2045074.4440000001,2745734.0020000003,3368749.486,153000.0,15508.0,7087.0,44064.0,22690000.0,3549000.0,2593841.0,623376.0,900000.0,220000.0,50000.0,1.23,0.08,0.21,4922037.0049043,319332.173795276,473570.074107678,0.2482756450380824,0.0,0.0,0.0,0.0017243549619176206,0.0017243549619176206,0.0017243549619176206,0.0017243549619176206,0.0,0.2482756450380824,0.2482756450380824,0.2482756450380824,704.6138333333337,49.550293333333336,39.27121333333333,0.0,0.0,0.06227584816591007,0.0001354116311,3400.0,9.5,1.0,0.004632630999
BFA,Burkina Faso,20903278.0,3850.0,2440.0,560.0000000000001,11109200.76,7242203.904,2625902.74,1555205.4109999998,1476911.507,1636550.343,2481008.562,3325466.781,4616811.644,6244719.384,7733324.521,449000.0,45297.0,40538.0,108296.0,39847000.0,29762094.0,11639511.0,1660000.0,50000.0,0.0,10000.0,0.63,0.03,0.15,5762894.31962412,486288.959792511,688060.749455227,0.24573277412354227,0.0,0.0,0.0,0.004267225876457715,0.004267225876457715,0.004267225876457715,0.004267225876457715,0.0,0.24573277412354227,0.24573277412354227,0.24573277412354227,2.0,13.093280000000007,53.51003333333334,0.0,0.0,0.05934970403127388,0.0001290490691,6100.0,13.0,1.0,0.008311485028
BGD,Bangladesh,165000000.0,704870.0,450440.0,100140.0,9439788.824,5678722.985,2132213.895,1183813.533,1269465.3229999999,1565872.75,2585130.3819999998,3604388.014,5135740.216,6887711.068,8438789.297,3650000.0,210615.0,0.0,193671.0,356318000.0,62301162.0,25884000.0,4105199.0,14230000.0,1970000.0,1080000.0,11.71,0.92,2.17,59347706.7216687,836398.369772474,4791457.81728403,0.0,0.0,0.0,0.0,0.2414337375867871,0.2414337375867871,0.25,0.25,0.008566262413212846,0.008566262413212846,0.0,0.0,9601.773708333334,430.39586666666673,874.3506383333336,11000.0,7.416057177e-05,1.4698963184487615,0.003196119587,8797.0,24.0,1.0,0.01198625144
BHR,Bahrain,1701583.0,0.0,0.0,0.0,8355.640474,5392.958511,1963.7424210000001,1154.030934,1112.492028,1250.889007,1920.431451,2589.9738939999997,3610.725915,4877.167247,6029.426117,12000.0,9125.0,0.0,853.0,9907000.0,85602.0,8905.0,5124.0,0.0,0.0,0.0,0.0,0.0,0.0,6719.93652699956,199.956318275946,410.880142094552,0.0,0.0,0.0,0.0,0.0,0.0,0.0,0.0,0.0,0.0,0.0,0.0,41.7295,0.70016,5.2668,0.0,0.0,0.20268181406639435,0.0004407081694,5.0,26.0,1.0,6.812692646e-06
BIH,Bosnia and Herzegovina,3280815.0,700.0,440.0,100.0,2035313.434,1326392.257,480997.0782,284798.393,270598.24689999997,299997.8086,454996.3477,609994.8868,846992.6954,1145590.212,1418588.02,656000.0,65932.0,7621.0,14465.0,16847000.0,1632534.0,441155.0,207622.0,970000.0,140000.0,70000.0,1.05,0.04,0.17,1960998.77427951,96361.1660536801,240918.675663442,0.19102857240342735,0.0,0.0,0.0,0.0,0.0,0.0589714275965726,0.0589714275965726,0.0589714275965726,0.25,0.19102857240342735,0.19102857240342735,717.3747916666669,21.20612,69.37067333333333,70000.0,0.0004719309113,0.08772910598505222,0.0001907567972,1121.0,44.0,0.0,0.0
BLR,Belarus,9398861.0,1919.9999999999998,1210.0,280.00000000000006,8019548.670999999,5041765.351,1856755.082,1068705.706,1071839.351,1250095.079,1977957.551,2705820.024,3808167.1569999997,5127850.073,6314624.603,7394000.0,512515.0,402700.0,340500.0,49491000.0,3020100.0,4335071.0,1485200.0,310000.0,110000.0,10000.0,6.37,0.43,1.19,10075758.1120216,582678.3082996,1347850.96738324,0.03347982605202105,0.0,0.0,0.0,0.0,0.0,0.21652017394797898,0.21652017394797898,0.21652017394797898,0.25,0.03347982605202105,0.03347982605202105,1768.1972083333333,123.25156666666666,189.8168833333334,251000.0,0.00169220941,0.37130615948674245,0.0008073623112,5820.0,53.0,0.0,0.0
BOL,Bolivia (Plurinational State of),11673029.0,1810.0,1140.0,260.00000000000006,31839183.400000002,22425701.77,7874004.802,4940976.614,4181937.1279999996,4074681.6840000004,5434971.756,6795261.828,8971313.375,12341614.719999999,15602597.77,598000.0,471127.0,113397.0,276447.0,237239000.0,13088705.0,11369427.0,196740.0,360000.0,70000.0,0.0,3.4,0.09,1.19,6559322.16865597,689306.394723344,1476123.49429671,0.0215662875792561,0.0,0.15627547488354437,0.1709787260554301,0.1709787260554301,0.1709787260554301,0.0721582375371995,0.05745498636531373,0.05745498636531373,0.07902127394456983,0.0215662875792561,0.0215662875792561,3247.6420833333336,501.23332666666687,826.8872049999999,0.0,0.0,0.17692354369374994,0.0003846997888,4787.0,-17.0,1.0,0.006522471939
BRA,Brazil,213000000.0,221460.00000000003,135910.0,33770.0,206297855.1,141030715.39999998,50127406.44,30776064.64,27226674.0,27977581.54,39504877.910000004,51032174.28,69035561.3,94189016.36,117891943.10000001,36256000.0,13787480.0,4482048.0,10100000.0,1514175000.0,73854230.0,227758946.0,16167625.0,59090000.0,5870000.0,980000.0,88.81,3.34,23.87,287198421.416239,28232014.9039455,61413310.0432751,0.12714779382769076,0.0002766891597212747,0.07904459825746364,0.12285220617230927,0.12285220617230927,0.12285220617230927,0.0440842970745669,0.0,0.0,0.12687110466796947,0.12687110466796947,0.12714779382769076,141113.49016666668,14850.190300000002,27890.63239833334,20383000.0,0.1374195395,7.251277152112618,0.01576706373,63518.0,-10.0,1.0,0.0865457223
BRB,Barbados,287371.0,300.0,179.99999999999997,50.0,9773.127202,6024.898002,2237.8782840000003,1267.819358,1309.850258,1567.449809,2530.224568,3492.999326,4945.380642,6646.207321000001,8164.342062,5000.0,15735.0,2848.0,146.0,4333000.0,39268.0,17476.0,3127.0,0.0,0.0,0.0,0.05,0.0,0.01,10371.3119413624,517.99217526929,757.514863236312,0.25,0.0,0.0,0.0,0.0,0.0,0.0,0.0,0.0,0.25,0.25,0.25,9.409333333333329,0.4991466666666666,0.876,0.0,0.0,0.018534413667387336,4.030093946e-05,8.0,13.1667,1.0,1.090030823e-05
BRN,Brunei Darussalam,437483.0,0.0,0.0,0.0,12625.03372,7827.012913,2900.0875810000002,1650.527622,1690.73748,2008.62733,3224.4245450000003,4440.221761,6276.246351,8439.266001,10373.92073,0.0,26326.0,31.0,1910.0,19668000.0,11446.0,2883.0,105.0,0.0,0.0,0.0,0.0,0.0,0.0,4904.88948677188,136.406604960269,395.185540446773,0.25,0.25,0.25,0.25,0.0,0.0,0.0,0.0,0.0,0.0,0.0,0.0,0.8958333333333333,0.0041199999999999995,0.023766666666666665,0.0,0.0,0.10687429014647881,0.0002323857865,10.0,4.5,1.0,1.362538529e-05
BTN,Bhutan,771612.0,0.0,0.0,0.0,439256.8746,304922.1839,107699.506,66872.39950999999,57830.66248,57861.61577,79463.42353999999,101065.2313,135165.20320000002,185126.90660000002,232804.9607,192000.0,1835.0,879.0,3900.0,1384000.0,72489.0,319057.0,129339.0,0.0,0.0,0.0,0.0,0.0,0.0,155762.29138708,7357.65813996022,14627.0247970544,0.24016307521298977,0.0,0.0,0.0,0.0,0.0,0.009836924787010265,0.009836924787010265,0.009836924787010265,0.25,0.24016307521298977,0.24016307521298977,22.991374999999998,0.42144000000000037,1.6554666666666664,0.0,0.0,0.026825092102067474,5.83280611e-05,100.0,27.5,1.0,0.0001362538529
BWA,Botswana,2351625.0,10.0,10.0,0.0,21188125.87,15308142.809999999,5320105.582,3399482.728,2771241.432,2569805.214,3230953.896,3892102.577,4989031.079,6933586.577,8872158.915,291000.0,3696.0,344.0,28277.0,906000.0,1535138.0,1202999.0,192361.0,20000.0,0.0,0.0,0.06,0.0,0.01,190879.629686441,6883.92439800077,23418.5349395696,0.0,0.0,0.0,0.0,0.25,0.25,0.25,0.25,0.0,0.0,0.0,0.0,6.494166666666667,0.05926666666666667,0.16946666666666665,0.0,0.0,0.08904593388575023,0.0001936200872,262.0,-22.0,1.0,0.0003569850946
CAF,Central African Republic,4829764.0,5030.000000000001,3180.0,730.0,4527775.877,3031412.674,1086860.301,656951.2477,599513.4408,637610.9791,931178.1159,1224745.253,1678246.643,2279886.118,2838592.987,81000.0,6860.0,19726.0,99158.0,7299000.0,8179770.0,4679444.0,327246.0,20000.0,10000.0,0.0,0.03,0.0,0.01,765919.96351628,74421.1174173716,74980.5893182575,0.22696913864578536,0.0,0.0,0.0,0.023030861354214647,0.023030861354214647,0.023030861354214647,0.023030861354214647,0.0,0.22696913864578536,0.22696913864578536,0.22696913864578536,28.813333333333336,0.4977066666666665,1.7856,0.0,0.0,0.009751157902432547,2.120276537e-05,1880.0,7.0,1.0,0.002561572435
CAN,Canada,38005238.0,154350.0,96660.0,20850.0,59825676.92,38216616.370000005,13977546.11,8147870.909999999,7977442.736,9102497.94,14148117.57,19193737.2,26864437.880000003,36239706.870000005,44728577.42,9210000.0,1304676.0,2299446.0,1381940.0,179246000.0,14795922.0,11668251.0,980700.0,10100000.0,600000.0,930000.0,28.18,1.0,6.65,94148854.0651903,12281417.1135154,15791895.4075712,0.0,0.0,0.0,0.0,0.0005333519456535088,0.0005333519456535088,0.0005333519456535088,0.19121631793731084,0.2494666480543465,0.2494666480543465,0.2494666480543465,0.05878368206268916,32825.48491666665,1637.0210266666672,5171.409766666665,8548486.0,0.05763278268,4.581579806977099,0.009962115541,38815.0,60.0,0.0,0.0
CHE,Switzerland,8636896.0,630.0,400.0,89.99999999999999,1420219.129,972645.6214999999,345456.8641,212377.98760000002,187383.70750000002,191962.5111,270211.4911,348460.4711,470806.5439,642616.1113,804743.006,3822000.0,103386.0,223986.0,143663.0,12448000.0,1663388.0,1595857.0,544588.0,310000.0,50000.0,0.0,1.95,0.08,0.35,1393170.34841744,75990.8440144224,171082.704927806,0.0008165905817445011,0.0,0.0,0.0,0.06786612308668799,0.06786612308668799,0.24918340941825548,0.24918340941825548,0.18131728633156752,0.182133876913312,0.0008165905817445011,0.0008165905817445011,411.46900000000005,8.697739999999998,42.094231666666644,0.0,0.0,5.176054958439276,0.01125473302,424.0,47.0,0.0,0.0
CHL,Chile,19116209.0,549920.0,332100.0,83670.00000000001,13138447.03,9295964.845,3257966.832,2051063.2649999997,1724396.538,1665930.6039999998,2200592.102,2735253.6,3594841.738,4953014.231,6273369.492,2151000.0,695709.0,574369.0,223350.0,146508000.0,4968500.0,3520062.0,586779.0,900000.0,300000.0,0.0,4.54,0.33,0.88,4281936.79355933,304387.507096893,467760.040260801,0.12071500209978625,0.12071500209978625,0.21745059893213975,0.10531070413315013,0.12928499790021372,0.12928499790021372,0.03254940106786027,0.023974293767063587,0.0,0.0,0.0,0.12071500209978625,1935.534916666667,92.78657333333334,203.479805,4947000.0,0.03335203169,1.3499180416408083,0.002935240696,1656.0,-30.0,0.0,0.0
CHN,China,1400000000.0,9015860.0,5732470.0,1171980.0,459069417.9,314577666.2,111702725.9,68701237.62,60564090.35,61982829.38,87160852.62,112338875.9,151720297.0,207115149.70000002,259411661.3,36350000.0,15823712.0,42102311.0,6048629.0,5975507000.0,718851563.0,95384281.0,12176566.0,128960000.00000001,30310000.0,7850000.0,387.5,18.97,79.34,702706545.489582,35009324.4209551,82964408.5451369,0.13088893874523672,0.0,0.0,0.0,0.0,0.0,0.11911106125476326,0.11911106125476326,0.11911106125476326,0.25,0.13088893874523672,0.13088893874523672,511730.1498749998,15503.99244666666,53620.575956666675,10475201.0,0.07062244505,109.4618984718859,0.2380122416,135675.0,35.0,0.0,0.0
CIV,C?te d'Ivoire,26378275.0,14000.0,9090.0,2160.0,18926320.98,12652843.21,4539248.147,2740696.07,2506562.587,2672107.3430000003,3911046.486,5149985.6280000005,7062640.916,9591960.746000001,11938588.64,34000.0,72832.0,11938.0,34109.0,84375000.0,6359543.0,1756473.0,318800.0,330000.0,120000.0,10000.0,1.3,0.04,0.12,10874322.6285017,1485311.33841078,618253.364881009,0.22853552536514501,0.0,0.0,0.0,0.021464474634854985,0.021464474634854985,0.021464474634854985,0.021464474634854985,0.0,0.22853552536514501,0.22853552536514501,0.22853552536514501,1670.1451666666662,118.27168,111.79197333333337,0.0,0.0,0.2646926300300524,0.0005755435187,8000.0,8.280000029,1.0,0.01090030823
CMR,Cameroon,26545864.0,42720.0,25150.0,7010.0,9518795.067,5873606.24,2180787.054,1236419.1809999999,1275595.52,1524631.386,2458860.53,3393089.673,4802652.566,6454951.699,7930268.016,252000.0,85298.0,32773.0,80779.0,55473000.0,11119275.0,6113099.0,301807.0,690000.0,180000.0,20000.0,1.59,0.06,0.24,9186215.25456992,850580.230271374,783094.997014292,0.23935256818320833,0.0,0.0,0.0,0.01064743181679168,0.01064743181679168,0.01064743181679168,0.01064743181679168,0.0,0.23935256818320833,0.23935256818320833,0.23935256818320833,1198.4575000000004,51.28834666666667,75.56197333333333,0.0,0.0,0.15022832368662353,0.0003266541196,7750.0,6.0,1.0,0.0105596736
COD,Congo,5518092.0,17270.0,10330.0,2850.0,8811376.771,6297853.123,2198207.692,1393945.737,1154541.0529999998,1093861.248,1412143.177,1730425.105,2248943.887,3110571.11,3957857.016,4000.0,10406.0,25633.0,21015.0,18668000.0,6024979.0,1267642.0,9093.0,130000.0,50000.0,0.0,0.04,0.0,0.0,17705535.6697096,650127.293563283,920575.842192025,0.03626046119573725,0.0,0.0,0.0,0.21373953880426272,0.21373953880426272,0.21373953880426272,0.21373953880426272,0.0,0.03626046119573725,0.03626046119573725,0.03626046119573725,50.185833333333335,0.4710666666666667,2.5827999999999998,0.0,0.0,0.15645396000463602,0.0003401910459,628.0,-1.0,1.0,0.0008556741963
COG,Democratic Republic of the Congo,89561404.0,41610.0,26160.0,6110.0,28404409.459999997,18819132.65,6776979.497,4063914.0659999996,3767009.616,4073008.5949999997,6040402.454,8007796.312000001,11033681.62,14961648.440000001,18585889.91,8000.0,6821.0,1779.0,5833.0,2977000.0,561939.0,352070.0,2970.0,0.0,0.0,0.0,0.06,0.0,0.02,687248.066301852,39479.6929061927,35394.0722069281,0.0,0.0,0.0,0.0,0.03221965279970842,0.03221965279970842,0.25,0.25,0.21778034720029157,0.21778034720029157,0.0,0.0,539.4264583333327,43.139700000000005,32.92696666666666,0.0,0.0,0.23503603768240916,0.0005110586877,13300.0,-0.756998889,1.0,0.01812176244
COL,Colombia,50882884.0,33860.0,20840.0,5190.0,42589209.23,29541288.52,10437432.21,6477058.951,5607818.232,5618660.461999999,7727831.363,9837002.264999999,13164418.89,18026559.560000002,22663258.38,6825000.0,1619784.0,439682.0,743901.0,202145000.0,9428048.0,30468092.0,3496794.0,3120000.0,1030000.0,10000.0,7.19,0.43,1.3,12122155.0704211,1246349.820892,747339.828077717,0.1820120564204866,0.0,0.0,0.06765801365996452,0.06765801365996452,0.06765801365996452,0.06798794357951338,0.0003299299195488552,0.0003299299195488552,0.18234198634003546,0.1820120564204866,0.1820120564204866,4146.659708333333,546.1809066666667,230.93576666666667,167000.0,0.001125892317,1.5908426694946183,0.003459103442,9872.0,4.0,1.0,0.01345098036
CPV,Cabo Verde,555988.0,3839.9999999999995,2230.0,650.0,75366.97723,47473.54096,17468.69212,10070.10943,10070.25637,11714.53279,18496.82405,25279.115319999997,35555.291939999996,47886.55695,58984.65138,9000.0,756.0,2457.0,695.0,1000000.0,220711.0,47986.0,6747.0,30000.0,0.0,0.0,0.01,0.0,0.0,15432.2992158343,1402.90475701598,2114.20677890078,0.25,0.0,0.0,0.0,0.0,0.0,0.0,0.0,0.0,0.25,0.25,0.25,2.495,0.02488,0.07439999999999997,0.0,0.0,0.0,0.0,54.0,16.0,1.0,7.357708058e-05
CRI,Costa Rica,5094114.0,6110.0,3839.9999999999995,890.0000000000001,1566680.572,1058713.204,378113.5378,230154.2266,207142.0953,217009.81089999998,312367.9497,407726.0885,555694.8035,756269.3929,943690.1627,1189000.0,137500.0,67607.0,89744.0,24492000.0,404144.0,1569822.0,838333.0,350000.0,130000.0,0.0,1.13,0.06,0.23,1644780.09067312,177434.037679582,64230.3103174319,0.25,0.0,0.0,0.0,0.0,0.0,0.0,0.0,0.0,0.25,0.25,0.25,684.8323333333335,35.96454666666667,28.76784,0.0,0.0,0.26024773808769547,0.0005658786151,576.0,10.0,1.0,0.0007848221928
CUB,Cuba,11326616.0,8560.0,5520.0,1160.0,5964103.418,3837022.775,1399103.451,820141.1446,794453.8513999999,897424.8485000001,1383187.533,1868950.2170000002,2608846.2989999996,3522408.889,4352321.409,517000.0,16400.0,128377.0,66501.0,30245000.0,3292799.0,4712600.0,311400.0,120000.0,40000.0,0.0,1.75,0.07,0.35,2224294.79304043,32070.4495491189,128651.129201895,0.21932666423464336,0.0,0.0,0.0,0.0,0.0,0.030673335765356604,0.030673335765356604,0.030673335765356604,0.24999999999999994,0.21932666423464336,0.21932666423464336,935.6251249999999,17.000723333333337,16.77446166666666,0.0,0.0,0.18413216204696836,0.0004003740959,3663.0,21.5,1.0,0.004990978632
DJI,Djibouti,988002.0,390.0,220.0,70.00000000000001,1391358.713,1007237.731,349771.7983,223812.8453,181917.87350000002,168013.7803,210159.9534,252306.1265,322511.6876,448653.3327,574749.3047000001,15000.0,0.0,0.0,6074.0,0.0,987093.0,380041.0,25302.0,980000.0,420000.0,0.0,0.1,0.0,0.01,4597.58424874161,215.936456394048,1077.45045677571,0.2434685603614644,0.0,0.0,0.0,0.006531439638535617,0.006531439638535617,0.006531439638535617,0.006531439638535617,0.0,0.2434685603614644,0.2434685603614644,0.2434685603614644,41.0,0.1312,0.0,0.0,0.0,0.016456597276467855,3.578296797e-05,2.0,11.5,1.0,2.725077058e-06
DOM,Dominican Republic,10847904.0,2930.0000000000005,1840.0,440.0,2231596.3449999997,1453927.443,527304.4887,312153.77009999997,296705.98089999997,329069.4624,499257.3232,669445.1839,929646.1532,1257335.106,1556889.4989999998,917000.0,312750.0,61167.0,66450.0,179694000.0,1004856.0,3720007.0,560000.0,250000.0,110000.0,0.0,1.81,0.09,0.22,2671043.3089773,244291.730453528,161521.734325007,0.1301379308732817,0.0,0.0,0.0,0.0,0.0,0.11986206912671828,0.11986206912671828,0.11986206912671828,0.25,0.1301379308732817,0.1301379308732817,741.7227916666669,36.732910000000004,41.28494833333331,0.0,0.0,0.4166226337967821,0.0009058977449,1232.0,19.0,1.0,0.001678647468
DZA,Algeria,43851043.0,18960.0,11280.0,3150.0,35504693.43,24589473.470000003,8693340.21,5388689.17,4676135.632999999,4697948.993,6480243.755000001,8262538.517000001,11070947.780000001,15153592.44,19041738.689999998,3343000.0,260269.0,105.0,144434.0,139195000.0,35818388.0,2324579.0,908409.0,1590000.0,190000.0,130000.0,5.53,0.24,0.78,6527737.90602398,357970.872599524,783288.491249136,0.0,0.0,0.0,0.0,0.0,0.0,0.25,0.25,0.25,0.25,0.0,0.0,5971.44920833333,342.21068333333335,856.7405766666668,0.0,0.0,1.6998166045291743,0.003696054664,8517.0,28.0,1.0,0.01160474065
ECU,Ecuador,17643060.0,196160.0,126650.00000000001,25630.0,4841931.660999999,3186706.916,1150794.287,686585.4881000001,642788.9011,702149.825,1051030.53,1399911.236,1935154.2110000001,2621242.369,3251860.687,1858000.0,331001.0,226148.0,233425.0,160691000.0,1570469.0,4607437.0,962520.0,830000.0,150000.0,10000.0,1.12,0.06,0.21,5853034.98413913,558419.866375746,346202.068533209,0.0,0.0,0.0,0.07267481517062031,0.24501851883762663,0.24840089469123067,0.25000000000000006,0.17732518482937973,0.0049814811623734275,0.0015991053087693527,0.0,0.0,1573.7002083333334,116.25649999999999,81.59681333333336,0.0,0.0,0.6100084912379424,0.001326392931,2429.0,-2.0,1.0,0.003309606087
EGY,Egypt,102000000.0,313650.0,189680.00000000003,49750.0,3902472.276,2321420.784,876007.8428000001,481804.3136,525604.7056999999,657005.8821,1095009.804,1533013.725,2190019.6070000003,2934626.273,3591632.156,5251000.0,1339068.0,628.0,310645.0,191449000.0,4050085.0,5439525.0,1418355.0,5020000.0,1430000.0,120000.0,15.59,0.77,3.55,27726952.689281,949880.409331563,2929921.9563676,0.15748890133062315,0.0012742876443000892,0.0012742876443000892,0.0012742876443000892,0.0,0.0,0.09251109866937679,0.09251109866937679,0.09251109866937679,0.2487257123556999,0.15621461368632308,0.15621461368632308,12082.859333333343,591.566,1258.8060466666666,41000.0,0.0002764166766,1.2121252662204283,0.002635626238,3836.0,27.0,1.0,0.005226697798
ERI,Eritrea,3600000.0,0.0,0.0,0.0,6343012.517999999,4502063.266,1575836.746,994312.9498,832077.3898,799069.34,1048220.589,1297371.839,1699454.878,2344190.084,2973122.438,146000.0,1241.0,0.0,23068.0,1184000.0,4227297.0,2520778.0,720000.0,0.0,0.0,0.0,0.0,0.0,0.0,327863.051831021,17497.3748469499,43710.7968593511,0.2434685603614644,0.0,0.0,0.0,0.006531439638535617,0.006531439638535617,0.006531439638535617,0.006531439638535617,0.0,0.2434685603614644,0.2434685603614644,0.2434685603614644,26.810416666666683,0.4039999999999999,2.8858999999999986,0.0,0.0,0.0,0.0,692.0,15.0,1.0,0.0009428766622
ETH,Ethiopia,115000000.0,9689.999999999998,6120.0,1400.0,35999849.75,23713823.41,8560472.003,5110744.533,4778518.818,5212899.207,7793754.387,10374609.57,14335333.43,19420427.78,24096680.42,4196000.0,67803.0,2165.0,433025.0,56993000.0,95414816.0,85252171.0,7556402.0,6320000.0,440000.0,710000.0,2.34,0.12,0.35,31478962.8775619,1438799.34855029,4037451.58903256,0.2434685603614644,0.0,0.0,0.0,0.006531439638535617,0.006531439638535617,0.006531439638535617,0.006531439638535617,0.0,0.2434685603614644,0.2434685603614644,0.2434685603614644,6323.356166666667,167.59087999999997,680.1789333333332,0.0,0.0,0.6698623481979871,0.001456538223,17903.0,8.0,1.0,0.02439352729
F5707+GBR,European Union (27) + UK,515215293.0,1212660.0,692860.0,206150.0,173586746.9,110246287.6,40422809.739999995,23455700.84,23166436.529999997,26647640.87,41694611.49,56741582.12,79583850.38000001,107283836.6,132300603.5,173837000.0,12820941.0,24202680.0,7834300.0,1641777000.0,259020943.0,89765101.0,22420890.0,65319999.99999999,20720000.0,1100000.0,213.47,9.62,39.84,341851685.307516,22670788.1012642,44409035.890596,0.07978254931852422,0.0,0.0,0.0,0.0,0.0,0.1683928575825583,0.1683928575825583,0.17021745068147573,0.24999999999999994,0.08160714241744169,0.08160714241744169,76295.26729166663,3667.3600066666672,8149.431648333331,26827400.0,0.1808668476,,,,,,
F5707+UK,,,,,,,,,,,,,,,,,,,,,,,,,,,,,,,,,,,,,,,,,,,,,,,,,,,44.60429443640225,0.09698688084,117497.0,47.0,0.0,0.0
FJI,Fiji,896444.0,8380.0,5200.0,1340.0,397350.7876,254853.405,93050.13474000001,54413.87548,52953.368519999996,60078.69695,92939.38076,125800.0646,175810.2684,237283.0199,293046.6483,11000.0,25368.0,4085.0,2507.0,5668000.0,451391.0,140913.0,32620.0,30000.0,10000.0,0.0,0.03,0.0,0.0,203446.345010414,5225.85001048021,8772.42992981331,0.0,0.0,0.0,0.0,0.25,0.25,0.25,0.25,0.0,0.0,0.0,0.0,65.05383333333333,0.6356266666666667,3.9732,0.0,0.0,0.02046675302670554,4.450258797e-05,250.0,-18.0,1.0,0.0003406346323
GAB,Gabon,2225728.0,5260.0,3060.0,900.0,1907612.173,1316237.139,466054.3353,288101.1173,251391.50530000002,254227.0528,353109.015,451990.97719999996,607374.1943999999,830543.667,1042409.0759999999,14000.0,3990.0,3573.0,984.0,3588000.0,561191.0,39263.0,10089.0,40000.0,20000.0,0.0,0.08,0.0,0.01,340492.103558576,18489.2320432508,22879.7125853951,0.0,0.0,0.0,0.0,0.25,0.25,0.25,0.25,0.0,0.0,0.0,0.0,12.0,0.0384,0.0,0.0,0.0,0.11132498781905413,0.000242063314,495.0,-1.0,1.0,0.0006744565719
GEO,Georgia,3714000.0,21150.0,12360.0,3549.9999999999995,2020880.538,1407066.29,496370.3238,308880.39040000003,265931.7833,264647.60589999997,361353.3157,458059.0256,611090.1930999999,837676.2013,1054488.1909999999,575000.0,23700.0,19800.0,20100.0,9780000.0,1047100.0,936438.0,441800.0,130000.0,30000.0,0.0,0.22,0.01,0.04,512279.598183506,29031.3473585082,55996.1009435424,0.0,0.0,0.0,0.0,0.0,0.0,0.25,0.25,0.25,0.25,0.0,0.0,179.25949999999986,3.3298400000000012,20.90001166666665,0.0,0.0,0.08856951767219036,0.0001925841753,428.0,42.0,0.0,0.0
GHA,Ghana,31072945.0,84680.0,50480.0,13830.0,11345224.95,7528694.949,2709348.0549999997,1626676.362,1504244.449,1622406.247,2400599.452,3178792.658,4376423.562,5936012.5600000005,7376372.231000001,46000.0,72138.0,25358.0,30729.0,95455000.0,14419998.0,1939975.0,338955.0,1710000.0,450000.0,30000.0,2.71,0.09,0.28,16509241.9993881,1165063.56863364,1058282.99177651,0.04874464617411275,0.0,0.0,0.0,0.0,0.0,0.20125535382588725,0.20125535382588725,0.20125535382588725,0.25,0.04874464617411275,0.04874464617411275,1167.6947083333334,136.47780333333333,75.70135333333336,0.0,0.0,0.3493368329111734,0.0007595925508,5221.0,8.0,1.0,0.007113813661
GIN,Guinea,13132792.0,25270.0,14740.0,4290.0,12610417.51,8631689.564,3066416.843,1884405.976,1663959.695,1706182.495,2403911.4639999997,3101640.433,4192206.4899999998,5721332.039,7163678.918,279000.0,12384.0,2677.0,105217.0,34074000.0,6384985.0,8373827.0,705204.0,360000.0,60000.0,30000.0,1.23,0.07,0.16,6702710.3238027,534661.022650318,589962.191842217,0.25,0.0,0.0,0.0,0.0,0.0,0.0,0.0,0.0,0.25,0.25,0.25,936.918166666667,27.03024,75.69307333333333,0.0,0.0,0.06662809962249364,0.0001448750987,3800.0,11.0,1.0,0.005177646411
GMB,Gambia,2416664.0,12060.000000000002,6960.0,2080.0000000000005,583471.1109999999,363984.2664,134499.1029,76933.41068,78069.32473000001,91997.61481,146754.0156,201510.4163,284302.55169999995,382517.2,470569.6094,78000.0,1619.0,491.0,4249.0,1485000.0,436986.0,553492.0,56470.0,130000.0,40000.0,0.0,0.01,0.0,0.0,271761.787457979,42797.5458787231,33996.756429408,0.25,0.0,0.0,0.0,0.0,0.0,0.0,0.0,0.0,0.25,0.25,0.25,63.69333333333332,1.4121733333333335,2.5870533333333317,0.0,0.0,0.007580512775222824,1.648294853e-05,445.0,13.4667,1.0,0.0006063296455
GNB,Guinea-Bissau,1967998.0,1140.0,660.0,209.99999999999997,776101.7993000001,489663.7924,180052.7622,103929.70409999999,103675.4929,120337.5168,189672.1171,259006.71740000002,364097.6589,490460.9999,604264.2702,41000.0,3155.0,14093.0,7290.0,2180000.0,1818204.0,728381.0,109069.0,20000.0,10000.0,0.0,0.02,0.0,0.0,402121.299370162,44812.1800753576,33934.0298879062,0.25,0.0,0.0,0.0,0.0,0.0,0.0,0.0,0.0,0.25,0.25,0.25,39.96416666666665,0.31628000000000006,3.1214933333333343,0.0,0.0,0.0023033226271688377,5.008308729e-06,550.0,12.0,1.0,0.0007493961911
GTM,Guatemala,16858333.0,7270.0,4849.999999999999,870.0,3560475.607,2309281.6750000003,839129.5543,495012.3507,473707.86950000003,528873.878,807031.8058,1085189.734,1509869.091,2040788.801,2525007.885,507000.0,234226.0,64837.0,227452.0,35994000.0,3682493.0,4265856.0,709909.0,1270000.0,80000.0,20000.0,1.45,0.06,0.23,6600980.29997474,565903.141615901,437733.509317084,0.15882327063550597,0.0021908653033742603,0.0,0.0,0.0,0.0,0.09117672936449406,0.09117672936449406,0.09117672936449406,0.24780913469662577,0.15882327063550597,0.15882327063550597,1980.1587499999994,90.76993333333333,61.483826666666666,0.0,0.0,0.2160289528230199,0.0004697299794,2045.0,15.5,1.0,0.002786391292
GUY,Guyana,786559.0,6480.000000000001,4750.0,630.0,1106242.9440000001,740557.6625,265527.3164,160483.1747,146478.0337,155816.03530000002,227597.50170000002,299378.9681,410260.75680000003,557324.0443,693882.5453,55000.0,47112.0,793.0,2927.0,30290000.0,225184.0,99692.0,39000.0,160000.0,20000.0,10000.0,0.29,0.02,0.03,878789.602408122,33524.7443035568,59693.8771997781,0.25,0.18642317677602077,0.18642317677602077,0.18642317677602077,0.0,0.0,0.0,0.0,0.0,0.06357682322397923,0.06357682322397923,0.06357682322397923,394.64383333333325,2.8154000000000003,27.048546666666663,0.0,0.0,0.0,0.0,460.0,5.0,1.0,0.0006267677234
HND,Honduras,9904608.0,10770.0,7690.000000000001,1000.0,3188689.0349999997,2099106.8770000003,757963.567,452294.3454,423298.68820000003,462229.5246,691683.9109,921138.2971000001,1273189.74,1724647.128,2139657.474,681000.0,193527.0,9903.0,63681.0,47601000.0,502236.0,3114998.0,498124.0,250000.0,110000.0,0.0,0.66,0.03,0.11,2336778.72015754,349569.799120778,154494.866783817,0.14351011410788383,0.0,0.0,0.0,0.0,0.0,0.10648988589211619,0.10648988589211619,0.10648988589211619,0.25,0.14351011410788383,0.14351011410788383,888.4066666666668,117.56937333333332,17.702219999999997,0.0,0.0,0.11486981169015997,0.0002497711236,1596.0,15.0,1.0,0.002174611493
HTI,Haiti,11402533.0,2879.9999999999995,1960.0,419.99999999999994,1773845.756,1106948.113,408977.5769,233999.3111,237331.7516,279548.2512,445776.7657,612005.2802,863361.7505,1161657.074,1429123.1339999998,101000.0,8707.0,31810.0,48287.0,6410000.0,3097829.0,2307723.0,195574.0,350000.0,150000.0,0.0,0.16,0.01,0.02,1027942.61873345,53496.5529831401,85934.2705080699,0.0,0.0,0.0,0.0,0.0,0.0,0.25,0.25,0.25,0.25,0.0,0.0,175.29241666666667,22.839399999999998,7.334968333333336,0.0,0.0,0.057977092314506214,0.0001260644836,1350.0,19.0,1.0,0.001839427014
IDN,Indonesia,274000000.0,2257520.0,1396130.0,338110.0,61178697.94,37554658.43,13975394.5,7889891.632,8204414.7809999995,9871271.901,16000065.04,22128858.18,31367253.369999997,42138804.45,51738843.47,1560000.0,3707876.0,241354.0,515628.0,3618322000.0,45935357.0,19038271.0,568265.0,56870000.0,10480000.0,3140000.0,19.64,1.72,5.41,193621179.945008,39036305.0438307,8136033.9674568,0.23813787657334384,0.17901259460253757,0.17901259460253757,0.17901259460253757,0.011862123426656187,0.011862123426656187,0.011862123426656187,0.011862123426656187,0.0,0.05912528197080629,0.05912528197080629,0.05912528197080629,30986.70966666667,4161.300520000001,1848.0933533333332,7807000.0,0.05263378035,7.0242070702312445,0.01527332609,51300.0,-5.0,1.0,0.06989822655
IND,India,1380000000.0,2006279.9999999998,1253780.0,293500.0,180636812.8,108537331.5,40774488.25,22615726.75,24296018.98,30011591.53,49597634.28,69183677.03,98604909.66000001,132230096.6,161988677.20000002,187631000.0,3550636.0,335932.0,916581.0,826539000.0,227200360.0,305101660.0,51568474.0,30680000.0,10190000.0,90000.0,49.61,3.09,12.96,409419586.717939,19105098.3968638,45581557.460817,0.16756258791723697,0.024767334764525365,0.0,0.08243741208276303,0.08243741208276303,0.08243741208276303,0.08243741208276303,0.0,0.0,0.14279525315271163,0.16756258791723697,0.16756258791723697,128550.81466666664,4115.823026666667,13296.375293333333,2434800.0,0.01641510547,15.565027775053455,0.03384435318,169317.0,20.0,1.0,0.2307009361
IRN,Iran (Islamic Republic of),83992953.0,222850.0,133400.00000000003,36030.0,41929935.15,28056132.580000002,10061525.09,6078961.402,5552361.629,5910776.009000001,8639909.787,11369043.56,15583882.59,21168289.19,26352235.06,7531000.0,2219155.0,0.0,526429.0,1013801000.0,63250731.0,7523227.0,2038571.0,1440000.0,640000.0,0.0,18.05,0.63,2.98,25203141.2221932,1001748.57436357,3155603.05327323,0.06046328680062239,0.0,0.0,0.15246114868329097,0.15246114868329097,0.15246114868329097,0.1895367131993776,0.03707556451608663,0.03707556451608663,0.09753885131670903,0.06046328680062239,0.06046328680062239,16889.9595,750.9007866666667,2542.5981666666667,75000.0,0.0005056402621,2.028453782867392,0.004410638209,17536.0,32.0,0.0,0.0
IRQ,Iraq,40222503.0,11510.0,7230.0,1689.9999999999998,8609972.609000001,5544250.272,2020833.652,1185431.111,1146746.766,1293707.43,1991795.489,2689883.548,3753453.992,5068422.87,6263500.163,397000.0,156549.0,0.0,33258.0,78534000.0,8076254.0,2794258.0,414580.0,1280000.0,370000.0,0.0,1.67,0.08,0.23,8115614.14291461,217673.12408896,1075588.01551269,0.006262467797302187,0.0,0.0,0.0,0.0,0.0,0.24373753220269784,0.24373753220269784,0.24373753220269784,0.25000000000000006,0.006262467797302187,0.006262467797302187,1848.2488333333329,177.18330333333333,221.4229216666668,0.0,0.0,0.6490330183391738,0.001411247253,5250.0,33.0,0.0,0.0
ISR,Israel,9216900.0,3280.0,1950.0,540.0,617042.9528,383954.77890000003,142035.1453,81078.23402,82590.95019,97649.64665,156174.0686,214698.49060000002,303142.6578,407762.9422,501467.3834,1584000.0,578164.0,15054.0,145797.0,55290000.0,800101.0,575088.0,123079.0,500000.0,60000.0,30000.0,3.24,0.12,0.54,617649.650467956,54335.2522558732,62554.968735136,0.026201753501965134,0.0,0.0,0.0,0.0,0.0,0.22379824649803487,0.22379824649803487,0.22379824649803487,0.25,0.026201753501965134,0.026201753501965134,759.8590833333335,53.10698666666667,93.63961333333329,0.0,0.0,1.4884128341413345,0.003236381609,478.0,31.5,0.0,0.0
JAM,Jamaica,2961161.0,2790.0,1900.0,410.0,405875.7587,265628.7228,96153.25287,57119.220579999994,53927.56816,59410.14513,89605.94964,119801.75420000001,166036.5568,224709.9724,278473.5422,202000.0,123636.0,7986.0,7124.0,14187000.0,792031.0,197009.0,5523.0,200000.0,20000.0,0.0,0.3,0.01,0.04,219289.970666021,21357.818161851,14523.732794565,0.005403220296522354,0.0,0.0,0.0,0.24459677970347768,0.24459677970347768,0.24459677970347768,0.24459677970347768,0.0,0.005403220296522354,0.005403220296522354,0.005403220296522354,42.215333333333334,3.0798133333333335,0.9589333333333334,0.0,0.0,0.07367497332465327,0.0001601977108,215.0,18.25,1.0,0.0002929457838
JOR,Jordan,10203140.0,310.0,190.0,50.0,899389.7073,613389.4787000001,218234.8511,133751.0859,118743.65040000001,122510.3849,173690.8242,224871.2634,304691.2374,415482.64160000003,519697.13609999995,457000.0,200034.0,0.0,30733.0,29018000.0,3631064.0,101756.0,44834.0,80000.0,30000.0,0.0,1.33,0.05,0.17,307840.382936217,37287.4556164148,32170.3099858159,0.045586251686066837,0.0,0.0,0.0,0.0,0.0,0.20441374831393316,0.20441374831393316,0.20441374831393316,0.25,0.045586251686066837,0.045586251686066837,925.5999583333336,56.76459333333334,118.70955166666674,0.0,0.0,0.17708489683261988,0.0003850506326,288.0,31.0,0.0,0.0
JPN,Japan,126000000.0,671940.0000000001,396440.0,107200.0,5259387.552,3230212.6459999997,1201791.797,678775.8994,705261.3797,847972.6150999999,1373753.445,1899534.275,2692158.9450000003,3616823.069,4441075.136,7316000.0,2347667.0,1305792.0,477463.0,319653000.0,9155853.0,3920763.0,838900.0,4340000.0,1200000.0,90000.0,17.66,0.7,3.77,12403973.2280617,151659.529654043,1140449.91910283,0.20647653742659217,0.19481987745921472,0.0,0.0,0.022019631687751465,0.022019631687751465,0.04352346257340785,0.04352346257340785,0.02150383088565638,0.03316049085303383,0.20647653742659217,0.20647653742659217,8916.664500000003,243.33193333333338,834.0678266666667,6620000.0,0.04463118046,49.509,0.107651596,4397.0,36.0,0.0,0.0
KAZ,Kazakhstan,18754440.0,5640.0,3549.9999999999995,830.0,181261767.1,127310612.0,44751997.31,28024919.07,23818913.45,23330036.34,31302681.560000002,39275326.79,51992365.870000005,71458818.36999999,90240427.31,5856000.0,228630.0,87478.0,521847.0,43520000.0,20874303.0,11257533.0,2539679.0,3360000.0,220000.0,420000.0,4.47,0.24,0.91,21025322.5309244,1264107.29591303,2997751.23422559,0.004179018845300625,0.004179018845300625,0.004179018845300625,0.004179018845300625,0.0003755247345897302,0.0003755247345897302,0.0565298853196442,0.0565298853196442,0.24544545642010965,0.24544545642010965,0.18929109583505518,0.18929109583505518,9144.57929166667,263.71895666666677,1594.5084566666667,0.0,0.0,1.0316164559721976,0.002243130702,29989.0,48.0,0.0,0.0
KEN,Kenya,53771300.0,23450.0,14520.0,3549.9999999999995,23847102.83,16435638.900000002,5822262.288,3596148.3680000002,3143220.3869999996,3184984.388,4432964.847,5680945.306,7640450.242,10444784.15,13104563.05,5457000.0,69212.0,25785.0,244217.0,57887000.0,62016377.0,26325476.0,5112340.0,1080000.0,440000.0,0.0,0.83,0.06,0.16,7460369.83598263,318742.861074486,918519.676322511,0.003729398827749659,0.0,0.0,0.0,0.03151604643168726,0.03151604643168726,0.24627060117225033,0.24627060117225033,0.21475455474056307,0.21848395356831274,0.003729398827749659,0.003729398827749659,1265.2480833333336,121.49528999999998,68.68433166666671,0.0,0.0,0.3667452541649808,0.00079744515,6330.0,1.0,1.0,0.00862486889
KGZ,Kyrgyzstan,6591600.0,380.0,239.99999999999997,50.0,8746150.127999999,6153842.37,2161626.741,1355407.036,1148965.085,1121683.069,1499444.385,1877205.7,2480850.413,3411666.019,4311332.65,1667000.0,9679.0,14288.0,113611.0,5019000.0,6308201.0,2283762.0,854963.0,100000.0,40000.0,10000.0,1.3,0.06,0.19,2246820.2853425,74307.6290808605,294372.972961947,0.0,0.0,0.0,0.0,0.00380094387802702,0.00380094387802702,0.25,0.25,0.246199056121973,0.246199056121973,0.0,0.0,405.74291666666693,7.937783333333334,53.73692833333335,0.0,0.0,0.05607949424967704,0.000121938376,1364.0,41.0,0.0,0.0
KHM,Cambodia,16718971.0,144060.0,92360.0,20510.0,5362332.007,3348280.437,1236750.953,707952.7502,717393.0375999999,844344.0366999999,1345596.2259999998,1846848.415,2604891.0810000002,3505101.994,4312459.7299999995,24000.0,16863.0,93196.0,54327.0,21350000.0,1901967.0,3475195.0,120592.0,4030000.0000000005,30000.0,240000.0,1.14,0.14,0.16,13568910.2598537,207972.244399366,1008082.13604161,0.20714481735812604,0.20714481735812604,0.20714481735812604,0.20714481735812604,0.008087071689018066,0.008087071689018066,0.042855182641873976,0.042855182641873976,0.03476811095285591,0.03476811095285591,0.0,0.0,2285.083958333333,18.920929999999995,165.7572066666667,0.0,0.0,0.1004898567021984,0.0002185035742,4066.0,13.0,1.0,0.00554008166
KOR,Democratic People's Republic of Korea,25778815.0,40060.00000000001,25350.0,5830.0,2665570.103,1590920.016,599455.4726999999,330625.1675,358851.36579999997,446817.632,742641.2587,1038464.8859999999,1482405.8050000002,1986908.71,2432493.466,84000.0,962000.0,1403000.0,287000.0,186573000.0,11477979.0,3830004.0,202349.0,220000.0,0.0,0.0,0.63,0.03,0.11,5737180.92136491,92740.124851961,536232.903256941,0.11252199027346825,0.0961795611026777,0.0961795611026777,0.0961795611026777,0.0,0.0,0.13747800972653174,0.13747800972653174,0.13747800972653174,0.15382043889732233,0.016342429170790564,0.016342429170790564,844.5231250000005,59.44648333333333,87.0326733333333,393000.0,0.002649554973,0.0,0.0,2580.0,38.50700411,0.0,0.0
KWT,Kuwait,4270563.0,709.9999999999999,430.0,110.0,125388.524,88954.53041,31142.31439,19643.34141,16449.772200000003,15811.53032,20763.50943,25715.48855,33702.36133,46480.17788,58938.283540000004,77000.0,62553.0,0.0,1900.0,55456000.0,939956.0,49623.0,9616.0,150000.0,60000.0,0.0,0.63,0.02,0.08,87379.8979126748,2143.10150794325,7845.58483727609,0.0,0.0,0.0,0.0,0.0,0.0,0.0,0.0,0.0,0.0,0.0,0.0,25.963499999999996,1.6296,0.806,0.0,0.0,0.0,0.0,14.0,29.3375,1.0,1.907553941e-05
LAO,Lao People's Democratic Republic,7275556.0,30180.0,19070.0,4380.0,2300431.134,1439734.205,531257.932,304674.7393,307658.8688,360994.8188,573918.3054,786841.7919,1109000.994,1492607.908,1836958.891,7000.0,35698.0,97575.0,37409.0,50382000.0,4980000.0,3454550.0,39639.0,1460000.0,20000.0,90000.0,0.96,0.06,0.09,6524697.45212098,108371.020604229,506318.703864735,0.13728710686794374,0.13728710686794374,0.13728710686794374,0.13728710686794374,0.016239957677686056,0.016239957677686056,0.11271289313205629,0.11271289313205629,0.09647293545437023,0.09647293545437023,0.0,0.0,1406.116875,14.946763333333335,100.93620666666668,156000.0,0.001051731745,0.10645838271935537,0.0002314814439,1719.0,18.0,1.0,0.002342203732
LBN,Lebanon,6825442.0,870.0,490.0,150.0,589370.541,392845.4263,141109.9308,85007.72223,78090.61604,83640.6673,122962.756,162284.84470000002,222911.8134,302581.282,376358.93559999997,399000.0,126010.0,774.0,44265.0,68047000.0,973752.0,110018.0,51657.0,290000.0,110000.0,10000.0,1.25,0.04,0.28,494795.525353516,46358.6728331687,50914.1889109394,0.0048293028868205455,0.0,0.0,0.0,0.0,0.0,0.2451706971131795,0.2451706971131795,0.2451706971131795,0.25000000000000006,0.0048293028868205455,0.0048293028868205455,381.47529166666664,61.16188666666667,45.993554999999986,0.0,0.0,0.27063000265156245,0.000588453649,258.0,33.8333,0.0,0.0
LBR,Liberia,5057677.0,2800.0,1610.0,490.0,1736960.781,1165710.0820000002,417526.67860000004,252830.08419999998,229902.3086,243573.77610000002,354422.0469,465270.31779999996,636696.1487,865334.9214,1077988.15,9000.0,15308.0,13921.0,1177.0,9067000.0,1052257.0,45505.0,6821.0,10000.0,0.0,0.0,0.03,0.0,0.0,596473.267386851,37125.2630801916,33066.8698633937,0.25,0.0,0.0,0.0,0.0,0.0,0.0,0.0,0.0,0.25,0.25,0.25,116.8073333333333,6.2598400000000005,8.19474666666667,0.0,0.0,0.0,0.0,700.0,6.5,1.0,0.0009537769704
LBY,Libya,6871287.0,5870.0,3210.0,1100.0,12954941.12,9111277.373000002,3201024.804,2006522.5459999999,1701984.7449999999,1662891.8900000001,2224911.141,2786930.392,3684616.803,5066378.297,6401324.982,227000.0,129748.0,0.0,7010.0,36548000.0,10022881.0,348027.0,128353.0,0.0,0.0,0.0,0.0,0.0,0.0,502909.420798306,51601.2460391967,51727.3185231466,0.08735544903738156,0.0,0.0,0.0,0.0,0.0,0.16264455096261846,0.16264455096261846,0.16264455096261846,0.25000000000000006,0.08735544903738156,0.08735544903738156,276.08149999999995,24.759893333333334,24.078933333333328,0.0,0.0,0.0,0.0,2050.0,30.1679118,0.0,0.0
LKA,Sri Lanka,21919000.0,101170.0,61480.0,15980.000000000002,2772693.05,1695839.792,632092.5552,355787.89160000003,372022.65640000004,449658.4575,731348.5707,1013038.684,1437382.073,1930359.375,2369168.517,463000.0,224466.0,1546.0,22182.0,24292000.0,438360.0,1427902.0,338350.0,760000.0,270000.0,20000.0,0.62,0.05,0.12,6675668.76477837,460452.343238889,495665.560544902,0.2231125084737839,0.0,0.0,0.0,0.02688749152621614,0.02688749152621614,0.02688749152621614,0.02688749152621614,0.0,0.2231125084737839,0.2231125084737839,0.2231125084737839,1947.6373333333336,63.27081333333333,163.18353333333334,2600.0,1.752886242e-05,0.5274632803087353,0.001146907915,2372.0,7.0,1.0,0.003231941391
LSO,Lesotho,2142252.0,230.0,150.0,29.999999999999996,1778959.5420000001,1269495.364,443386.7231,280848.9991,233155.32150000002,221581.1382,287110.1162,352639.0942,459151.73929999996,634660.5909,806926.6606,180000.0,1902.0,736.0,1686.0,380000.0,2655924.0,581432.0,123333.0,0.0,0.0,0.0,0.02,0.0,0.0,114062.804732853,4200.2969355841,12884.8464727281,0.019505892994038064,0.0,0.0,0.0,0.2304941070059619,0.2304941070059619,0.2304941070059619,0.2304941070059619,0.0,0.019505892994038064,0.019505892994038064,0.019505892994038064,16.288666666666668,0.3145733333333333,1.3879999999999997,0.0,0.0,0.01511915577272741,3.287485606e-05,142.0,-29.5,1.0,0.0001934804711
MAR,Morocco,36910558.0,282410.00000000006,167760.0,46020.00000000001,26304309.959999997,17914865.709999997,6377500.631,3904599.319,3473634.625,3592203.555,5104841.542,6617479.528,8974652.947,12234225.74,15297130.67,2641000.0,821525.0,627.0,282000.0,218221000.0,28057349.0,4730676.0,1668447.0,1890000.0,410000.0,140000.0,4.82,0.18,0.87,5518878.46059537,421942.06419793,634612.267317944,0.019194498038480154,0.0,0.0,0.0,0.0,0.1637353443447763,0.23080550196151986,0.23080550196151986,0.23080550196151986,0.0862646556552237,0.019194498038480154,0.019194498038480154,5678.234708333333,159.74031,903.2411466666667,0.0,0.0,0.711176629326277,0.00154637135,8612.0,32.0,0.0,0.0
MDA,Republic of Moldova,2617820.0,2090.0,1320.0,300.0,2233170.263,1364336.5389999999,508780.3948,286116.8884,299679.1958,362722.28239999997,590564.5346,818406.7868,1161567.425,1559797.884,1914136.605,367000.0,45463.0,73639.0,7881.0,41365000.0,1218795.0,151149.0,87321.0,70000.0,10000.0,0.0,1.94,0.08,0.32,2035628.96935179,218651.730861105,261924.268421375,0.0,0.0,0.0,0.0,0.012215573783083614,0.012215573783083614,0.25,0.25,0.2377844262169164,0.2377844262169164,0.0,0.0,832.2769583333334,27.782640000000022,90.17598666666676,0.0,0.0,0.04720013934985477,0.0001026312455,1922.0,47.0,0.0,0.0
MDG,Madagascar,27691019.0,27379.999999999996,18560.0,3580.0000000000005,34141700.79,24249067.11,8485469.886,5356710.492000001,4478213.438,4294996.25,5625655.850000001,6956315.45,9105571.974000001,12563176.86,15938570.37,481000.0,51440.0,26947.0,34887.0,51272000.0,4115475.0,8949273.0,1666216.0,510000.0,150000.0,0.0,0.62,0.01,0.05,5732596.73571693,88439.6616730483,405016.975744464,0.0,0.0,0.0,0.0,0.25,0.25,0.25,0.25,0.0,0.0,0.0,0.0,476.98241666666667,7.537913333333333,32.535740000000004,0.0,0.0,0.054612656927416826,0.0001187489079,3600.0,-20.0,1.0,0.004905138705
MEX,Mexico,129000000.0,324210.0,199100.0,47600.0,84500016.38,58277725.09,20638898.33,12754081.07,11136506.12,11271112.79,15668105.79,20065098.79,26972296.51,36878508.72,46279372.190000005,12494000.0,3578694.0,1652362.0,2081262.0,605259000.0,36344604.0,48600526.0,2594901.0,7940000.0,1590000.0,850000.0,32.09,1.58,6.55,42742910.5017786,2401685.65900805,4502643.68205043,0.22038739129053608,0.0,0.0,0.0,0.0,0.0,0.02641893260437484,0.02641893260437484,0.02961260870946391,0.25,0.22358106739562517,0.22358106739562517,18583.227333333336,668.85474,1218.4858466666665,121900.0,0.0008218339726,3.222293326241718,0.007006504258,22129.0,23.0,1.0,0.03015161511
MKD,North Macedonia,2083380.0,280.00000000000006,170.0,40.0,1125856.931,754760.4022,270458.8233,163639.3391,149042.4172,158183.1585,230556.4058,302929.653,414797.74309999996,563636.373,701970.2165,443000.0,1494.0,14930.0,3886.0,1643000.0,889716.0,231979.0,111083.0,110000.0,20000.0,10000.0,0.35,0.02,0.05,665684.384090783,25806.9339858601,82086.4987298987,0.07306168305856009,0.0,0.0,0.0,0.0035437940967034966,0.0035437940967034966,0.1769383169414399,0.1769383169414399,0.17339452284473642,0.2464562059032965,0.07306168305856009,0.07306168305856009,165.48466666666664,3.1922933333333336,20.559740000000012,0.0,0.0,0.05668383951057476,0.0001232524549,460.0,42.00923037,0.0,0.0
MLI,Mali,20250834.0,19010.000000000004,12010.0,2760.0,35279240.36000001,24683421.53,8690288.558,5426937.474,4638814.231000001,4575880.117,6188069.602,7800259.086,10362383.040000001,14225055.03,17937896.79,967000.0,57844.0,560.0,71252.0,52098000.0,48040445.0,15503493.0,1995914.0,1840000.0,140000.0,170000.0,1.68,0.08,0.31,10641393.2657214,511905.812097542,1107202.4965504,0.24300936786550237,0.0,0.0,0.0,0.005237966783195555,0.005237966783195555,0.0069906321344976536,0.0069906321344976536,0.001752665351302099,0.24476203321680445,0.24300936786550237,0.24300936786550237,2084.0097916666664,30.98560000000001,149.62403333333324,0.0,0.0,0.057317929183217535,0.0001246312096,6561.0,17.0,1.0,0.00893961529
MMR,Myanmar,54409794.0,535700.0000000001,352620.0,76260.00000000001,12960147.07,7740938.744,2915794.4080000003,1609197.8839999998,1744578.0150000001,2170312.93,3604941.641,5039570.352,7192738.075999999,9641159.213000001,11804124.200000001,2529000.0,1500000.0,1127135.0,456330.0,385540000.0,31127714.0,23123260.0,3766667.0,3240000.0,550000.0,70000.0,10.33,0.45,1.6,33634243.9379457,1367184.92534624,3335802.18712601,0.2381550488612418,0.20288215713201596,0.20288215713201596,0.20594193842083128,0.009508289431830186,0.009508289431830186,0.011844951138758173,0.008785169849942856,0.002336661706927987,0.03760955343615384,0.035272891729225854,0.035272891729225854,5840.700708333334,158.29225333333335,451.6483466666668,0.0,0.0,0.4878082683649942,0.001060682676,12500.0,22.0,1.0,0.01703173161
MNG,Mongolia,3278292.0,0.0,0.0,0.0,92921744.07000001,67110416.13,23326556.61,14901578.74,12154180.54,11278999.65,14193949.19,17108898.73,21941761.4,30488594.8,39004964.31,1074000.0,286.0,417.0,158477.0,985000.0,57794212.0,9298835.0,1314828.0,60000.0,10000.0,10000.0,0.07,0.01,0.02,444189.867388319,22634.6852738228,62617.554847438,0.0,0.0,0.0,0.0,0.0,0.0,0.25,0.25,0.25,0.25,0.0,0.0,25.63141666666665,0.58624,4.686733333333328,0.0,0.0,0.06708268987343206,0.0001458635526,1334.0,46.0,0.0,0.0
MOZ,Mozambique,31255435.0,54640.0,36860.0,7750.0,35036039.120000005,24587658.98,8645894.577,5411083.113,4604566.883,4516897.645,6070738.084,7624578.523,10101081.65,13879401.63,17521844.48,558000.0,115027.0,91708.0,16184.0,46462000.0,5345464.0,2652280.0,421296.0,310000.0,140000.0,0.0,0.41,0.04,0.08,4965734.59572733,297405.73711558,501654.59682232,0.0,0.0,0.0,0.0,0.24801612773966553,0.24801612773966553,0.25,0.25,0.001983872260334459,0.001983872260334459,0.0,0.0,726.726375,110.89608,32.600660000000005,0.0,0.0,0.1156787190615464,0.0002515299992,5950.0,-18.25,1.0,0.008107104249
MRT,Mauritania,4649660.0,157139.99999999997,93030.0,26060.0,32495162.74,23476120.92,8158926.476,5213265.726,4250150.4059999995,3941626.364,4956363.575,5971100.786,7654507.972,10637711.91,13611530.059999999,362000.0,4624.0,0.0,29716.0,4733000.0,18672728.0,3855747.0,422577.0,300000.0,110000.0,0.0,0.13,0.01,0.02,490702.680460914,7595.92858186217,48408.2754143515,0.25,0.0,0.0,0.0,0.0,0.0,0.0,0.0,0.0,0.25,0.25,0.25,201.25916666666666,1.9999733333333332,15.666820000000001,0.0,0.0,0.05536091945025714,0.0001203759182,411.0,20.0,1.0,0.0005600033355
MUS,Mauritius,1265740.0,5250.0,3070.0,900.0,86089.70069,51950.66229,19479.18504,10843.003830000001,11572.44253,14221.03262,23414.0498,32607.06698,46425.35987,62277.87264,76326.30252,3000.0,47500.0,606.0,1446.0,16550000.0,51599.0,4016.0,3067.0,60000.0,20000.0,0.0,0.09,0.0,0.01,208015.135100649,562.503278112847,6564.7059175887,0.0,0.0,0.0,0.0,0.25,0.25,0.25,0.25,0.0,0.0,0.0,0.0,96.10233333333335,2.609186666666667,1.4784,0.0,0.0,0.05137676966541529,0.0001117128452,79.0,-20.2833,1.0,0.0001076405438
MWI,Malawi,19129955.0,36530.0,23080.0,5300.0,5377759.921,3394429.29,1247923.692,720570.3592999999,718343.2563,833305.7826,1312815.574,1792325.365,2519192.7909999997,3393660.806,4181350.1509999996,203000.0,109186.0,226441.0,55626.0,18813000.0,18888218.0,1953248.0,110394.0,80000.0,30000.0,0.0,2.24,0.05,0.19,8867349.43627547,371093.440902278,827908.192011774,0.0,0.0,0.0,0.0,0.2499328096433887,0.2499328096433887,0.25,0.25,6.719035661128602e-05,6.719035661128602e-05,0.0,0.0,776.2737916666666,13.22218,48.78223333333333,0.0,0.0,0.0,0.0,3800.0,-13.5,1.0,0.005177646411
MYS,Malaysia,32365997.999999996,298940.0,183150.0,46939.99999999999,8737687.315,5237515.502,1969697.502,1090305.544,1175621.2410000002,1456357.3730000001,2411769.1369999996,3367180.9020000002,4801847.863,6438132.521000001,7885194.003,48000.0,1532028.0,221325.0,36944.0,305177000.0,2309773.0,762672.0,45434.0,11590000.0,5010000.0,80000.0,6.8,0.29,2.06,41137144.3165364,12979710.1897302,516921.311361377,0.24910050236942663,0.24122090312560432,0.24122090312560432,0.24122090312560432,0.0008994976305733248,0.0008994976305733248,0.0008994976305733248,0.0008994976305733248,0.0,0.007879599243822324,0.007879599243822324,0.007879599243822324,7213.065333333334,2311.34044,180.1150066666667,131000.0,0.0008831849911,1.8986187791479496,0.004128327006,8286.0,2.5,1.0,0.01128999425
NAM,Namibia,2540916.0,98480.0,55119.99999999999,17820.0,31879515.02,22977856.54,7993194.765000001,5098996.847,4171259.325,3886676.8959999997,4916150.991,5945625.086,7646000.612,10614188.770000001,13563879.360000001,113000.0,11121.0,6830.0,31952.0,4381000.0,3308172.0,3147922.0,249726.0,10000.0,0.0,0.0,0.09,0.0,0.01,268119.478701767,7698.13071042522,29317.5493926509,0.0,0.0,0.0,0.0,0.2207760896047645,0.2207760896047645,0.25,0.25,0.02922391039523552,0.02922391039523552,0.0,0.0,35.96591666666667,0.7022266666666668,3.2580666666666644,0.0,0.0,0.06583116976666208,0.0001431422669,810.0,-22.0,1.0,0.001103656209
NER,Niger,24206636.0,6030.000000000001,3810.0,870.0,41648833.43,27815502.02,9983115.779,6022983.540999999,5516740.7,5890527.245,8634723.491,11378919.74,15613496.3,21201231.009999998,26382065.1,1442000.0,20103.0,1523.0,68758.0,20696000.0,32530478.0,20205902.0,2420840.0,0.0,0.0,0.0,0.91,0.06,0.15,7221823.43916639,443285.217843119,979051.980230461,0.20812395309882747,0.0,0.0,0.0,0.041876046901172526,0.041876046901172526,0.041876046901172526,0.041876046901172526,0.0,0.20812395309882747,0.20812395309882747,0.20812395309882747,25.92500000000001,0.20032000000000008,1.9051199999999995,0.0,0.0,0.0689096357403618,0.0001498360352,17818.0,16.0,1.0,0.02427771151
NGA,Nigeria,206000000.0,211430.0,129139.99999999997,33030.00000000001,64593936.690000005,41447807.78,15130217.72,8850949.197,8607615.563,9759674.933,15089837.219999999,20419999.5,28532871.69,38511651.96,47565554.29,521000.0,238250.0,302976.0,326398.0,170992000.0,139449562.0,22452143.0,2213856.0,3080000.0,820000.0,70000.0,15.17,0.4,1.79,70962463.0666136,4668084.38496432,5667925.81309122,0.2477778708230038,0.0,0.0,0.0,0.001268798536259142,0.001268798536259142,0.0022221291769962304,0.0022221291769962304,0.0009533306407370884,0.24873120146374086,0.2477778708230038,0.2477778708230038,7308.172916666666,268.91384000000005,647.52444,14000.0,9.438618225e-05,1.6633566148043684,0.003616776632,40500.0,10.0,1.0,0.05518281043
NIC,Nicaragua,6624554.0,10830.0,7170.0,1170.0,4497510.017,3021331.202,1081718.4170000001,655510.1977,595195.4336,629593.6071,914733.6375,1199873.668,1641042.617,2230760.121,2779600.3030000003,1318000.0,140475.0,12494.0,152411.0,25015000.0,543936.0,5626537.0,825481.0,350000.0,80000.0,10000.0,0.41,0.02,0.05,2070672.92769964,98978.167646637,191495.753959241,0.1832331922338446,0.0,0.0,0.0,0.0,0.0,0.06676680776615539,0.06676680776615539,0.06676680776615539,0.24999999999999994,0.1832331922338446,0.1832331922338446,613.4835833333333,15.548166666666667,25.180226666666663,0.0,0.0,0.08269011435603707,0.0001798000926,1790.0,13.0,1.0,0.002438943967
NOR,Norway,5379475.0,654500.0,377730.0,112510.0,1357116.7,877116.2602,319198.9506,187783.39539999998,180653.6169,202727.2951,310714.4417,418701.5882,583398.7464000001,788165.1147,974593.7797000001,1547000.0,101867.0,131041.0,86126.0,17077000.0,3074529.0,903168.0,219453.0,1710000.0,570000.0,190000.0,1.86,0.06,0.52,1153715.45764003,44736.3528018531,155787.365331625,0.0,0.0,0.0,0.0,0.0,0.0,0.25,0.25,0.25,0.25,0.0,0.0,668.3614166666665,95.87567333333331,79.08963166666672,0.0,0.0,2.264790407303958,0.004924524872,803.0,62.0,0.0,0.0
NPL,Nepal,29136808.0,13320.0,8410.0,1929.9999999999998,3833268.935,2469865.121,900012.4262000001,528202.0399000001,510500.6064,575423.7032,885272.3820999999,1195121.061,1667270.7920000001,2251551.9020000002,2782715.331,2319000.0,65000.0,29493.0,50200.0,83026000.0,15137625.0,12716476.0,1166156.0,1100000.0,160000.0,70000.0,1.93,0.09,0.22,11966001.2774307,357356.111914686,1280787.42032513,0.18810310139371153,0.0,0.0,0.0,0.004799106842588351,0.004799106842588351,0.06189689860628848,0.06189689860628848,0.05709779176370013,0.24520089315741167,0.18810310139371153,0.18810310139371153,2063.3652916666665,27.29534666666668,165.6283133333333,0.0,0.0,0.180109583178953,0.0003916274633,2326.0,28.0,1.0,0.003169264619
NZL,New Zealand,5084300.0,84280.00000000001,45180.0,15560.000000000002,8578494.545,6130272.061,2139873.923,1356776.548,1124061.34,1065367.771,1375955.418,1686543.064,2192390.287,3032122.163,3857695.414,21786000.0,216586.0,45375.0,701294.0,25194000.0,26359963.0,10121435.0,4836726.0,640000.0,180000.0,40000.0,4.12,0.39,0.67,1270232.72219348,42324.1991222166,151097.039878566,0.1514745281068765,0.09631799104872106,0.09631799104872106,0.09631799104872106,0.0,0.0,0.09852547189312351,0.09852547189312351,0.09852547189312351,0.15368200895127893,0.05515653705815544,0.05515653705815544,544.9689583333329,11.961413333333331,68.22067999999999,677000.0,0.004564246099,0.5301396061136971,0.001152727276,620.0,-41.0,0.0,0.0
OMN,Oman,5106622.0,68490.0,38979.99999999999,12090.0,1256872.612,895653.3064,312996.8538,198057.17369999998,164767.9753,157020.92799999999,204126.20419999998,251231.4805,327646.929,452634.6657,575110.3883,236000.0,6547.0,0.0,15333.0,4829000.0,3024985.0,715115.0,127884.0,540000.0,160000.0,20000.0,0.35,0.02,0.06,353288.937325998,9464.41552787302,32788.526146435,0.0,0.0,0.0,0.0,0.0,0.0,0.0,0.0,0.0,0.0,0.0,0.0,349.471,40.07508,34.5325,0.0,0.0,0.6755448088860561,0.001468894077,110.0,21.0,1.0,0.0001498792382
PAK,Pakistan,221000000.0,122930.00000000001,73650.0,19820.0,35928630.49,21900632.61,8175219.336,4588836.387999999,4822939.8209999995,5854017.240999999,9551215.95,13248414.66,18814760.669999998,25260272.45,30991002.02,58851000.0,1657000.0,0.0,1179000.0,1446868000.0,109432000.0,98008000.0,14640000.0,4460000.0,1640000.0,150000.0,9.93,0.69,3.17,47126184.2765894,1659225.95358044,5192282.66501683,0.07923091076546734,0.04040165732271517,0.0,0.0,0.13656640373116807,0.13656640373116807,0.17076908923453263,0.17076908923453263,0.03420268550336458,0.07303193894611676,0.07923091076546734,0.07923091076546734,17094.227333333336,637.7890533333333,1707.3825633333333,41000.0,0.0002764166766,0.976674399289994,0.002123665552,31300.0,30.0,0.0,0.0
PAN,Panama,4314768.0,31649.999999999996,18730.0,5180.0,2019926.05,1364034.188,487301.0892,296458.0648,267098.4617,280148.4196,403708.55319999997,527268.6869000001,718929.4352,978281.9364,1220507.068,189000.0,211537.0,41386.0,71213.0,25719000.0,374477.0,1621774.0,144347.0,250000.0,20000.0,10000.0,0.71,0.05,0.11,837378.507354202,23073.2821404639,53461.1183548746,0.25,0.0,0.0,0.0,0.0,0.0,0.0,0.0,0.0,0.25,0.25,0.25,336.123,7.3451733333333316,19.347206666666665,0.0,0.0,0.518130239231724,0.001126614296,750.0,9.0,1.0,0.001021903897
PER,Peru,32971846.0,871200.0000000001,518460.00000000006,140650.0,21140681.01,14561617.93,5159669.729,3185489.584,2786760.741,2826738.5979999998,3938628.2569999998,5050517.916,6795612.678,9288455.235,11651632.19,2142000.0,1723497.0,169805.0,183941.0,190830000.0,16163953.0,7361172.0,906689.0,2710000.0,520000.0,180000.0,6.55,0.3,1.29,9154256.83109553,441695.93515808,751800.242672502,0.08209745411393263,0.009595638610123042,0.009595638610123042,0.10737720149308477,0.15962828551920394,0.15962828551920394,0.16790254588606734,0.0701209830031056,0.008274260366863422,0.08077607587067301,0.07250181550380959,0.07250181550380959,2497.508041666667,97.16777333333333,201.4990266666667,0.0,0.0,1.0328860548197847,0.002245891298,5678.0,-10.0,1.0,0.007736493769
PHL,Philippines,110000000.0,499570.0,300070.0,78970.0,12355448.379999999,7508198.702,2806531.431,1571332.013,1659261.324,2021679.395,3307821.8219999997,4593964.25,6529342.275,8763866.593999999,10748559.69,15000.0,1393586.0,1499853.0,114563.0,191057000.0,16639175.0,5655187.0,5433.0,8130000.000000001,2550000.0,220000.0,10.15,0.59,1.68,36822070.5284742,3119222.1936385,2600889.78158429,0.029191952373835373,0.029191952373835373,0.029191952373835373,1.4158429910121272e-05,0.0,0.0,0.22080804762616463,0.22080804762616463,0.22080804762616463,0.22080804762616463,0.0,0.029177793943925254,7745.638208333334,397.39581,571.5561783333334,0.0,0.0,1.9007315401092761,0.00413292096,10940.0,13.0,1.0,0.01490617151
PNG,Papua New Guinea,8947027.0,67890.0,39830.0,11349.999999999998,1172605.934,717605.4009,267406.0184,150587.0088,157320.3234,190013.4179,308880.8107,427748.2035,606830.1146,814995.0932,1000323.58,0.0,6639.0,82952.0,3128.0,4620000.0,2129316.0,94378.0,1626.0,150000.0,50000.0,0.0,0.18,0.0,0.07,2594100.98378428,622828.781410412,83894.3235782548,0.0,0.0,0.0,0.0,0.25,0.25,0.25,0.25,0.0,0.0,0.0,0.0,96.86566666666667,21.976053333333336,5.852,0.0,0.0,0.0,0.0,1000.0,-6.0,1.0,0.001362538529
PRK,Republic of Korea,51780579.0,300199.99999999994,180599.99999999997,44060.0,1654162.389,989908.8237,372551.7918,205939.10199999998,222610.5272,276306.9946,458210.2877,640113.5809,913198.6577,1224229.325,1499155.497,1818000.0,31687.0,110291.0,20926.0,53210000.0,6230000.0,629455.0,36268.0,4059999.9999999995,1020000.0,300000.0,9.94,0.41,2.38,5290900.08226336,178072.585389835,614286.511929321,0.24843585766471618,0.2303055466208178,0.0,0.0,0.0,0.0,0.001564142335283807,0.001564142335283807,0.001564142335283807,0.019694453379182183,0.24843585766471618,0.24843585766471618,6671.020750000002,230.53203000000002,617.0401816666669,43000.0,0.0002899004169,10.654660131265526,0.0231673265,1581.0,36.93525067,0.0,0.0
PRY,Paraguay,7132530.0,4170.0,2640.0,610.0,18800833.43,12979599.8,4594783.0709999995,2841514.251,2477417.788,2502936.6180000002,3472930.894,4442925.169,5967779.596,8161701.371,10245459.91,480000.0,71548.0,65735.0,515612.0,25341000.0,1749390.0,14300377.0,215193.0,270000.0,20000.0,0.0,4.58,0.13,1.61,18579384.4661444,2372044.80079829,5106586.18627078,0.1739554831290063,0.1739554831290063,0.1739554831290063,0.1739554831290063,0.002025208747232151,0.06127415931034068,0.06127415931034068,0.06127415931034068,0.0740193081237616,0.014770357560653072,0.014770357560653072,0.014770357560653072,6677.529000000001,837.8374266666665,1611.679013333333,0.0,0.0,0.17426801852267304,0.0003789256564,4824.0,-23.0,1.0,0.006572885865
QAT,Qatar,2881060.0,0.0,0.0,0.0,58157.0574,39876.88086,14156.17629,8710.554491,7671.787963,7843.159612,11017.13817,14191.11672,19157.564000000002,26156.06727,32766.35017,52000.0,34761.0,0.0,1512.0,1228000.0,1480553.0,181514.0,5300.0,0.0,0.0,0.0,0.0,0.0,0.0,15746.2477330484,303.220107503785,1315.72308359756,0.0,0.0,0.0,0.0,0.0,0.0,0.0,0.0,0.0,0.0,0.0,0.0,0.6,0.0019200000000000003,0.0,0.0,0.0,0.0,0.0,17.0,25.5,1.0,2.3163155e-05
RUS,Russian Federation,144000000.0,897640.0,492310.0,167240.0,200810515.4,129177638.60000001,47104617.29,27609871.02,26749586.810000002,30221468.45,46586155.17,62950841.9,87876167.88,118646843.3,146598536.4,31354000.0,4576733.0,4281613.0,1633742.0,534374000.0,47780737.0,19455347.0,6571603.0,4650000.0,2069999.9999999998,50000.0,42.99,2.1,10.02,141374965.696175,9356196.8359486,20790049.6521772,0.04666368396897172,0.0016017970066605563,0.0016017970066605563,0.0016017970066605563,0.0,0.0,0.19402015700341124,0.19402015700341124,0.2033363160310283,0.2483982029933395,0.054378045989928236,0.054378045989928236,23889.28504166667,1313.2550733333337,3397.510013333332,6366000.0,0.04291874544,6.946860520116751,0.01510514496,123442.0,60.0,0.0,0.0
RWA,Rwanda,12952209.0,4889.999999999999,3090.0,709.9999999999999,1761366.884,1091074.3339999998,404414.1967,230010.0,235908.79200000002,280564.0722,450757.4719,620950.8717,877925.9028,1180397.148,1450851.631,252000.0,19336.0,13547.0,34776.0,6984000.0,4868402.0,1333158.0,335087.0,50000.0,20000.0,0.0,0.05,0.0,0.01,2334138.7104007,57474.8100092133,246713.175801125,0.20927478592900572,0.20927478592900572,0.20927478592900572,0.20927478592900572,0.006239860227130913,0.006239860227130913,0.04072521407099428,0.04072521407099428,0.03448535384386337,0.03448535384386337,0.0,0.0,212.750125,8.505613333333335,16.106366666666666,0.0,0.0,0.047625294360533685,0.0001035556959,1402.0,-2.0,1.0,0.001910279018
SAU,Saudi Arabia,34813867.0,20010.0,12880.0,2630.0,142592753.7,102780130.8,35753163.84,22808075.73,18657377.759999998,17383366.03,21985975.35,26588584.67,34191128.78,47464879.690000005,60656464.9,2682000.0,900000.0,0.0,42000.0,202356000.0,15546699.0,1330840.0,224541.0,560000.0,160000.0,10000.0,10.58,0.32,1.53,2037012.74692916,107407.30806063,192406.686460853,0.017514454370658215,0.0,0.0,0.0,0.0,0.0,0.23248554562934173,0.23248554562934173,0.23248554562934173,0.24999999999999994,0.017514454370658215,0.017514454370658215,6248.117833333335,177.26653999999996,836.0281616666671,0.0,0.0,4.166099125848705,0.009058700841,3598.0,25.0,1.0,0.004902413628
SDN,Sudan,43849269.0,8140.000000000002,5180.0,1179.9999999999998,59724751.82,40618771.1,14468325.360000001,8848856.344,7888748.64,8177411.827,11648403.270000001,15119394.72,20523943.53,27969509.81,34958551.78,4623000.0,80357.0,0.0,389367.0,50747000.0,73174255.0,45100965.0,8226490.0,1650000.0,350000.0,230000.0,1.33,0.06,0.22,9680879.28822121,1772054.81920356,1283123.53940341,0.1451569933727575,0.0,0.0,0.0,0.0,0.0,0.1048430066272425,0.1048430066272425,0.1048430066272425,0.25,0.1451569933727575,0.1451569933727575,854.1712083333331,26.751733333333327,56.68483333333341,0.0,0.0,0.39086676336533577,0.0008498945826,19991.0,15.0,1.0,0.02723850774
SEN,Senegal,16743929.999999998,97790.0,56880.0,16470.0,7911399.842,5297710.175,1899265.148,1148157.475,1047504.2940000001,1113763.929,1626136.229,2138508.529,2930080.677,3980620.436,4956302.174000001,251000.0,122823.0,19470.0,77007.0,88495000.0,14309698.0,4784707.0,698942.0,660000.0,200000.0,50000.0,0.47,0.03,0.08,5706327.48596051,662161.283969253,652518.740727494,0.225092495057417,0.0,0.0,0.0,0.024907504942583012,0.024907504942583012,0.024907504942583012,0.024907504942583012,0.0,0.225092495057417,0.225092495057417,0.225092495057417,817.4993333333333,68.90037333333333,54.87805333333331,0.0,0.0,0.1142683987900463,0.0002484634208,3278.0,14.0,1.0,0.004466401299
SGP,Singapore,5685807.0,0.0,0.0,0.0,0.0,0.0,0.0,0.0,0.0,0.0,0.0,0.0,0.0,0.0,0.0,0.0,95766.0,27765.0,35.0,3912000.0,740.0,174.0,0.0,0.0,0.0,0.0,0.01,0.0,0.01,1416.60928415658,74.2258337432165,371.837473911765,0.0,0.0,0.0,0.0,0.0,0.0,0.0,0.0,0.0,0.0,0.0,0.0,188.81550000000001,20.79516,15.6772,0.0,0.0,1.9941815473282725,0.004336117196,0.0,1.3667,1.0,0.0
SLE,Sierra Leone,7976985.0,39350.0,22500.0,6940.0,3577256.393,2360354.969,851465.044,508990.7057,474714.6429,516543.9885,770495.6886,1024447.389,1414416.035,1916654.473,2378951.886,147000.0,19922.0,1478.0,9397.0,27673000.0,2016955.0,1044491.0,108316.0,70000.0,20000.0,0.0,0.07,0.01,0.02,2072628.32385939,149609.981682455,144251.719751816,0.24748037844715723,0.0,0.0,0.0,0.002519621552842763,0.002519621552842763,0.002519621552842763,0.002519621552842763,0.0,0.24748037844715723,0.24748037844715723,0.24748037844715723,267.8566666666668,2.036266666666667,20.965506666666663,0.0,0.0,0.015884610129135984,3.453924805e-05,1749.0,8.5,1.0,0.002383079888
SLV,El Salvador,6486201.0,11710.000000000002,7070.0,1880.0,1371905.62,877568.6047,320778.5378,187191.20950000003,182899.9994,208294.8623,323240.2956,438185.7289,612995.6597000001,827058.7867,1021002.964,357000.0,151719.0,7000.0,16896.0,17522000.0,269945.0,818669.0,179858.0,310000.0,110000.0,0.0,0.9,0.05,0.1,1692785.71538092,66785.2482308478,146393.404284062,0.25,0.0,0.0,0.0,0.0,0.0,0.0,0.0,0.0,0.25,0.25,0.25,854.3986666666668,21.465413333333338,45.50843999999999,0.0,0.0,0.08955182723343964,0.0001947200938,881.0,13.8333,1.0,0.001200396444
SOM,Somalia,15893219.0,0.0,0.0,0.0,36286220.730000004,26127388.27,9092526.976,5796095.316,4748666.871,4433778.794,5622508.035,6811237.277,8771043.468,12170239.34,15543744.16,2206000.0,3886.0,103.0,55000.0,3771000.0,23654148.0,12209401.0,1186851.0,0.0,0.0,0.0,0.0,0.0,0.0,314982.829659755,29438.3885200426,34563.0920660084,0.19926600117439813,0.0,0.0,0.0,0.05073399882560188,0.05073399882560188,0.05073399882560188,0.05073399882560188,0.0,0.19926600117439813,0.19926600117439813,0.19926600117439813,135.87916666666666,0.8678533333333335,1.9250999999999994,0.0,0.0,0.015868177787414263,3.450351783e-05,1125.0,10.0,1.0,0.001532855845
SRB,Serbia,6908224.0,1260.0,790.0,179.99999999999997,3384903.3559999997,2084842.274,774694.9393999999,438565.0934,453721.0732,543572.5744,878214.5646,1212856.5550000002,1717593.513,2308121.883,2835050.621,1597000.0,113978.0,303530.0,66926.0,15170000.0,4870040.0,899218.0,421748.0,340000.0,50000.0,20000.0,5.29,0.22,0.89,12017628.3196703,779265.166632885,1626437.92593999,0.183519875295515,0.0,0.0,0.0,0.0,0.0,0.06648012470448499,0.06648012470448499,0.06648012470448499,0.25,0.183519875295515,0.183519875295515,3887.314666666667,148.87417333333335,382.84982,0.0,0.0,0.17181244489419606,0.0003735862955,2785.0,46.07001609,0.0,0.0
SSD,South Sudan,11193729.0,0.0,0.0,0.0,23583910.06,16751571.059999999,5861710.196,3700564.58,3093360.364,2966410.7290000003,3884853.498,4803296.267,6286876.859,8674377.785999998,11005289.89,3086000.0,20294.0,0.0,144733.0,15000000.0,32549564.0,14118829.0,8432559.0,0.0,0.0,0.0,0.0,0.0,0.0,1525752.98001774,187608.717846243,173616.631368507,0.25,0.0,0.0,0.0,0.0,0.0,0.0,0.0,0.0,0.25,0.25,0.25,42.400833333333345,0.7899333333333327,2.880933333333333,0.0,0.0,0.016219964514115892,3.526843739e-05,2478.0,15.0,1.0,0.003376370475
SUR,Suriname,586634.0,7630.0,5269.999999999999,1040.0000000000002,82254.33176999999,50619.852190000005,18816.485969999998,10644.95769,11026.87788,13224.69324,21383.62116,29542.54907,41846.69436,56229.748530000004,69059.92122,3000.0,9687.0,2245.0,1724.0,6552000.0,43442.0,37763.0,1230.0,60000.0,0.0,0.0,0.04,0.0,0.0,292302.847504546,3997.26629394082,20747.9083371797,0.24871595268285643,0.24871595268285643,0.24871595268285643,0.24871595268285643,0.0012840473171436373,0.0012840473171436373,0.0012840473171436373,0.0012840473171436373,0.0,0.0,0.0,0.0,54.18583333333333,0.39222666666666667,4.149660000000001,0.0,0.0,0.0,0.0,68.0,4.0,1.0,9.265261998e-05
SWT,Eswatini,1160164.0,29.999999999999996,20.0,0.0,1036693.849,725699.5467000001,255444.12980000002,159579.2029,136302.0943,134328.30279999998,181469.5458,228610.78879999998,303563.7492,416784.41020000004,525666.1377000001,40000.0,6024.0,1373.0,16619.0,3871000.0,331061.0,638728.0,136166.0,320000.0,10000.0,0.0,0.04,0.0,0.01,539195.274923633,5230.96585664892,22812.0107302639,0.0,0.0,0.0,0.0,0.25,0.25,0.25,0.25,0.0,0.0,0.0,0.0,163.0,0.7093333333333334,0.8266666666666667,0.0,0.0,0.013248574323696536,2.880749299e-05,190.0,-26.5,1.0,0.0002588823205
SYR,Syrian Arab Republic,17500657.0,1179.9999999999998,719.9999999999999,179.99999999999997,12523982.969999999,8314924.0370000005,2991681.854,1796846.9379999998,1660411.852,1789495.637,2645999.5779999997,3502503.519,4820908.745,6539430.102,8127029.848999999,1785000.0,124772.0,0.0,64392.0,19069000.0,18069022.0,1005246.0,513543.0,0.0,0.0,0.0,0.0,0.0,0.0,5637914.79986146,336668.48767276,764165.277590334,0.00019746857681651614,0.00019746857681651614,0.00019746857681651614,0.00019746857681651614,0.006818421710704817,0.006818421710704817,0.24980253142318348,0.24980253142318348,0.24298410971247866,0.24298410971247866,0.0,0.0,1818.1116666666671,58.746266666666706,289.1337033333336,0.0,0.0,0.03333423078200974,7.248143054e-05,5733.0,35.0,0.0,0.0
TCD,Chad,16425859.0,18550.0,11720.000000000002,2690.0,42104991.9,29800001.970000003,10442750.809999999,6575704.725,5525924.457,5335487.763,7043164.536,8750841.309,11497287.979999999,15842804.24,20068702.959999997,389000.0,6617.0,2521.0,472864.0,6171000.0,80006884.0,46241474.0,859426.0,-10000.0,0.0,-10000.0,0.69,0.14,0.13,4035380.62940936,441023.865818621,491072.376961792,0.23976163967465491,0.0,0.0,0.0,0.009606267897677876,0.009606267897677876,0.01023836032534508,0.01023836032534508,0.0006320924276672043,0.2403937321023221,0.23976163967465491,0.23976163967465491,194.52799999999996,2.972586666666668,13.260633333333331,0.0,0.0,0.06342690810376644,0.0001379144779,5238.0,15.0,1.0,0.007136976816
TGO,Togo,8278737.0,5300.0,3160.0,870.0,3686115.9250000003,2298351.8880000003,849468.5336,485700.8442,493242.764,581621.9481,928274.0231999999,1274926.098,1799013.8,2420377.122,2977341.536,12000.0,43447.0,20418.0,6447.0,30534000.0,7568185.0,474618.0,68485.0,220000.0,90000.0,0.0,0.46,0.02,0.09,2277279.28502171,163565.340601612,215186.238082234,0.2485348157091199,0.0,0.0,0.0,0.001465184290880107,0.001465184290880107,0.001465184290880107,0.001465184290880107,0.0,0.2485348157091199,0.2485348157091199,0.2485348157091199,489.9444999999997,37.08118666666667,27.441593333333337,0.0,0.0,0.028194326842335294,6.130530373e-05,2820.0,8.0,1.0,0.003842358652
THA,Thailand,69799978.0,388980.0,250910.00000000003,52210.0,22333070.72,13369534.379999999,5030840.061,2781756.554,3005353.352,3728746.4839999997,6181700.761,8634655.038,12317374.120000001,16513040.229999999,20222060.689999998,1200000.0,1782014.0,893500.0,113010.0,299923000.0,8042271.0,5570936.0,220000.0,10660000.0,2810000.0,280000.0,12.75,0.69,2.28,54143429.2333605,2757188.09864817,3232483.00146755,0.2143332211643295,0.2143332211643295,0.2143332211643295,0.1280506226096042,0.0,0.0,0.035185855311312575,0.035185855311312575,0.0356667788356705,0.0356667788356705,0.0004809235243579242,0.08676352207908325,22218.299166666668,739.8289133333335,1063.8910200000003,892000.0,0.006013748183,2.3704014535482383,0.005154163881,21310.0,15.0,1.0,0.02903569606
TJK,Tajikistan,9537642.0,270.0,170.0,40.0,4034622.842,2809358.174,991028.1555999999,616726.4445,530918.2631999999,528288.24,721233.8247,914179.4092999999,1219522.444,1671742.267,2104482.5609999998,1055000.0,3745.0,913.0,166323.0,10257000.0,5769472.0,2562618.0,1057966.0,20000.0,10000.0,0.0,1.43,0.08,0.24,1602589.97443989,51920.8412942547,208575.872838497,0.0,0.0,0.0,0.0,0.0,0.0,0.25,0.25,0.25,0.25,0.0,0.0,570.1192916666663,12.95868333333332,100.30284000000003,0.0,0.0,0.07528405634541653,0.0001636964757,853.0,39.0,0.0,0.0
TKM,Turkmenistan,6031187.0,2600.0,1640.0,380.0,28054244.900000002,20051451.9,6998784.64,4438116.483,3675906.4,3482733.685,4496145.182999999,5509556.681,7160515.024,9903875.118,12601562.23,1900000.0,20110.0,214.0,144416.0,16989000.0,16305273.0,2452815.0,1001516.0,90000.0,30000.0,10000.0,0.62,0.06,0.16,1490709.88766885,37656.1147458318,197007.719741543,0.0178167057463142,0.0178167057463142,0.0178167057463142,0.0178167057463142,0.0028341404335479096,0.0028341404335479096,0.2321832942536858,0.2321832942536858,0.2293491538201379,0.2293491538201379,0.0,0.0,571.2395416666664,13.385476666666678,102.44824833333321,0.0,0.0,0.0,0.0,2000.0,40.0,0.0,0.0
TTO,Trinidad and Tobago,1399491.0,2250.0,1390.0,370.0,53535.187450000005,32585.31685,12171.507520000001,6823.781193000001,7187.836021,8740.274478,14279.4529,19818.63132,28156.166070000003,37797.15294,46364.82468,3000.0,63574.0,1749.0,966.0,37552000.0,50714.0,47343.0,7244.0,10000.0,0.0,0.0,0.13,0.01,0.03,25848.2330303556,3317.65805883755,1811.95902685313,0.25,0.08397016011644833,0.08397016011644833,0.08397016011644833,0.0,0.0,0.0,0.0,0.0,0.16602983988355166,0.16602983988355166,0.16602983988355166,31.941999999999997,1.1570533333333335,1.6667266666666665,0.0,0.0,0.0,0.0,47.0,11.0,1.0,6.403931087e-05
TUN,Tunisia,11818618.0,24489.999999999996,14130.0,4200.000000000001,8961456.258,5832557.958000001,2116253.455,1251781.866,1191669.881,1323662.6940000001,2010899.011,2698135.3279999997,3748510.351,5069072.363,6275611.7700000005,1407000.0,144000.0,125.0,41600.0,108720000.0,7479498.0,1233329.0,432740.0,200000.0,80000.0,0.0,2.93,0.1,0.56,2885812.64122281,422234.647597908,296693.045620916,0.0,0.0,0.0,0.0,0.002111079636832889,0.002111079636832889,0.25,0.25,0.24788892036316712,0.24788892036316712,0.0,0.0,1296.8154166666666,150.74689333333333,187.3543433333333,0.0,0.0,0.22913018872007698,0.000498217102,4993.0,34.0,0.0,0.0
TUR,T?rkiye,84339067.0,111980.00000000001,63930.0,19330.0,35445007.06,22628813.84,8278494.495999999,4823486.357,4726817.245999999,5397927.722,8395847.572,11393767.42,15950717.06,21515725.740000002,26553234.28,22960000.0,2138451.0,0.0,961519.0,386131000.0,54113616.0,18382694.0,6309235.0,3350000.0,670000.0,200000.0,18.12,1.02,4.34,44617490.2193782,2459785.61735776,5673398.74036508,0.021160816567663356,0.0,0.0,0.0,0.0,0.18027154738249523,0.18027154738249523,0.18027154738249523,0.22883918343233664,0.0697284526175048,0.0697284526175048,0.0697284526175048,8240.300333333334,817.2948266666665,659.2980333333331,0.0,0.0,6.182001391549399,0.01344204723,23099.0,39.0,0.0,0.0
TWN,Taiwan,23816000.0,0.0,0.0,0.0,803893.0114999999,478202.9987,180453.9618,99249.67898,108272.3771,135340.47129999998,225567.4522,315794.43309999997,451134.9045,604520.772,739861.2433,445000.0,656930.0,843856.0,6959.0,111220000.0,5643082.0,154499.0,62916.0,700000.0,250000.0,10000.0,5.85,0.27,1.33,2430863.33217028,57844.3502543763,201997.960433456,0.13088893874523672,0.0,0.0,0.0,0.0,0.0,0.11911106125476326,0.11911106125476326,0.11911106125476326,0.25,0.13088893874523672,0.13088893874523672,2632.073875000001,368.77272000000016,172.21596666666667,370201.0,0.002495847075,1.6647566224598702,0.003619820787,790.2,23.5,1.0,0.001076677946
TZA,United Republic of Tanzania,59734213.0,75970.0,46810.00000000001,11609.999999999998,35535178.31,23673603.98,8505417.887,5121815.454,4708730.184,5047556.566000001,7426292.907,9805029.247,13471763.9,18284930.74,22740706.490000002,2888000.0,86626.0,14977.0,486736.0,39358000.0,26994389.0,28524071.0,7116771.0,730000.0,290000.0,40000.0,1.59,0.08,0.22,19773789.2311111,1391477.60971096,2008386.46340964,0.0,0.0,0.0,0.0,0.06479707060178004,0.06479707060178004,0.25000000000000006,0.25000000000000006,0.18520292939821997,0.18520292939821997,0.0,0.0,2583.488291666666,198.80821666666668,153.00825666666665,44000.0,0.0002966422871,0.41765701090093255,0.0009081468783,15650.0,-6.0,1.0,0.02132372798
UGA,Uganda,45741000.0,86630.0,54740.00000000001,12560.0,13601370.5,8652335.175,3170244.083,1841925.3409999998,1814776.587,2082809.7739999997,3252924.966,4423040.158,6200055.412,8359622.471999999,10311377.45,1725000.0,69991.0,131234.0,163889.0,36263000.0,20092443.0,15560934.0,4037038.0,100000.0,40000.0,0.0,0.4,0.02,0.07,7966105.3543999,470368.21794436,782840.432006259,0.21147574656421148,0.0,0.0,0.0,0.03703474691318648,0.03703474691318648,0.03852425343578852,0.03852425343578852,0.001489506522602045,0.21296525308681352,0.21147574656421148,0.21147574656421148,1290.4676250000002,38.54356,112.62295999999999,0.0,0.0,0.18905054387196168,0.0004110685485,9100.0,1.0,1.0,0.01239910062
UKR,Ukraine,44134693.0,19660.0,11850.0,3110.0,41272150.12,25444234.12,9450810.756000001,5354305.505,5531500.152,6619029.3,10684249.75,14749470.19,20882047.439999998,28063945.479999997,34474495.33,9663000.0,1343910.0,697200.0,345400.0,224107000.0,6931900.0,3329077.0,1765600.0,3250000.0,730000.0,270000.0,18.87,0.49,5.48,77611430.5929628,7353439.09124244,10817222.1467946,0.11134452021937265,0.00014692942398185382,0.00014692942398185382,0.00014692942398185382,0.0,0.0,0.11961966530078677,0.11961966530078677,0.1386554797806274,0.24985307057601813,0.1302334052752314,0.1302334052752314,19560.790874999995,1124.2924666666668,2448.7277099999997,0.0,0.0,0.3672606425614535,0.0007985658024,33777.0,49.0,0.0,0.0
URY,Uruguay,3473727.0,10660.0,5550.0,2160.0,12330779.56,8659708.447,3044175.325,1906200.538,1620368.209,1587419.165,2130356.143,2673293.1199999996,3539232.834,4864192.819,6142406.505,2168000.0,30458.0,10526.0,506791.0,40239000.0,6517045.0,11614015.0,749000.0,140000.0,50000.0,0.0,1.16,0.08,0.21,4998607.46155425,490543.636339499,1119285.98496168,0.052314315419452855,0.052314315419452855,0.052314315419452855,0.19660517381067558,0.19768568458054717,0.19768568458054717,0.19768568458054717,0.0010805107698715732,0.0,0.0,0.0,0.052314315419452855,2181.4036666666666,223.40008666666668,445.5208049999999,2792781.0,0.01882856689,0.24636941018067374,0.0005357017958,2047.0,-33.0,0.0,0.0
USA,United States of America,329000000.0,891950.0,500120.0,156120.0,368321414.70000005,245609826.20000002,88207155.67999999,53155143.16,48798775.6,52231744.160000004,76739112.41,101246480.7,139038912.5,188746198.20000002,234789665.70000002,99109000.0,20490251.0,12845097.0,12357232.0,9453789000.0,85167000.0,104372926.0,9342600.0,139150000.0,15890000.0,11990000.0,201.86,10.48,44.73,504553927.216184,40553831.6318958,88379144.8740502,0.06474258400123008,0.0,0.0,0.0,0.0,0.023090787613278072,0.023090787613278072,0.025900812134178785,0.18525741599876994,0.2269092123867219,0.2269092123867219,0.2240991878658212,315956.3368333332,24550.365706666667,33809.764713333316,45160999.0,0.3044695916,130.683,0.2841550732,160437.0,38.0,0.0,0.0
UZB,Uzbekistan,34232050.0,14480.0,9150.0,2100.0000000000005,21772560.5,15182353.569999998,5352570.23,3334451.983,2864396.932,2842812.6040000003,3870157.993,4897503.382,6525307.766,8948728.078,11270822.87,10662000.0,66369.0,4844.0,961772.0,62592000.0,22511230.0,13579243.0,4024308.0,220000.0,80000.0,20000.0,4.34,0.28,0.98,8068415.66739756,266634.692357828,1063629.46524033,0.004998057013107702,0.004998057013107702,0.004998057013107702,0.004998057013107702,0.0,0.0,0.2450019429868923,0.2450019429868923,0.2450019429868923,0.2450019429868923,0.0,0.0,2492.4450833333312,83.49265333333334,438.5665183333333,0.0,0.0,0.5203740672631475,0.001131493241,4437.0,41.0,0.0,0.0
VEN,Venezuela (Bolivarian Republic of),28435943.0,54970.0,32810.0,8620.0,18231124.07,12767462.209999999,4493330.272,2807906.992,2396820.081,2360271.676,3185840.922,4011410.167,5324558.556,7311423.534,9222928.087,2066000.0,406074.0,127430.0,408573.0,129803000.0,5099104.0,17278957.0,2191928.0,350000.0,80000.0,0.0,2.41,0.1,0.35,3176665.6501804,214645.304334253,265846.000756164,0.20816129137135053,0.0,0.0,0.041838708628649454,0.041838708628649454,0.041838708628649454,0.041838708628649454,0.0,0.0,0.20816129137135053,0.20816129137135053,0.20816129137135053,1104.1368333333335,96.11776000000003,122.32836666666668,17928.0,0.0001208682482,0.0,0.0,3300.0,8.0,1.0,0.004496377146
VNM,Viet Nam,97338583.0,1149890.0,771630.0,148129.99999999997,12474215.16,7488215.3950000005,2814292.188,1559733.306,1678021.888,2075101.333,3432118.66,4789135.987,6827300.334,9154808.967999998,11214080.16,1013000.0,1146318.0,3550105.0,373611.0,496063000.0,24682431.0,8614214.0,331368.0,4620000.0,880000.0,160000.0,24.56,1.28,3.55,51054936.3041066,962438.945933327,4098983.0588577,0.21198303869614632,0.199631717622332,0.199631717622332,0.199631717622332,0.03801696130385373,0.03801696130385373,0.03801696130385373,0.03801696130385373,0.0,0.0123513210738143,0.0123513210738143,0.0123513210738143,13642.101166666665,690.3818533333333,1108.5744,110000.0,0.0007416057177,1.241252387106311,0.002698959795,11746.0,16.0,1.0,0.01600437756
YEM,Yemen,29825968.0,26320.0,15340.0,4420.0,19471359.32,13908532.69,4855832.443,3077890.0349999997,2551559.74,2420327.757,3129030.28,3837732.802,4991271.517999999,6901848.273,8779266.44,370000.0,194546.0,0.0,90164.0,70137000.0,18917608.0,2850177.0,390869.0,120000.0,0.0,-10000.0,0.61,0.03,0.11,681346.185486868,32848.7768930029,81161.6717242125,0.056700600572651756,0.0,0.0,0.0,0.026015690439562245,0.026015690439562245,0.19329939942734822,0.19329939942734822,0.16728370898778597,0.22398430956043774,0.056700600572651756,0.056700600572651756,420.2474583333333,38.89118666666668,95.50266000000002,0.0,0.0,0.0,0.0,1452.0,15.0,1.0,0.001978405944
ZAF,South Africa,59308690.0,103370.0,58050.0,18630.0,81218210.56,57178919.349999994,20080173.24,12596188.43,10668465.59,10403850.469999999,13890654.9,17377459.330000002,22952575.55,31570437.87,39904830.81,3873000.0,1873238.0,301990.0,1038688.0,180125000.0,28131727.0,12788706.0,1001111.0,1420000.0,620000.0,30000.0,6.5,0.29,1.36,20912237.4070907,1318798.98174914,2586091.69086724,0.026270498409650282,0.004669510530690749,0.0,0.0,0.2036589208934868,0.22372950159034974,0.22372950159034974,0.22372950159034974,0.02007058069686292,0.021600987878959536,0.026270498409650282,0.026270498409650282,6445.069166666667,237.53885333333335,557.8371566666666,744500.0,0.005019322335,1.4302292925096767,0.003109868225,12413.0,-29.0,1.0,0.01691319076
ZMB,Zambia,18383956.0,19730.0,12460.0,2859.9999999999995,20247461.169999998,14157037.22,4985596.884,3111941.3,2662591.007,2629608.622,3560763.2279999997,4491917.835,5970841.524999999,8194900.245999999,10331358.18,386000.0,51573.0,29156.0,198990.0,41085000.0,4256638.0,3742657.0,279630.0,90000.0,30000.0,0.0,1.06,0.07,0.33,5210451.31029447,267229.328762309,554418.561920538,0.0,0.0,0.0,0.0,0.21871362121876614,0.21871362121876614,0.25,0.25,0.03128637878123385,0.03128637878123385,0.0,0.0,1474.8336666666667,48.24966000000001,70.43943333333334,0.0,0.0,0.19210577434031195,0.0004177117939,3836.0,-15.0,1.0,0.005226697798
ZWE,Zimbabwe,14862927.0,4630.0,2920.0,670.0,14059765.29,9641732.829,3422597.552,2106195.777,1854654.422,1895646.794,2662151.05,3428655.305,4628137.716,6319057.964,7916348.5940000005,427000.0,67211.0,10107.0,52745.0,7695000.0,5421653.0,6118436.0,990344.0,60000.0,20000.0,0.0,0.22,0.01,0.08,1995227.60403725,109358.742971367,220356.832561992,0.0,0.0,0.0,0.00784610995259833,0.2319139437357072,0.2319139437357072,0.25,0.24215389004740168,0.01808605626429279,0.01808605626429279,0.0,0.0,665.6877083333335,28.81764,41.910938333333334,0.0,0.0,0.06326803369928465,0.0001375690239,4100.0,-17.51961668,1.0,0.00558640797
