ISO3 Country Code,Country,corn_year1,corn_year2,corn_year3,corn_year5,rice_year1,rice_year2,rice_year3,rice_year4,rice_year5,soy_year1,soy_year2,soy_year3,soy_year4,soy_year5,spring_wheat_year1,spring_wheat_year2,spring_wheat_year3,spring_wheat_year4,spring_wheat_year5
AFG,Afghanistan,-99.75786785,-100,-100,-100,-91.68556168,-100,-100,-100,-95.70096975,9.97E+036,9.97E+036,9.97E+036,9.97E+036,-60.2,-100,-100,-100,-88.7,-49.86424687
ALB,Albania,-100,-100,-100,-100,-75.67400379,-100,-100,-100,-100,9.97E+036,9.97E+036,9.97E+036,9.97E+036,-100,-97.5,-88.6,-88.6,-61.3,-13.83886246
DZA,Algeria,-100,-100,-100,-100,9.97E+036,9.97E+036,9.97E+036,9.97E+036,9.97E+036,9.97E+036,9.97E+036,9.97E+036,9.97E+036,-92.6,-61.3,12.1,12.1,67.6,158.3258081
ASM,American Samoa,9.97E+036,9.97E+036,9.97E+036,9.97E+036,9.97E+036,9.97E+036,9.97E+036,9.97E+036,9.97E+036,9.97E+036,9.97E+036,9.97E+036,9.97E+036,9.97E+036,9.97E+036,9.97E+036,9.97E+036,9.97E+036,9.97E+036
AGO,Angola,-8.403385043,-69.90909497,-96.49409958,-98.26756155,-15.18346965,-76.7769631,-97.44987307,-99.84941502,-99.75568862,9.97E+036,9.97E+036,9.97E+036,9.97E+036,-100,-0.56,-90.7,-90.7,-92,-74.88838451
ATG,Antigua and Barbuda,9.97E+036,9.97E+036,9.97E+036,9.97E+036,9.97E+036,9.97E+036,9.97E+036,9.97E+036,9.97E+036,9.97E+036,9.97E+036,9.97E+036,9.97E+036,9.97E+036,9.97E+036,9.97E+036,9.97E+036,9.97E+036,9.97E+036
ARG,Argentina,0.1410336313,-86.3749605,-96.19750575,-95.04364922,-8.455322329,-79.66747259,-98.2939504,-98.11491691,-97.852208,-16.5,-90.1,-92.6,-90.3,-75.8,-2.13,-30.2,-30.2,-47.8,-43.64005545
ARM,Armenia,-100,-100,-100,-100,-100,-100,-100,-100,-100,-100,-100,-100,-98.5,-100,-100,-100,-100,-100,-98.03035392
ABW,Aruba,9.97E+036,9.97E+036,9.97E+036,9.97E+036,9.97E+036,9.97E+036,9.97E+036,9.97E+036,9.97E+036,9.97E+036,9.97E+036,9.97E+036,9.97E+036,9.97E+036,9.97E+036,9.97E+036,9.97E+036,9.97E+036,9.97E+036
AUS,Australia,-17.56461925,-90.80346049,-97.66639602,-97.45491948,1.833709974,-100,-100,-100,-100,-48.1,-94.3,-78.7,-87.4,-84.9,27.1,0.847,0.847,-25.5,-37.96860341
AUT,Austria,-100,-100,-100,-100,9.97E+036,9.97E+036,9.97E+036,9.97E+036,9.97E+036,-100,-100,-100,-100,-100,-100,-100,-100,-100,-99.35146525
AZE,Azerbaijan,-100,-100,-100,-100,-99.9564025,-100,-100,-100,-100,-100,-100,-100,-30.9,-99.8,-100,-100,-100,-100,-90.13371523
BHS,Bahamas,9.97E+036,9.97E+036,9.97E+036,9.97E+036,9.97E+036,9.97E+036,9.97E+036,9.97E+036,9.97E+036,9.97E+036,9.97E+036,9.97E+036,9.97E+036,9.97E+036,9.97E+036,9.97E+036,9.97E+036,9.97E+036,9.97E+036
BHR,Bahrain,584.318941,-100,-100,30.84272241,9.97E+036,9.97E+036,9.97E+036,9.97E+036,9.97E+036,9.97E+036,9.97E+036,9.97E+036,9.97E+036,9.97E+036,9.97E+036,9.97E+036,9.97E+036,9.97E+036,9.97E+036
BGD,Bangladesh,-31.98311799,-100,-100,-100,-11.14746633,-100,-89.60881135,-58.01299361,-47.10464283,-90.9,-100,-100,-100,-35.7,-17.9,-10.2,-10.2,-20.7,-30.53680641
BRB,Barbados,9.97E+036,9.97E+036,9.97E+036,9.97E+036,9.97E+036,9.97E+036,9.97E+036,9.97E+036,9.97E+036,9.97E+036,9.97E+036,9.97E+036,9.97E+036,9.97E+036,9.97E+036,9.97E+036,9.97E+036,9.97E+036,9.97E+036
BLR,Belarus,-100,-100,-100,-100,9.97E+036,9.97E+036,9.97E+036,9.97E+036,9.97E+036,-100,-100,-100,-100,-100,-100,-100,-100,-100,-100
BEL,Belgium,-100,-100,-100,-100,9.97E+036,9.97E+036,9.97E+036,9.97E+036,9.97E+036,9.97E+036,9.97E+036,9.97E+036,9.97E+036,-100,-100,-100,-100,-100,-100
BLZ,Belize,-51.39977656,-76.01402402,-85.21464533,-75.76291184,18.23318028,-67.95204926,-98.55097193,-100,-95.48436337,-25.3,-100,-100,-100,-10.3,75.5,9.74,9.74,-4.51,26.35384092
BEN,Benin,-26.62800135,-59.061336,-65.76013652,-68.65150171,17.28185701,-75.88638963,-93.11884902,-87.5198332,-71.17706617,-64.8,-100,-100,-100,9.97E+036,9.97E+036,9.97E+036,9.97E+036,9.97E+036,9.97E+036
BMU,Bermuda,9.97E+036,9.97E+036,9.97E+036,9.97E+036,9.97E+036,9.97E+036,9.97E+036,9.97E+036,9.97E+036,9.97E+036,9.97E+036,9.97E+036,9.97E+036,9.97E+036,9.97E+036,9.97E+036,9.97E+036,9.97E+036,9.97E+036
BTN,Bhutan,-57.94592636,-100,-100,-100,-48.21720127,-100,-99.54440489,-96.26668469,-96.02861573,-98.7,-100,-100,-100,-85.3,-93.1,-90.3,-90.3,-92.4,-94.94604204
BOL,Bolivia,-31.21257758,-67.02209213,-87.65206018,-92.33745961,0.9725657532,-65.77384541,-92.82791471,-96.24370181,-95.4735426,7.67,-81.4,-99.5,-86.5,-40.6,-43.5,-73.8,-73.8,-79,-76.15069278
,"Bonaire, Saint Eustatius and Saba",9.97E+036,9.97E+036,9.97E+036,9.97E+036,9.97E+036,9.97E+036,9.97E+036,9.97E+036,9.97E+036,9.97E+036,9.97E+036,9.97E+036,9.97E+036,9.97E+036,9.97E+036,9.97E+036,9.97E+036,9.97E+036,9.97E+036
BIH,Bosnia and Herzegovina,-100,-100,-100,-100,9.97E+036,9.97E+036,9.97E+036,9.97E+036,9.97E+036,-100,-100,-100,-99.6,-100,-100,-98.7,-98.7,-88.8,-59.58234385
BWA,Botswana,-7.849576023,-71.5662468,-99.83823159,-98.98513234,-33.60203821,-96.45433401,-100,-100,-99.94790764,-50.3,-98.9,-95.3,-76.4,-100,-12.8,-84.3,-84.3,-78,-48.15767928
,Bouvet Island,9.97E+036,9.97E+036,9.97E+036,9.97E+036,9.97E+036,9.97E+036,9.97E+036,9.97E+036,9.97E+036,9.97E+036,9.97E+036,9.97E+036,9.97E+036,9.97E+036,9.97E+036,9.97E+036,9.97E+036,9.97E+036,9.97E+036
BRA,Brazil,-18.03762502,-51.97634789,-77.04091803,-81.70265503,6.822857048,-55.92738074,-88.58506792,-93.73395518,-92.0305822,2.97,-86,-97.8,-89,-89.7,-13.8,-39.4,-39.4,-54.2,-52.41462028
,British Indian Ocean Territory,9.97E+036,9.97E+036,9.97E+036,9.97E+036,9.97E+036,9.97E+036,9.97E+036,9.97E+036,9.97E+036,9.97E+036,9.97E+036,9.97E+036,9.97E+036,9.97E+036,9.97E+036,9.97E+036,9.97E+036,9.97E+036,9.97E+036
VGB,British Virgin Islands,9.97E+036,9.97E+036,9.97E+036,9.97E+036,9.97E+036,9.97E+036,9.97E+036,9.97E+036,9.97E+036,9.97E+036,9.97E+036,9.97E+036,9.97E+036,9.97E+036,9.97E+036,9.97E+036,9.97E+036,9.97E+036,9.97E+036
BRN,Brunei,9.97E+036,9.97E+036,9.97E+036,9.97E+036,9.97E+036,9.97E+036,9.97E+036,9.97E+036,9.97E+036,9.97E+036,9.97E+036,9.97E+036,9.97E+036,9.97E+036,9.97E+036,9.97E+036,9.97E+036,9.97E+036,9.97E+036
BGR,Bulgaria,-100,-100,-100,-100,-96.53115305,-100,-100,-100,-100,-100,-100,-100,-100,-100,-100,-100,-100,-100,-92.59914851
BFA,Burkina Faso,-30.3102184,-69.03618656,-76.18413234,-69.65647684,-0.3422848275,-92.10667398,-99.02485306,-96.92440727,-86.73682777,9.97E+036,9.97E+036,9.97E+036,9.97E+036,-83,-8.15,-81,-81,-74.6,-51.57450018
BDI,Burundi,-9.48862497,-88.3223839,-99.99918065,-100,-3.820015732,-98.31694981,-100,-100,-100,-12.8,-56.1,-40.4,-51,9.97E+036,9.97E+036,9.97E+036,9.97E+036,9.97E+036,9.97E+036
KHM,Cambodia,-36.29251339,-90.79728277,-93.60226766,-66.90353835,62.15447308,-97.2597282,-100,-99.42135739,-96.3071651,-66.4,-99.9,-100,-99.9,9.97E+036,9.97E+036,9.97E+036,9.97E+036,9.97E+036,9.97E+036
CMR,Cameroon,-39.16419372,-82.65965806,-89.36738365,-93.45677076,0.2845087265,-95.0839816,-96.56779466,-96.1351908,-96.09804895,-82.2,-95.2,-93.8,-98.3,-5.27,-81.6,-94.5,-94.5,-76.2,-78.62372718
CAN,Canada,-100,-100,-100,-100,-100,-100,-100,-100,-100,-100,-100,-100,-100,-100,-100,-100,-100,-100,-99.95323235
CPV,Cape Verde,9.97E+036,9.97E+036,9.97E+036,9.97E+036,9.97E+036,9.97E+036,9.97E+036,9.97E+036,9.97E+036,9.97E+036,9.97E+036,9.97E+036,9.97E+036,9.97E+036,9.97E+036,9.97E+036,9.97E+036,9.97E+036,9.97E+036
,Caspian Sea,-100,-100,-100,-100,-99.32246042,-100,-100,-100,-100,-100,-100,-100,-90,-97.1,-100,-100,-100,-100,-94.35598919
CYM,Cayman Islands,9.97E+036,9.97E+036,9.97E+036,9.97E+036,9.97E+036,9.97E+036,9.97E+036,9.97E+036,9.97E+036,9.97E+036,9.97E+036,9.97E+036,9.97E+036,9.97E+036,9.97E+036,9.97E+036,9.97E+036,9.97E+036,9.97E+036
CAF,Central African Republic,-33.98132483,-80.47440638,-92.91992775,-97.88608358,-0.3051073139,-99.26276255,-99.85479952,-99.41382136,-98.62181458,-97.9,-95.7,-74.8,-100,9.97E+036,9.97E+036,9.97E+036,9.97E+036,9.97E+036,9.97E+036
TCD,Chad,-25.57999126,-61.55777759,-71.27221481,-82.63902275,-16.28905426,-93.31505521,-92.57189245,-86.26911087,-88.56611489,9.97E+036,9.97E+036,9.97E+036,9.97E+036,-7.22,-72.5,-92.9,-92.9,-62.5,-64.64598892
CHL,Chile,-10.08080324,-92.32160838,-100,-99.60036021,-20.91831159,-16.42093336,78.02057919,89.90581829,96.34990281,-60.8,-82.3,-72.2,-60.3,-26.1,-50.7,-56.8,-56.8,-66.7,-63.59693725
CHN,China,-99.08042988,-99.99977016,-99.9977541,-99.95373633,-94.14053284,-100,-99.96577803,-99.77448601,-99.78503506,-99.9,-100,-100,-97,-82.4,-99.5,-98.6,-98.6,-96.1,-85.06100237
,Christmas Island,9.97E+036,9.97E+036,9.97E+036,9.97E+036,9.97E+036,9.97E+036,9.97E+036,9.97E+036,9.97E+036,9.97E+036,9.97E+036,9.97E+036,9.97E+036,9.97E+036,9.97E+036,9.97E+036,9.97E+036,9.97E+036,9.97E+036
,Cocos Islands,9.97E+036,9.97E+036,9.97E+036,9.97E+036,9.97E+036,9.97E+036,9.97E+036,9.97E+036,9.97E+036,9.97E+036,9.97E+036,9.97E+036,9.97E+036,9.97E+036,9.97E+036,9.97E+036,9.97E+036,9.97E+036,9.97E+036
COL,Colombia,-40.33614659,-90.05819706,-91.27016543,-90.80738065,-12.65383036,-81.1886654,-94.95358521,-95.61831403,-93.94685224,-76.1,-99,-88.4,-64.6,-46.1,-86.6,-66.8,-66.8,-48.3,-55.76370567
COM,Comoros,9.97E+036,9.97E+036,9.97E+036,9.97E+036,9.97E+036,9.97E+036,9.97E+036,9.97E+036,9.97E+036,9.97E+036,9.97E+036,9.97E+036,9.97E+036,9.97E+036,9.97E+036,9.97E+036,9.97E+036,9.97E+036,9.97E+036
COK,Cook Islands,9.97E+036,9.97E+036,9.97E+036,9.97E+036,9.97E+036,9.97E+036,9.97E+036,9.97E+036,9.97E+036,9.97E+036,9.97E+036,9.97E+036,9.97E+036,9.97E+036,9.97E+036,9.97E+036,9.97E+036,9.97E+036,9.97E+036
CRI,Costa Rica,-21.60784465,-77.16341883,-70.75716815,-56.09845274,253.2798816,285.6387165,313.2005937,107.4210267,231.5120024,9.97E+036,9.97E+036,9.97E+036,9.97E+036,9.97E+036,9.97E+036,9.97E+036,9.97E+036,9.97E+036,9.97E+036
CIV,C??te d'Ivoire,-28.70695318,-78.61226258,-75.66704049,-79.2216405,1.142428238,-88.2696461,-96.16039516,-94.76298545,-86.38983345,-52.1,-100,-100,-100,9.97E+036,9.97E+036,9.97E+036,9.97E+036,9.97E+036,9.97E+036
HRV,Croatia,-100,-100,-100,-100,9.97E+036,9.97E+036,9.97E+036,9.97E+036,9.97E+036,-100,-100,-100,-98.3,-100,-99.9,-99,-99,-93.2,-69.33821101
CUB,Cuba,-51.02877986,-76.02324091,-75.12475666,-60.32041622,-9.746337134,-61.81510098,-95.76739144,-100,-98.32159489,9.97E+036,9.97E+036,9.97E+036,9.97E+036,9.97E+036,9.97E+036,9.97E+036,9.97E+036,9.97E+036,9.97E+036
,Cura??ao,9.97E+036,9.97E+036,9.97E+036,9.97E+036,9.97E+036,9.97E+036,9.97E+036,9.97E+036,9.97E+036,9.97E+036,9.97E+036,9.97E+036,9.97E+036,9.97E+036,9.97E+036,9.97E+036,9.97E+036,9.97E+036,9.97E+036
CYP,Cyprus,-100,-100,-100,-100,9.97E+036,9.97E+036,9.97E+036,9.97E+036,9.97E+036,9.97E+036,9.97E+036,9.97E+036,9.97E+036,-98.7,-67.1,-6.79,-6.79,120,7.894982297
CZE,Czech Republic,-100,-100,-100,-100,9.97E+036,9.97E+036,9.97E+036,9.97E+036,9.97E+036,9.97E+036,9.97E+036,9.97E+036,9.97E+036,-100,-100,-100,-100,-100,-99.67824914
COD,Democratic Republic of the Congo,-11.54069859,-71.06107475,-96.71462109,-98.75942341,0.4215779105,-83.57740043,-99.57184546,-99.89183511,-99.81094462,-29.5,-89.2,-86.3,-58.1,9.97E+036,9.97E+036,9.97E+036,9.97E+036,9.97E+036,9.97E+036
DNK,Denmark,-100,-100,-100,-100,9.97E+036,9.97E+036,9.97E+036,9.97E+036,9.97E+036,9.97E+036,9.97E+036,9.97E+036,9.97E+036,-100,-100,-100,-100,-100,-100
DJI,Djibouti,-28.88039773,-97.89704595,-97.91148826,-98.2083277,-12.11020813,-100,-100,-100,-100,-87.6,-92.8,-77,-70.1,69.2,-92.2,-84.5,-84.5,-82.6,-84.24550834
DMA,Dominica,9.97E+036,9.97E+036,9.97E+036,9.97E+036,9.97E+036,9.97E+036,9.97E+036,9.97E+036,9.97E+036,9.97E+036,9.97E+036,9.97E+036,9.97E+036,9.97E+036,9.97E+036,9.97E+036,9.97E+036,9.97E+036,9.97E+036
DOM,Dominican Republic,-37.54021192,-65.53021332,-51.35880636,-24.89781032,19.93600781,-27.87507777,-60.37113465,-83.6682348,-60.13716626,9.97E+036,9.97E+036,9.97E+036,9.97E+036,9.97E+036,9.97E+036,9.97E+036,9.97E+036,9.97E+036,9.97E+036
TLS,East Timor,-85.64645721,5.601091639,-6.035643538,8.522365528,-13.82347702,-47.16699815,-78.33357602,-85.18227933,-63.91015722,9.97E+036,9.97E+036,9.97E+036,9.97E+036,9.97E+036,9.97E+036,9.97E+036,9.97E+036,9.97E+036,9.97E+036
ECU,Ecuador,-5.083313025,-71.75289059,-93.29426979,-97.66518546,-2.481815861,-78.81640747,-99.86514391,-100,-99.15231734,9.97E+036,9.97E+036,9.97E+036,9.97E+036,-4.4,-93.7,-94.3,-94.3,-81.5,-53.50321934
EGY,Egypt,-91.24212927,-100,-100,-98.83495556,-60.36420034,-100,-100,-100,-75.80890313,-98.8,-100,-93.5,-57.4,-43.3,-59.8,-36.8,-36.8,-21.6,-22.99279429
SLV,El Salvador,-34.979547,-80.86691733,-83.81026976,-78.6081673,13.48354476,-44.47317312,-99.96833504,-78.72151037,-98.45268358,-38.1,-100,-100,-100,9.97E+036,9.97E+036,9.97E+036,9.97E+036,9.97E+036,9.97E+036
GNQ,Equatorial Guinea,-26.35508594,-75.52496763,-72.41562547,-73.28590998,9.97E+036,9.97E+036,9.97E+036,9.97E+036,9.97E+036,-62.1,-96.6,-93,-91.1,9.97E+036,9.97E+036,9.97E+036,9.97E+036,9.97E+036,9.97E+036
ERI,Eritrea,-31.21112902,-69.22671282,-78.99759998,-73.31633924,-100,-100,-100,-100,6.776712744,9.97E+036,9.97E+036,9.97E+036,9.97E+036,-8.64,-1.44,-47.6,-47.6,-54.4,-45.79045569
EST,Estonia,9.97E+036,9.97E+036,9.97E+036,9.97E+036,9.97E+036,9.97E+036,9.97E+036,9.97E+036,9.97E+036,9.97E+036,9.97E+036,9.97E+036,9.97E+036,-100,-100,-100,-100,-100,-100
ETH,Ethiopia,-41.1487313,-93.88106735,-96.52396091,-96.99391882,-5.773234194,-98.07932908,-98.33859105,-99.65540167,-98.92669641,-97.9,-52.4,-59.2,-52.1,-11.8,-84.3,-83.7,-83.7,-79.7,-64.67641544
,Falkland Islands,9.97E+036,9.97E+036,9.97E+036,9.97E+036,9.97E+036,9.97E+036,9.97E+036,9.97E+036,9.97E+036,9.97E+036,9.97E+036,9.97E+036,9.97E+036,9.97E+036,9.97E+036,9.97E+036,9.97E+036,9.97E+036,9.97E+036
FRO,Faroe Islands,9.97E+036,9.97E+036,9.97E+036,9.97E+036,9.97E+036,9.97E+036,9.97E+036,9.97E+036,9.97E+036,9.97E+036,9.97E+036,9.97E+036,9.97E+036,9.97E+036,9.97E+036,9.97E+036,9.97E+036,9.97E+036,9.97E+036
FJI,Fiji,9.97E+036,9.97E+036,9.97E+036,9.97E+036,9.97E+036,9.97E+036,9.97E+036,9.97E+036,9.97E+036,9.97E+036,9.97E+036,9.97E+036,9.97E+036,9.97E+036,9.97E+036,9.97E+036,9.97E+036,9.97E+036,9.97E+036
FIN,Finland,-100,-100,-100,-100,-100,-100,-100,-100,-100,-100,-100,-100,-100,-100,-100,-100,-100,-100,-100
FRA,France,-100,-100,-100,-100,-99.92001331,-100,-100,-99.98569829,-99.91020237,-100,-100,-100,-99.5,-100,-99.9,-99.4,-99.4,-97.1,-86.85006116
GUF,French Guiana,-45.99767845,-91.86065373,-97.54864877,-99.15202289,11.6132476,-38.76277152,-51.60669488,-81.01866362,-72.26695126,9.97E+036,9.97E+036,9.97E+036,9.97E+036,9.97E+036,9.97E+036,9.97E+036,9.97E+036,9.97E+036,9.97E+036
PYF,French Polynesia,9.97E+036,9.97E+036,9.97E+036,9.97E+036,9.97E+036,9.97E+036,9.97E+036,9.97E+036,9.97E+036,9.97E+036,9.97E+036,9.97E+036,9.97E+036,9.97E+036,9.97E+036,9.97E+036,9.97E+036,9.97E+036,9.97E+036
,French Southern Territories,9.97E+036,9.97E+036,9.97E+036,9.97E+036,9.97E+036,9.97E+036,9.97E+036,9.97E+036,9.97E+036,9.97E+036,9.97E+036,9.97E+036,9.97E+036,9.97E+036,9.97E+036,9.97E+036,9.97E+036,9.97E+036,9.97E+036
GAB,Gabon,-6.155400229,-65.62831045,-84.02453234,-88.29608409,3.056559334,-80.34520026,-99.02057173,-99.7861402,-98.22829004,-28.1,-96,-84.8,-76.8,9.97E+036,9.97E+036,9.97E+036,9.97E+036,9.97E+036,9.97E+036
GMB,Gambia,-44.98192639,-61.9392036,-52.56623258,-46.08476026,-20.49283064,2115.99814,1003.029411,212.6743165,5.598219534,9.97E+036,9.97E+036,9.97E+036,9.97E+036,9.97E+036,9.97E+036,9.97E+036,9.97E+036,9.97E+036,9.97E+036
GEO,Georgia,-100,-100,-100,-100,-100,-100,-100,-100,-100,-100,-100,-100,-25.8,-100,-100,-100,-100,-100,-98.55900433
DEU,Germany,-100,-100,-100,-100,9.97E+036,9.97E+036,9.97E+036,9.97E+036,9.97E+036,-100,-100,-100,-100,-100,-100,-100,-100,-100,-100
GHA,Ghana,-28.4264884,-67.15544194,-64.35847872,-69.21852755,8.674963154,-81.99218417,-93.02616454,-90.8342499,-80.39504189,9.97E+036,9.97E+036,9.97E+036,9.97E+036,9.97E+036,9.97E+036,9.97E+036,9.97E+036,9.97E+036,9.97E+036
GRC,Greece,-100,-100,-100,-100,-94.83834477,-100,-100,-100,-98.58643933,9.97E+036,9.97E+036,9.97E+036,9.97E+036,-100,-93.1,-70.4,-70.4,-35.5,20.80195714
GRD,Grenada,9.97E+036,9.97E+036,9.97E+036,9.97E+036,9.97E+036,9.97E+036,9.97E+036,9.97E+036,9.97E+036,9.97E+036,9.97E+036,9.97E+036,9.97E+036,9.97E+036,9.97E+036,9.97E+036,9.97E+036,9.97E+036,9.97E+036
GLP,Guadeloupe,9.97E+036,9.97E+036,9.97E+036,9.97E+036,9.97E+036,9.97E+036,9.97E+036,9.97E+036,9.97E+036,9.97E+036,9.97E+036,9.97E+036,9.97E+036,9.97E+036,9.97E+036,9.97E+036,9.97E+036,9.97E+036,9.97E+036
GUM,Guam,9.97E+036,9.97E+036,9.97E+036,9.97E+036,9.97E+036,9.97E+036,9.97E+036,9.97E+036,9.97E+036,9.97E+036,9.97E+036,9.97E+036,9.97E+036,9.97E+036,9.97E+036,9.97E+036,9.97E+036,9.97E+036,9.97E+036
GTM,Guatemala,-48.57152828,-82.62547315,-88.75278662,-85.17115559,17.0128923,-77.60520183,-99.53918899,-93.79163683,-97.26648161,-58,-100,-98.7,-100,-29.3,-3.54,-51.3,-51.3,-58,-30.95692778
,Guernsey,-100,-100,-100,-100,9.97E+036,9.97E+036,9.97E+036,9.97E+036,9.97E+036,9.97E+036,9.97E+036,9.97E+036,9.97E+036,-100,-100,-100,-100,-100,-57.7137844
GIN,Guinea,-21.05438922,-82.64053978,-82.69157794,-76.52683524,-4.60147714,-81.49855815,-92.44423166,-96.09426736,-91.04484968,9.97E+036,9.97E+036,9.97E+036,9.97E+036,9.97E+036,9.97E+036,9.97E+036,9.97E+036,9.97E+036,9.97E+036
GNB,Guinea-Bissau,-23.24808297,-63.49044467,-47.22537702,-39.41346218,12.41724474,-8.238402818,-37.79042192,-80.21536742,-67.24080105,9.97E+036,9.97E+036,9.97E+036,9.97E+036,9.97E+036,9.97E+036,9.97E+036,9.97E+036,9.97E+036,9.97E+036
GUY,Guyana,-34.51148116,-86.96806988,-84.87563818,-85.92690543,31.56063513,-2.626085385,-74.7812553,-83.04624896,-66.69925235,9.97E+036,9.97E+036,9.97E+036,9.97E+036,9.97E+036,9.97E+036,9.97E+036,9.97E+036,9.97E+036,9.97E+036
HTI,Haiti,60.864241,4.317702066,52.38931343,130.0705513,64.73446851,114.0795113,64.54455208,-35.01232258,52.70510552,9.97E+036,9.97E+036,9.97E+036,9.97E+036,9.97E+036,9.97E+036,9.97E+036,9.97E+036,9.97E+036,9.97E+036
,Heard Island and McDonald Islands,9.97E+036,9.97E+036,9.97E+036,9.97E+036,9.97E+036,9.97E+036,9.97E+036,9.97E+036,9.97E+036,9.97E+036,9.97E+036,9.97E+036,9.97E+036,9.97E+036,9.97E+036,9.97E+036,9.97E+036,9.97E+036,9.97E+036
HND,Honduras,-35.336922,-76.23425448,-82.08312238,-71.08112734,24.67340195,-48.57950295,-98.41575414,-96.00134445,-93.05487599,-37.3,-100,-100,-99.8,9.97E+036,9.97E+036,9.97E+036,9.97E+036,9.97E+036,9.97E+036
HUN,Hungary,-100,-100,-100,-100,9.97E+036,9.97E+036,9.97E+036,9.97E+036,9.97E+036,-100,-100,-100,-100,-100,-100,-100,-100,-100,-92.53836489
ISL,Iceland,9.97E+036,9.97E+036,9.97E+036,9.97E+036,-100,-100,-100,-100,-100,9.97E+036,9.97E+036,9.97E+036,9.97E+036,-100,-100,-100,-100,-100,-100
IND,India,-35.69420511,-93.9351516,-95.45325354,-91.84101671,-20.23186301,-94.96692828,-92.48353805,-73.31298739,-63.7729276,-74.4,-99.4,-97.8,-96.1,-36.6,-22.6,-22.5,-22.5,-27.4,-34.76080512
IDN,Indonesia,-21.45265234,-71.67019738,-65.91813345,-61.94210959,-4.528926634,-61.99968719,-76.81087492,-88.72452388,-81.96316428,-14,-82.2,-97.7,-93,9.97E+036,9.97E+036,9.97E+036,9.97E+036,9.97E+036,9.97E+036
IRN,Iran,-97.14598966,-100,-100,-99.80899399,-86.32162295,-100,-99.75179346,-98.64781716,-98.97063364,-99.9,-100,-99.1,-68.4,-63.4,-98,-96.7,-96.7,-79.1,-30.07223043
IRQ,Iraq,-99.59990749,-100,-100,-99.99408483,-87.26379364,-100,-100,-99.9903138,-93.07475019,-100,-100,-98.3,-79.3,-71.6,-99.5,-64.3,-64.3,12.9,13.97437872
IRL,Ireland,9.97E+036,9.97E+036,9.97E+036,9.97E+036,9.97E+036,9.97E+036,9.97E+036,9.97E+036,9.97E+036,9.97E+036,9.97E+036,9.97E+036,9.97E+036,-100,-100,-100,-100,-100,-99.77138587
IMN,Isle of Man,-100,-100,-100,-100,9.97E+036,9.97E+036,9.97E+036,9.97E+036,9.97E+036,9.97E+036,9.97E+036,9.97E+036,9.97E+036,-100,-100,-100,-100,-100,-100
ISR,Israel,-100,-100,-100,-100,9.97E+036,9.97E+036,9.97E+036,9.97E+036,9.97E+036,9.97E+036,9.97E+036,9.97E+036,9.97E+036,-77.7,-79,-58.9,-58.9,-30.3,-27.59534795
ITA,Italy,-100,-100,-100,-100,-98.37725428,-100,-100,-99.76922887,-97.49383944,-100,-100,-100,-100,-100,-96.1,-81,-81,-67.6,-40.48563343
JAM,Jamaica,45.07125222,-17.01537889,16.36293177,62.59661841,9.97E+036,9.97E+036,9.97E+036,9.97E+036,9.97E+036,9.97E+036,9.97E+036,9.97E+036,9.97E+036,9.97E+036,9.97E+036,9.97E+036,9.97E+036,9.97E+036,9.97E+036
JPN,Japan,-100,-100,-100,-100,-99.29646294,-100,-100,-100,-100,-100,-100,-100,-100,-95.1,-99.5,-99.5,-99.5,-98.6,-97.96567641
,Jersey,-100,-100,-100,-100,9.97E+036,9.97E+036,9.97E+036,9.97E+036,9.97E+036,9.97E+036,9.97E+036,9.97E+036,9.97E+036,-100,-100,-100,-100,-100,-60.90218063
JOR,Jordan,-100,-100,-100,-100,9.97E+036,9.97E+036,9.97E+036,9.97E+036,9.97E+036,9.97E+036,9.97E+036,9.97E+036,9.97E+036,-53.6,-93.3,-79.4,-79.4,-53.1,-30.96292898
KAZ,Kazakhstan,-100,-100,-100,-100,-100,-100,-100,-100,-97.05591137,-100,-100,-100,-98,-99.6,-100,-100,-100,-100,-98.70637545
KEN,Kenya,-0.5134443366,-87.44146873,-87.17614688,-85.95041413,-37.07839561,-93.38514683,-89.97402125,-94.8326069,-93.98703208,-94.8,-100,-100,-91.4,48.6,-69.2,-83.3,-83.3,-91.9,-90.71651704
KIR,Kiribati,9.97E+036,9.97E+036,9.97E+036,9.97E+036,9.97E+036,9.97E+036,9.97E+036,9.97E+036,9.97E+036,9.97E+036,9.97E+036,9.97E+036,9.97E+036,9.97E+036,9.97E+036,9.97E+036,9.97E+036,9.97E+036,9.97E+036
,Kosovo,-100,-100,-100,-100,-91.24709043,-100,-100,-100,-100,-100,-100,-100,-100,-100,-100,-100,-100,-98.3,-81.78683387
KWT,Kuwait,-71.58268277,-100,-100,-98.8283501,-46.84802698,-100,-100,-99.22931321,-99.84486442,-100,-100,-100,2290,-33.1,-94.8,41.8,41.8,-23.5,-40.99983352
KGZ,Kyrgyzstan,-100,-100,-100,-100,-100,-100,-100,-100,-98.7771107,-100,-100,-100,-100,-99.8,-100,-100,-100,-100,-97.90800926
LAO,Laos,-71.38916881,-99.45149884,-99.90194651,-95.58504167,-36.48760614,-100,-99.32785762,-97.50191265,-96.22112416,-95.4,-100,-98.8,-97.1,-38.7,-100,-99,-99,-99.9,-91.89514874
LVA,Latvia,-100,-100,-100,-100,9.97E+036,9.97E+036,9.97E+036,9.97E+036,9.97E+036,9.97E+036,9.97E+036,9.97E+036,9.97E+036,-100,-100,-100,-100,-100,-100
LBN,Lebanon,-100,-100,-100,-100,9.97E+036,9.97E+036,9.97E+036,9.97E+036,9.97E+036,9.97E+036,9.97E+036,9.97E+036,9.97E+036,-94.3,-75,-44.1,-44.1,16.2,-34.43467583
LSO,Lesotho,-0.3126810201,-99.7871058,-100,-100,9.97E+036,9.97E+036,9.97E+036,9.97E+036,9.97E+036,-36.5,-86.6,-46.4,-19,-70.9,-18.9,-63.4,-63.4,-58.7,-47.21907076
LBR,Liberia,-22.80135749,-89.07101712,-79.00887041,-76.45266276,-0.5041556896,-79.3224214,-92.0442496,-88.64980091,-81.28318259,-46.3,-99,-100,-100,9.97E+036,9.97E+036,9.97E+036,9.97E+036,9.97E+036,9.97E+036
LBY,Libya,9.97E+036,9.97E+036,9.97E+036,9.97E+036,9.97E+036,9.97E+036,9.97E+036,9.97E+036,9.97E+036,9.97E+036,9.97E+036,9.97E+036,9.97E+036,-88,35.8,66.8,66.8,182,432.658143
LTU,Lithuania,-100,-100,-100,-100,9.97E+036,9.97E+036,9.97E+036,9.97E+036,9.97E+036,9.97E+036,9.97E+036,9.97E+036,9.97E+036,-100,-100,-100,-100,-100,-100
LUX,Luxembourg,-100,-100,-100,-100,9.97E+036,9.97E+036,9.97E+036,9.97E+036,9.97E+036,9.97E+036,9.97E+036,9.97E+036,9.97E+036,-100,-100,-100,-100,-100,-100
MKD,Macedonia,-100,-100,-100,-100,-87.9055136,-100,-100,-100,-100,9.97E+036,9.97E+036,9.97E+036,9.97E+036,-100,-100,-100,-100,-93.7,-60.79304994
MDG,Madagascar,5.087884308,-58.33562285,-75.69566266,-83.78172567,18.21870987,-64.00880593,-95.12139349,-95.33487858,-93.94771908,9.97E+036,9.97E+036,9.97E+036,9.97E+036,9.97E+036,9.97E+036,9.97E+036,9.97E+036,9.97E+036,9.97E+036
MWI,Malawi,7.443148052,-70.61508688,-96.37232522,-97.1907064,-5.723122065,-92.50866337,-99.93136135,-99.9297517,-99.92170892,9.97E+036,9.97E+036,9.97E+036,9.97E+036,2.77,-98.5,-100,-100,-100,-100
MYS,Malaysia,-35.55618669,-76.13533202,-72.13517634,-65.27085537,-5.095659824,-69.0376035,-95.98708198,-96.50818544,-85.70030795,-45.3,-100,-98.1,-100,9.97E+036,9.97E+036,9.97E+036,9.97E+036,9.97E+036,9.97E+036
MDV,Maldives,9.97E+036,9.97E+036,9.97E+036,9.97E+036,9.97E+036,9.97E+036,9.97E+036,9.97E+036,9.97E+036,9.97E+036,9.97E+036,9.97E+036,9.97E+036,9.97E+036,9.97E+036,9.97E+036,9.97E+036,9.97E+036,9.97E+036
MLI,Mali,-35.68508957,-70.1307788,-72.9282294,-58.31728939,-3.360835093,-90.0292526,-97.37591126,-86.58062297,-89.1440678,9.97E+036,9.97E+036,9.97E+036,9.97E+036,-49.3,-17.5,-58.8,-58.8,-40.5,-52.19488189
MLT,Malta,9.97E+036,9.97E+036,9.97E+036,9.97E+036,9.97E+036,9.97E+036,9.97E+036,9.97E+036,9.97E+036,9.97E+036,9.97E+036,9.97E+036,9.97E+036,9.97E+036,9.97E+036,9.97E+036,9.97E+036,9.97E+036,9.97E+036
MHL,Marshall Islands,9.97E+036,9.97E+036,9.97E+036,9.97E+036,9.97E+036,9.97E+036,9.97E+036,9.97E+036,9.97E+036,9.97E+036,9.97E+036,9.97E+036,9.97E+036,9.97E+036,9.97E+036,9.97E+036,9.97E+036,9.97E+036,9.97E+036
MTQ,Martinique,9.97E+036,9.97E+036,9.97E+036,9.97E+036,9.97E+036,9.97E+036,9.97E+036,9.97E+036,9.97E+036,9.97E+036,9.97E+036,9.97E+036,9.97E+036,9.97E+036,9.97E+036,9.97E+036,9.97E+036,9.97E+036,9.97E+036
MRT,Mauritania,-28.70563337,-7.583804886,-5.016021198,126.9404869,-1.805730122,-77.53593934,-50.35151116,145.5426299,-87.5662427,9.97E+036,9.97E+036,9.97E+036,9.97E+036,9.97E+036,9.97E+036,9.97E+036,9.97E+036,9.97E+036,9.97E+036
MUS,Mauritius,9.97E+036,9.97E+036,9.97E+036,9.97E+036,9.97E+036,9.97E+036,9.97E+036,9.97E+036,9.97E+036,9.97E+036,9.97E+036,9.97E+036,9.97E+036,9.97E+036,9.97E+036,9.97E+036,9.97E+036,9.97E+036,9.97E+036
MYT,Mayotte,9.97E+036,9.97E+036,9.97E+036,9.97E+036,9.97E+036,9.97E+036,9.97E+036,9.97E+036,9.97E+036,9.97E+036,9.97E+036,9.97E+036,9.97E+036,9.97E+036,9.97E+036,9.97E+036,9.97E+036,9.97E+036,9.97E+036
MEX,Mexico,-90.20176233,-97.93399747,-99.09776484,-98.90451717,-67.95757266,-98.87566663,-99.00204616,-98.61140106,-80.83596774,-94.3,-100,-93.7,-61.9,-57.2,-71.5,-74.8,-74.8,-72,-63.30754582
FSM,Micronesia,9.97E+036,9.97E+036,9.97E+036,9.97E+036,9.97E+036,9.97E+036,9.97E+036,9.97E+036,9.97E+036,9.97E+036,9.97E+036,9.97E+036,9.97E+036,9.97E+036,9.97E+036,9.97E+036,9.97E+036,9.97E+036,9.97E+036
MDA,Moldova,-100,-100,-100,-100,9.97E+036,9.97E+036,9.97E+036,9.97E+036,9.97E+036,-100,-100,-100,-100,-100,-100,-100,-100,-100,-100
MNG,Mongolia,-100,-100,-100,-100,-100,-100,-100,-100,-100,-100,-100,-100,-100,-100,-100,-100,-100,-100,-100
MNE,Montenegro,-100,-100,-100,-100,9.97E+036,9.97E+036,9.97E+036,9.97E+036,9.97E+036,-100,-100,-100,-100,-100,-98.9,-92.1,-92.1,-66.5,-35.10195466
MSR,Montserrat,9.97E+036,9.97E+036,9.97E+036,9.97E+036,9.97E+036,9.97E+036,9.97E+036,9.97E+036,9.97E+036,9.97E+036,9.97E+036,9.97E+036,9.97E+036,9.97E+036,9.97E+036,9.97E+036,9.97E+036,9.97E+036,9.97E+036
MAR,Morocco,-100,-100,-100,-100,-100,-100,-100,-99.59288963,-98.96510179,9.97E+036,9.97E+036,9.97E+036,9.97E+036,-96.3,-83.2,-46.6,-46.6,-29.1,26.57276936
MOZ,Mozambique,2.440719505,-52.13611914,-75.88574113,-81.77804828,13.18700997,-57.60000827,-95.34516197,-95.76959648,-95.22398685,-0.246,-99.9,-95.6,-92.3,-76.6,-5.06,-62.3,-62.3,-75.5,-67.19028613
MMR,Myanmar,-60.97573593,-99.13326047,-99.78971758,-97.98872015,-38.11057304,-99.99820549,-99.97806878,-99.51474774,-99.21486501,-86.7,-100,-100,-99.2,-36.7,-83.7,-86.2,-86.2,-84.7,-72.3172828
NAM,Namibia,-17.63190225,-65.87406408,-99.55024188,-99.96412617,-39.20741645,-90.12619029,-100,-100,-99.81255715,-46.6,-100,-100,-98.5,-100,-46.2,-87.2,-87.2,-87.7,-63.54435563
NRU,Nauru,9.97E+036,9.97E+036,9.97E+036,9.97E+036,9.97E+036,9.97E+036,9.97E+036,9.97E+036,9.97E+036,9.97E+036,9.97E+036,9.97E+036,9.97E+036,9.97E+036,9.97E+036,9.97E+036,9.97E+036,9.97E+036,9.97E+036
NPL,Nepal,-88.47670085,-100,-100,-99.40355441,-69.55265136,-100,-96.50444383,-91.58660726,-88.8907977,-97.6,-99.9,-99.3,-90.8,-67.2,-91.3,-93.6,-93.6,-87.8,-75.5277296
NLD,Netherlands,-100,-100,-100,-100,9.97E+036,9.97E+036,9.97E+036,9.97E+036,9.97E+036,9.97E+036,9.97E+036,9.97E+036,9.97E+036,-100,-100,-100,-100,-100,-100
NCL,New Caledonia,9.97E+036,9.97E+036,9.97E+036,9.97E+036,9.97E+036,9.97E+036,9.97E+036,9.97E+036,9.97E+036,9.97E+036,9.97E+036,9.97E+036,9.97E+036,9.97E+036,9.97E+036,9.97E+036,9.97E+036,9.97E+036,9.97E+036
NZL,New Zealand,-16.72944993,-100,-100,-100,9.97E+036,9.97E+036,9.97E+036,9.97E+036,9.97E+036,9.97E+036,9.97E+036,9.97E+036,9.97E+036,14.7,-48.2,-67.1,-67.1,-72.8,-71.52822202
NIC,Nicaragua,-41.78813,-83.44550351,-84.77778232,-72.14264204,18.59108593,-55.92849798,-98.03755929,-99.80118341,-91.52093102,-54.8,-100,-100,-98,9.97E+036,9.97E+036,9.97E+036,9.97E+036,9.97E+036,9.97E+036
NER,Niger,-21.01122957,-75.93926188,-87.65723698,-70.87789991,73.57423484,-99.209204,-99.84954251,-99.537162,-96.7107446,-73.2,-100,-100,-100,-9.28,-57.9,-87.8,-87.8,-78.1,-52.21703041
NGA,Nigeria,-26.51149022,-61.58347592,-73.71580962,-76.34496771,8.702560627,-84.5403435,-94.30090243,-93.87924905,-91.06127711,-69.8,-99.8,-99.9,-100,-4.24,-77.3,-90,-90,-85.4,-80.03980402
NIU,Niue,9.97E+036,9.97E+036,9.97E+036,9.97E+036,9.97E+036,9.97E+036,9.97E+036,9.97E+036,9.97E+036,9.97E+036,9.97E+036,9.97E+036,9.97E+036,9.97E+036,9.97E+036,9.97E+036,9.97E+036,9.97E+036,9.97E+036
,Norfolk Island,9.97E+036,9.97E+036,9.97E+036,9.97E+036,9.97E+036,9.97E+036,9.97E+036,9.97E+036,9.97E+036,9.97E+036,9.97E+036,9.97E+036,9.97E+036,9.97E+036,9.97E+036,9.97E+036,9.97E+036,9.97E+036,9.97E+036
PRK,North Korea,-100,-100,-100,-100,-99.93295687,-100,-100,-100,-100,-100,-100,-100,-100,-100,-100,-100,-100,-100,-100
MNP,Northern Mariana Islands,9.97E+036,9.97E+036,9.97E+036,9.97E+036,9.97E+036,9.97E+036,9.97E+036,9.97E+036,9.97E+036,9.97E+036,9.97E+036,9.97E+036,9.97E+036,9.97E+036,9.97E+036,9.97E+036,9.97E+036,9.97E+036,9.97E+036
NOR,Norway,9.97E+036,9.97E+036,9.97E+036,9.97E+036,-100,-100,-100,-100,-100,-100,-100,-100,-100,-100,-100,-100,-100,-100,-100
OMN,Oman,63.21481545,-100,-100,54.05149309,9.97E+036,9.97E+036,9.97E+036,9.97E+036,9.97E+036,-0.687,-66.7,-100,81.5,383,1350,2550,2550,3050,3704.287465
PAK,Pakistan,-81.54150716,-100,-100,-99.36643332,-51.11042633,-100,-100,-96.87856841,-86.33499399,-89.2,-100,-93,-32.9,-48.7,-75.8,-52.3,-52.3,-39.8,-37.2179352
PLW,Palau,9.97E+036,9.97E+036,9.97E+036,9.97E+036,9.97E+036,9.97E+036,9.97E+036,9.97E+036,9.97E+036,9.97E+036,9.97E+036,9.97E+036,9.97E+036,9.97E+036,9.97E+036,9.97E+036,9.97E+036,9.97E+036,9.97E+036
PSE,Palestina,9.97E+036,9.97E+036,9.97E+036,9.97E+036,9.97E+036,9.97E+036,9.97E+036,9.97E+036,9.97E+036,9.97E+036,9.97E+036,9.97E+036,9.97E+036,9.97E+036,9.97E+036,9.97E+036,9.97E+036,9.97E+036,9.97E+036
PAN,Panama,-25.91806292,-76.81983278,-69.5175617,-54.42836545,160.4127381,170.5386339,248.794971,57.46067803,94.44439097,9.97E+036,9.97E+036,9.97E+036,9.97E+036,9.97E+036,9.97E+036,9.97E+036,9.97E+036,9.97E+036,9.97E+036
PNG,Papua New Guinea,9.97E+036,9.97E+036,9.97E+036,9.97E+036,9.97E+036,9.97E+036,9.97E+036,9.97E+036,9.97E+036,9.97E+036,9.97E+036,9.97E+036,9.97E+036,9.97E+036,9.97E+036,9.97E+036,9.97E+036,9.97E+036,9.97E+036
PRY,Paraguay,-7.948078417,-60.73118538,-79.73730641,-78.58531744,18.16342534,-64.69951433,-95.31136529,-95.63015654,-93.97918436,19.6,-94.9,-100,-97.8,-93.1,-23.2,-9.96,-9.96,-18.2,-31.83737341
PER,Peru,-4.519154681,-70.44597321,-91.90088106,-94.4098769,-0.7118346271,-75.3533907,-97.21445633,-98.27309363,-95.81323703,9.97E+036,9.97E+036,9.97E+036,9.97E+036,0.844,-66.1,-94.2,-94.2,-88.9,-72.22947479
PHL,Philippines,-38.16854338,-52.57155998,-55.04696581,-60.48885469,11.91764148,-53.46045315,-95.44850955,-95.12006747,-87.40927248,9.97E+036,9.97E+036,9.97E+036,9.97E+036,9.97E+036,9.97E+036,9.97E+036,9.97E+036,9.97E+036,9.97E+036
,Pitcairn Islands,9.97E+036,9.97E+036,9.97E+036,9.97E+036,9.97E+036,9.97E+036,9.97E+036,9.97E+036,9.97E+036,9.97E+036,9.97E+036,9.97E+036,9.97E+036,9.97E+036,9.97E+036,9.97E+036,9.97E+036,9.97E+036,9.97E+036
POL,Poland,-100,-100,-100,-100,9.97E+036,9.97E+036,9.97E+036,9.97E+036,9.97E+036,9.97E+036,9.97E+036,9.97E+036,9.97E+036,-100,-100,-100,-100,-100,-99.92642932
PRT,Portugal,-100,-100,-100,-100,-100,-100,-100,-90.50489205,-61.47711619,9.97E+036,9.97E+036,9.97E+036,9.97E+036,-100,-81.5,-31.2,-31.2,46.4,69.49493073
PRI,Puerto Rico,9.97E+036,9.97E+036,9.97E+036,9.97E+036,9.97E+036,9.97E+036,9.97E+036,9.97E+036,9.97E+036,9.97E+036,9.97E+036,9.97E+036,9.97E+036,9.97E+036,9.97E+036,9.97E+036,9.97E+036,9.97E+036,9.97E+036
QAT,Qatar,506.4630655,-100,-100,193.7077576,9.97E+036,9.97E+036,9.97E+036,9.97E+036,9.97E+036,9.97E+036,9.97E+036,9.97E+036,9.97E+036,9.97E+036,9.97E+036,9.97E+036,9.97E+036,9.97E+036,9.97E+036
COG,Republic of Congo,-9.343427013,-71.5799026,-91.06068502,-94.82625848,0.2209894795,-83.95924792,-97.51199635,-99.28638387,-98.29116418,-8.23,-96.2,-80.1,-65.7,9.97E+036,9.97E+036,9.97E+036,9.97E+036,9.97E+036,9.97E+036
REU,Reunion,9.97E+036,9.97E+036,9.97E+036,9.97E+036,9.97E+036,9.97E+036,9.97E+036,9.97E+036,9.97E+036,9.97E+036,9.97E+036,9.97E+036,9.97E+036,9.97E+036,9.97E+036,9.97E+036,9.97E+036,9.97E+036,9.97E+036
ROU,Romania,-100,-100,-100,-100,9.97E+036,9.97E+036,9.97E+036,9.97E+036,9.97E+036,-100,-100,-100,-100,-100,-100,-100,-100,-100,-99.50841206
RUS,Russia,-100,-100,-100,-100,-100,-100,-100,-100,-100,-100,-100,-100,-98.2,-100,-100,-100,-100,-100,-99.84528216
RWA,Rwanda,-12.95656181,-97.26919745,-100,-100,-6.693624473,-100,-100,-100,-100,-30.5,-43.8,-19.1,-47.5,9.97E+036,9.97E+036,9.97E+036,9.97E+036,9.97E+036,9.97E+036
SHN,Saint Helena,9.97E+036,9.97E+036,9.97E+036,9.97E+036,9.97E+036,9.97E+036,9.97E+036,9.97E+036,9.97E+036,9.97E+036,9.97E+036,9.97E+036,9.97E+036,9.97E+036,9.97E+036,9.97E+036,9.97E+036,9.97E+036,9.97E+036
KNA,Saint Kitts and Nevis,9.97E+036,9.97E+036,9.97E+036,9.97E+036,9.97E+036,9.97E+036,9.97E+036,9.97E+036,9.97E+036,9.97E+036,9.97E+036,9.97E+036,9.97E+036,9.97E+036,9.97E+036,9.97E+036,9.97E+036,9.97E+036,9.97E+036
LCA,Saint Lucia,9.97E+036,9.97E+036,9.97E+036,9.97E+036,9.97E+036,9.97E+036,9.97E+036,9.97E+036,9.97E+036,9.97E+036,9.97E+036,9.97E+036,9.97E+036,9.97E+036,9.97E+036,9.97E+036,9.97E+036,9.97E+036,9.97E+036
SPM,Saint Pierre and Miquelon,9.97E+036,9.97E+036,9.97E+036,9.97E+036,9.97E+036,9.97E+036,9.97E+036,9.97E+036,9.97E+036,9.97E+036,9.97E+036,9.97E+036,9.97E+036,9.97E+036,9.97E+036,9.97E+036,9.97E+036,9.97E+036,9.97E+036
VCT,Saint Vincent and the Grenadines,9.97E+036,9.97E+036,9.97E+036,9.97E+036,9.97E+036,9.97E+036,9.97E+036,9.97E+036,9.97E+036,9.97E+036,9.97E+036,9.97E+036,9.97E+036,9.97E+036,9.97E+036,9.97E+036,9.97E+036,9.97E+036,9.97E+036
,Saint-Martin,9.97E+036,9.97E+036,9.97E+036,9.97E+036,9.97E+036,9.97E+036,9.97E+036,9.97E+036,9.97E+036,9.97E+036,9.97E+036,9.97E+036,9.97E+036,9.97E+036,9.97E+036,9.97E+036,9.97E+036,9.97E+036,9.97E+036
WSM,Samoa,9.97E+036,9.97E+036,9.97E+036,9.97E+036,9.97E+036,9.97E+036,9.97E+036,9.97E+036,9.97E+036,9.97E+036,9.97E+036,9.97E+036,9.97E+036,9.97E+036,9.97E+036,9.97E+036,9.97E+036,9.97E+036,9.97E+036
STP,Sao Tome and Principe,9.97E+036,9.97E+036,9.97E+036,9.97E+036,9.97E+036,9.97E+036,9.97E+036,9.97E+036,9.97E+036,9.97E+036,9.97E+036,9.97E+036,9.97E+036,9.97E+036,9.97E+036,9.97E+036,9.97E+036,9.97E+036,9.97E+036
SAU,Saudi Arabia,-38.03926562,-96.91408814,-96.75835067,-96.20334714,-100,-100,-100,-100,-100,9.97E+036,9.97E+036,9.97E+036,9.97E+036,3.56,-42.6,31.3,31.3,124,81.63656146
SEN,Senegal,-20.19420068,-51.22849322,-38.3471668,-26.736942,17.25549254,-13.72897051,-58.07528622,-88.72378309,-76.57227613,9.97E+036,9.97E+036,9.97E+036,9.97E+036,9.97E+036,9.97E+036,9.97E+036,9.97E+036,9.97E+036,9.97E+036
SRB,Serbia,-100,-100,-100,-100,9.97E+036,9.97E+036,9.97E+036,9.97E+036,9.97E+036,-100,-100,-100,-100,-100,-100,-100,-100,-99.8,-94.82262883
SYC,Seychelles,9.97E+036,9.97E+036,9.97E+036,9.97E+036,9.97E+036,9.97E+036,9.97E+036,9.97E+036,9.97E+036,9.97E+036,9.97E+036,9.97E+036,9.97E+036,9.97E+036,9.97E+036,9.97E+036,9.97E+036,9.97E+036,9.97E+036
SLE,Sierra Leone,-17.32705547,-89.91734127,-83.49331592,-77.89584453,-2.093062842,-79.16048445,-92.9395905,-92.84411464,-87.0125393,9.97E+036,9.97E+036,9.97E+036,9.97E+036,9.97E+036,9.97E+036,9.97E+036,9.97E+036,9.97E+036,9.97E+036
SGP,Singapore,-30.44198836,-76.54394984,-62.08222846,-57.64528013,-2.303116387,-70.79828273,-95.57763077,-98.1690317,-81.60538618,-36.5,-100,-96.5,-100,9.97E+036,9.97E+036,9.97E+036,9.97E+036,9.97E+036,9.97E+036
SVK,Slovakia,-100,-100,-100,-100,9.97E+036,9.97E+036,9.97E+036,9.97E+036,9.97E+036,-100,-100,-100,-100,-100,-100,-100,-100,-100,-95.94503572
SVN,Slovenia,-100,-100,-100,-100,9.97E+036,9.97E+036,9.97E+036,9.97E+036,9.97E+036,-100,-100,-100,-100,-100,-100,-100,-100,-100,-94.78938191
SLB,Solomon Islands,9.97E+036,9.97E+036,9.97E+036,9.97E+036,9.97E+036,9.97E+036,9.97E+036,9.97E+036,9.97E+036,9.97E+036,9.97E+036,9.97E+036,9.97E+036,9.97E+036,9.97E+036,9.97E+036,9.97E+036,9.97E+036,9.97E+036
SOM,Somalia,-19.68052369,-45.99323418,-41.23650153,-43.05410116,-15.06797344,42.53116986,-9.012251102,-72.95560247,-57.79222561,9.97E+036,9.97E+036,9.97E+036,9.97E+036,107,6.36,130,130,127,136.7677495
ZAF,South Africa,-0.6805893032,-94.18633843,-99.52907429,-99.86391304,-30.71528632,-95.28316495,-100,-100,-99.91781499,-31,-85.4,-75.7,-54.8,-79.8,-14.2,-59.7,-59.7,-61.4,-50.72114677
,South Georgia and the South Sandwich Islands,9.97E+036,9.97E+036,9.97E+036,9.97E+036,9.97E+036,9.97E+036,9.97E+036,9.97E+036,9.97E+036,9.97E+036,9.97E+036,9.97E+036,9.97E+036,9.97E+036,9.97E+036,9.97E+036,9.97E+036,9.97E+036,9.97E+036
KOR,South Korea,-100,-100,-100,-100,-98.72317114,-100,-100,-100,-100,-100,-100,-100,-100,-100,-100,-100,-100,-100,-100
SSD,South Sudan,-27.90639316,-80.45175589,-94.73281653,-96.16838506,-10.34824336,-99.12143665,-100,-97.58787043,-99.67631952,-78.6,-100,-100,-78.2,20.8,-96.3,-99.2,-99.2,-98.3,-96.49410262
ESP,Spain,-100,-100,-100,-100,-100,-100,-100,-99.67841636,-98.22883209,-100,-100,-100,-97.3,-100,-94.9,-80.9,-80.9,-48.3,-7.244127564
LKA,Sri Lanka,-17.98763087,-56.34869259,-54.43532995,-46.92187499,13.62472457,-16.71177897,-68.58611384,-83.69643122,-46.12838637,9.97E+036,9.97E+036,9.97E+036,9.97E+036,9.97E+036,9.97E+036,9.97E+036,9.97E+036,9.97E+036,9.97E+036
SDN,Sudan,-24.65077353,-73.62229361,-86.10613354,-69.54460736,-17.9090216,-99.98731669,-99.80218868,-99.58280841,-98.97966135,9.97E+036,9.97E+036,9.97E+036,9.97E+036,-23.5,-39.6,-59.2,-59.2,-52,-30.49469959
SUR,Suriname,-24.4709819,-68.48040449,-60.6136158,-69.62896632,34.67987827,47.38125029,-6.327522754,-55.87679705,-24.72728168,9.97E+036,9.97E+036,9.97E+036,9.97E+036,9.97E+036,9.97E+036,9.97E+036,9.97E+036,9.97E+036,9.97E+036
,Svalbard and Jan Mayen,9.97E+036,9.97E+036,9.97E+036,9.97E+036,9.97E+036,9.97E+036,9.97E+036,9.97E+036,9.97E+036,9.97E+036,9.97E+036,9.97E+036,9.97E+036,9.97E+036,9.97E+036,9.97E+036,9.97E+036,9.97E+036,9.97E+036
SWZ,Swaziland,6.862975178,-83.74552244,-95.70302323,-99.08035072,9.97E+036,9.97E+036,9.97E+036,9.97E+036,9.97E+036,-15.9,-100,-100,-100,-70.2,-16.9,-27.7,-27.7,-56.3,-38.07795137
SWE,Sweden,-100,-100,-100,-100,-100,-100,-100,-100,-100,-100,-100,-100,-100,-100,-100,-100,-100,-100,-100
CHE,Switzerland,-100,-100,-100,-100,-100,-100,-100,-100,-100,-100,-100,-100,-100,-100,-100,-100,-100,-100,-99.57758251
SYR,Syria,-100,-100,-100,-100,-92.68408269,-100,-100,-100,-100,9.97E+036,9.97E+036,9.97E+036,9.97E+036,-96.4,-95.4,-89.2,-89.2,-41.1,-32.42784663
TJK,Tajikistan,-100,-100,-100,-100,-99.92793091,-100,-100,-100,-79.11320871,9.97E+036,9.97E+036,9.97E+036,9.97E+036,-96.9,-100,-100,-100,-100,-93.01056577
TZA,Tanzania,6.928615853,-80.91859866,-93.18299703,-93.61794199,-3.696826593,-89.92915089,-99.44204232,-99.60127389,-99.58830012,-0.261,-84.2,-76.6,-42.6,-4.19,-73.3,-99.1,-99.1,-99.3,-97.37698406
THA,Thailand,-43.2323577,-97.75010268,-98.38437229,-92.72769824,15.03237204,-99.87118621,-99.99406818,-99.60855875,-98.68059922,-76.2,-100,-99.3,-95.4,-33.4,-91.5,-90.3,-90.3,-85.7,-69.77246709
TGO,Togo,-27.35870805,-60.31179811,-60.04791238,-64.61768437,14.7708581,-74.50915455,-90.54498184,-85.9383899,-72.54242972,9.97E+036,9.97E+036,9.97E+036,9.97E+036,9.97E+036,9.97E+036,9.97E+036,9.97E+036,9.97E+036,9.97E+036
TON,Tonga,9.97E+036,9.97E+036,9.97E+036,9.97E+036,9.97E+036,9.97E+036,9.97E+036,9.97E+036,9.97E+036,9.97E+036,9.97E+036,9.97E+036,9.97E+036,9.97E+036,9.97E+036,9.97E+036,9.97E+036,9.97E+036,9.97E+036
TTO,Trinidad and Tobago,9.97E+036,9.97E+036,9.97E+036,9.97E+036,9.97E+036,9.97E+036,9.97E+036,9.97E+036,9.97E+036,9.97E+036,9.97E+036,9.97E+036,9.97E+036,9.97E+036,9.97E+036,9.97E+036,9.97E+036,9.97E+036,9.97E+036
TUN,Tunisia,-100,-100,-100,-100,9.97E+036,9.97E+036,9.97E+036,9.97E+036,9.97E+036,9.97E+036,9.97E+036,9.97E+036,9.97E+036,-99.1,-64.8,16.6,16.6,32.3,72.58685915
TUR,Turkey,-100,-100,-100,-100,-96.17569224,-100,-100,-100,-98.86776247,-100,-100,-100,-71.6,-99.8,-99,-95.1,-95.1,-78.8,-34.54278455
TKM,Turkmenistan,-100,-100,-100,-100,-96.78425884,-100,-100,-100,-87.3225915,-100,-100,-100,-66.7,-78.4,-100,-100,-100,-94.1,-55.54934153
TCA,Turks and Caicos Islands,9.97E+036,9.97E+036,9.97E+036,9.97E+036,9.97E+036,9.97E+036,9.97E+036,9.97E+036,9.97E+036,9.97E+036,9.97E+036,9.97E+036,9.97E+036,9.97E+036,9.97E+036,9.97E+036,9.97E+036,9.97E+036,9.97E+036
TUV,Tuvalu,9.97E+036,9.97E+036,9.97E+036,9.97E+036,9.97E+036,9.97E+036,9.97E+036,9.97E+036,9.97E+036,9.97E+036,9.97E+036,9.97E+036,9.97E+036,9.97E+036,9.97E+036,9.97E+036,9.97E+036,9.97E+036,9.97E+036
UGA,Uganda,-24.66560824,-99.01397683,-99.61851481,-99.68133724,-31.12360695,-100,-99.78165041,-99.32688863,-99.78256473,-54.5,-63.9,-42.9,-8.48,9.97E+036,9.97E+036,9.97E+036,9.97E+036,9.97E+036,9.97E+036
UKR,Ukraine,-100,-100,-100,-100,-100,-100,-100,-100,-100,-100,-100,-100,-99.4,-100,-100,-100,-100,-100,-99.72402882
ARE,United Arab Emirates,193.1588039,-100,-100,134.8665343,9.97E+036,9.97E+036,9.97E+036,9.97E+036,9.97E+036,147,-16.9,-100,-18.1,832,1950,-100,-100,857,985.5150772
GBR,United Kingdom,-100,-100,-100,-100,9.97E+036,9.97E+036,9.97E+036,9.97E+036,9.97E+036,9.97E+036,9.97E+036,9.97E+036,9.97E+036,-100,-100,-100,-100,-100,-99.26526389
USA,United States,-99.8615208,-100,-100,-100,-86.4436767,-99.97008847,-100,-99.98355479,-97.67864559,-100,-100,-100,-97.6,-94,-98.7,-95.7,-95.7,-88.4,-80.67022199
,United States Minor Outlying Islands,9.97E+036,9.97E+036,9.97E+036,9.97E+036,9.97E+036,9.97E+036,9.97E+036,9.97E+036,9.97E+036,9.97E+036,9.97E+036,9.97E+036,9.97E+036,9.97E+036,9.97E+036,9.97E+036,9.97E+036,9.97E+036,9.97E+036
URY,Uruguay,-9.69744344,-87.0614326,-99.21521034,-97.75488696,-21.00206277,-96.05679617,-99.59277981,-100,-98.98470161,-25.3,-91.5,-70,-64.2,-100,0.327,2.67,2.67,-21.6,-39.87749651
UZB,Uzbekistan,-100,-100,-100,-100,-95.04426911,-100,-100,-100,-86.05334512,-100,-100,-100,-82.2,-80.5,-100,-100,-100,-100,-68.08237359
VUT,Vanuatu,9.97E+036,9.97E+036,9.97E+036,9.97E+036,9.97E+036,9.97E+036,9.97E+036,9.97E+036,9.97E+036,9.97E+036,9.97E+036,9.97E+036,9.97E+036,9.97E+036,9.97E+036,9.97E+036,9.97E+036,9.97E+036,9.97E+036
VEN,Venezuela,-32.77803595,-83.37121477,-77.17728505,-78.04013024,8.392575821,-39.40576564,-81.72068354,-70.60981559,-61.80421927,-83.5,-99.4,-58.2,-44.2,-60.4,-100,-93.3,-93.3,-97.5,-96.62946618
VNM,Vietnam,-71.73790399,-94.52710807,-95.97145002,-86.46839601,-40.18034145,-99.33985169,-94.46575074,-86.52046086,-84.91539218,-88.9,-99.8,-95.6,-96.9,-51.5,-93.8,-92.7,-92.7,-88.3,-77.27797648
VIR,"Virgin Islands, U.S.",9.97E+036,9.97E+036,9.97E+036,9.97E+036,9.97E+036,9.97E+036,9.97E+036,9.97E+036,9.97E+036,9.97E+036,9.97E+036,9.97E+036,9.97E+036,9.97E+036,9.97E+036,9.97E+036,9.97E+036,9.97E+036,9.97E+036
WLF,Wallis and Futuna,9.97E+036,9.97E+036,9.97E+036,9.97E+036,9.97E+036,9.97E+036,9.97E+036,9.97E+036,9.97E+036,9.97E+036,9.97E+036,9.97E+036,9.97E+036,9.97E+036,9.97E+036,9.97E+036,9.97E+036,9.97E+036,9.97E+036
ESH,Western Sahara,9.97E+036,9.97E+036,9.97E+036,9.97E+036,9.97E+036,9.97E+036,9.97E+036,9.97E+036,9.97E+036,9.97E+036,9.97E+036,9.97E+036,9.97E+036,9.97E+036,9.97E+036,9.97E+036,9.97E+036,9.97E+036,9.97E+036
YEM,Yemen,-31.82565254,-90.20436639,-93.35632167,-90.63241292,9.97E+036,9.97E+036,9.97E+036,9.97E+036,9.97E+036,9.97E+036,9.97E+036,9.97E+036,9.97E+036,34.8,-48,-34.5,-34.5,-5.38,-25.93842222
ZMB,Zambia,-1.368135081,-72.78119194,-99.99603633,-99.94032349,-5.284100144,-99.09527573,-100,-100,-100,-3.33,-95.1,-80.6,-73.4,-52.1,-2.97,-94.2,-94.2,-94.2,-88.26701493
ZWE,Zimbabwe,4.751325355,-68.95087118,-96.6223721,-97.11435918,0.02714259362,-94.55277084,-100,-100,-100,-6.54,-100,-97.3,-85.1,-99.6,2.78,-75,-75,-75.7,-66.36955811
