ISO3 Country Code,Country,corn_year1,corn_year2,corn_year3,corn_year4,corn_year5,rice_year1,rice_year2,rice_year3,rice_year4,rice_year5,soy_year1,soy_year2,soy_year3,soy_year4,soy_year5,spring_wheat_year1,spring_wheat_year2,spring_wheat_year3,spring_wheat_year4,spring_wheat_year5,grasses_year1,grasses_year2,grasses_year3,grasses_year4,grasses_year5
AFG,Afghanistan,-99.75786785,-100,-100,-100,-100,-91.68556168,-100,-100,-100,-95.70096975,9.97E+036,9.97E+036,9.97E+036,9.97E+036,-60.2,-100,-100,-100,-88.7,-49.86424687,-31.0012690262141,-99.9974427983474,-99.3710166301606,-87.5390424400759,-80.8142758299311
ALB,Albania,-100,-100,-100,-99.9999999999999,-100,-75.67400379,-100,-100,-100,-100,9.97E+036,9.97E+036,9.97E+036,9.97E+036,-100,-97.5,-88.6,-88.6,-61.3,-13.83886246,1.67311889508132,-59.8267839446646,-97.5542982879781,-78.0513452714424,-98.5538214607082
DZA,Algeria,-100,-100,-100,-100,-100,9.97E+036,9.97E+036,9.97E+036,9.97E+036,9.97E+036,9.97E+036,9.97E+036,9.97E+036,9.97E+036,-92.6,-61.3,12.1,12.1,67.6,158.3258081,-4.17858640056285,-75.8012462865281,-91.6796659243818,-84.9642760567532,-97.0951239777765
ASM,American Samoa,9.97E+036,9.97E+036,9.97E+036,9.96920996838686E+036,9.97E+036,9.97E+036,9.97E+036,9.97E+036,9.97E+036,9.97E+036,9.97E+036,9.97E+036,9.97E+036,9.97E+036,9.97E+036,9.97E+036,9.97E+036,9.97E+036,9.97E+036,9.97E+036,9.97E+036,9.97E+036,9.97E+036,9.97E+036,9.97E+036
AGO,Angola,-8.403385043,-69.90909497,-96.49409958,-98.267561551436,-98.26756155,-15.18346965,-76.7769631,-97.44987307,-99.84941502,-99.75568862,9.97E+036,9.97E+036,9.97E+036,9.97E+036,-100,-0.56,-90.7,-90.7,-92,-74.88838451,-4.91829464383807,-43.5067249987863,-62.2540105444891,-72.4900133979946,-75.4306123102328
ATG,Antigua and Barbuda,9.97E+036,9.97E+036,9.97E+036,9.96920996838686E+036,9.97E+036,9.97E+036,9.97E+036,9.97E+036,9.97E+036,9.97E+036,9.97E+036,9.97E+036,9.97E+036,9.97E+036,9.97E+036,9.97E+036,9.97E+036,9.97E+036,9.97E+036,9.97E+036,9.97E+036,9.97E+036,9.97E+036,9.97E+036,9.97E+036
ARG,Argentina,0.1410336313,-86.3749605,-96.19750575,-95.043649220528,-95.04364922,-8.455322329,-79.66747259,-98.2939504,-98.11491691,-97.852208,-16.5,-90.1,-92.6,-90.3,-75.8,-2.13,-30.2,-30.2,-47.8,-43.64005545,-4.03934248146747,-47.0521936853506,-75.444558655479,-76.378285290795,-83.310342583807
ARM,Armenia,-100,-100,-100,-100,-100,-100,-100,-100,-100,-100,-100,-100,-100,-98.5,-100,-100,-100,-100,-100,-98.03035392,-30.9453247010684,-98.5981168536306,-97.1432468686076,-98.957351384831,-97.6764133669223
ABW,Aruba,9.97E+036,9.97E+036,9.97E+036,9.96920996838686E+036,9.97E+036,9.97E+036,9.97E+036,9.97E+036,9.97E+036,9.97E+036,9.97E+036,9.97E+036,9.97E+036,9.97E+036,9.97E+036,9.97E+036,9.97E+036,9.97E+036,9.97E+036,9.97E+036,9.97E+036,9.97E+036,9.97E+036,9.97E+036,9.97E+036
AUS,Australia,-17.56461925,-90.80346049,-97.66639602,-97.4549194767914,-97.45491948,1.833709974,-100,-100,-100,-100,-48.1,-94.3,-78.7,-87.4,-84.9,27.1,0.847,0.847,-25.5,-37.96860341,0.307461337641731,-48.7070692116797,-71.1125297853153,-78.0919033979594,-73.7750627363045
AUT,Austria,-100,-100,-100,-100,-100,9.97E+036,9.97E+036,9.97E+036,9.97E+036,9.97E+036,-100,-100,-100,-100,-100,-100,-100,-100,-100,-99.35146525,-13.4090079588407,-98.7254931140289,-93.3020112353674,-95.7200328685518,-82.6454949844699
AZE,Azerbaijan,-100,-100,-100,-100,-100,-99.9564025,-100,-100,-100,-100,-100,-100,-100,-30.9,-99.8,-100,-100,-100,-100,-90.13371523,-10.0414140374649,-99.9516579287267,-89.3341979236909,-93.7939051123095,-89.9411101023767
BHS,Bahamas,9.97E+036,9.97E+036,9.97E+036,9.96920996838686E+036,9.97E+036,9.97E+036,9.97E+036,9.97E+036,9.97E+036,9.97E+036,9.97E+036,9.97E+036,9.97E+036,9.97E+036,9.97E+036,9.97E+036,9.97E+036,9.97E+036,9.97E+036,9.97E+036,9.97E+036,9.97E+036,9.97E+036,9.97E+036,9.97E+036
BHR,Bahrain,584.318941,-100,-100,30.8427224124208,30.84272241,9.97E+036,9.97E+036,9.97E+036,9.97E+036,9.97E+036,9.97E+036,9.97E+036,9.97E+036,9.97E+036,9.97E+036,9.97E+036,9.97E+036,9.97E+036,9.97E+036,9.97E+036,-8.10144135066511,-80.1944754226608,-97.6740134757378,-99.8453511725858,-99.9606018759134
BGD,Bangladesh,-31.98311799,-100,-100,-100,-100,-11.14746633,-100,-89.60881135,-58.01299361,-47.10464283,-90.9,-100,-100,-100,-35.7,-17.9,-10.2,-10.2,-20.7,-30.53680641,-54.2476383231592,-69.4063617242271,-80.1095898279689,-88.8005829430191,-95.6343595756931
BRB,Barbados,9.97E+036,9.97E+036,9.97E+036,9.96920996838686E+036,9.97E+036,9.97E+036,9.97E+036,9.97E+036,9.97E+036,9.97E+036,9.97E+036,9.97E+036,9.97E+036,9.97E+036,9.97E+036,9.97E+036,9.97E+036,9.97E+036,9.97E+036,9.97E+036,9.97E+036,9.97E+036,9.97E+036,9.97E+036,9.97E+036
BLR,Belarus,-100,-100,-100,-100,-100,9.97E+036,9.97E+036,9.97E+036,9.97E+036,9.97E+036,-100,-100,-100,-100,-100,-100,-100,-100,-100,-100,-11.5706099224295,-99.9978032564487,-99.9978467551316,-99.9978893920264,-96.2824299167079
BEL,Belgium,-100,-100,-100,-100,-100,9.97E+036,9.97E+036,9.97E+036,9.97E+036,9.97E+036,9.97E+036,9.97E+036,9.97E+036,9.97E+036,-100,-100,-100,-100,-100,-100,-24.7483313292133,-98.2384659026162,-81.3096346923035,-99.8347425995101,-96.5030057995692
BLZ,Belize,-51.39977656,-76.01402402,-85.21464533,-75.7629118408618,-75.76291184,18.23318028,-67.95204926,-98.55097193,-100,-95.48436337,-25.3,-100,-100,-100,-10.3,75.5,9.74,9.74,-4.51,26.35384092,116.687816534424,-7.09068606785862,-61.4371274668386,-72.3743322975275,-73.4942304734027
BEN,Benin,-26.62800135,-59.061336,-65.76013652,-68.651501708415,-68.65150171,17.28185701,-75.88638963,-93.11884902,-87.5198332,-71.17706617,-64.8,-100,-100,-100,9.97E+036,9.97E+036,9.97E+036,9.97E+036,9.97E+036,9.97E+036,14.2175440386875,-63.7693418890052,-69.6944799381456,-69.7323982511129,-66.5421882582107
BMU,Bermuda,9.97E+036,9.97E+036,9.97E+036,9.96920996838686E+036,9.97E+036,9.97E+036,9.97E+036,9.97E+036,9.97E+036,9.97E+036,9.97E+036,9.97E+036,9.97E+036,9.97E+036,9.97E+036,9.97E+036,9.97E+036,9.97E+036,9.97E+036,9.97E+036,9.97E+036,9.97E+036,9.97E+036,9.97E+036,9.97E+036
BTN,Bhutan,-57.94592636,-100,-100,-100,-100,-48.21720127,-100,-99.54440489,-96.26668469,-96.02861573,-98.7,-100,-100,-100,-85.3,-93.1,-90.3,-90.3,-92.4,-94.94604204,-15.8585680627217,-99.5473211319455,-97.0882931503701,-91.5886319571818,-96.6542039042416
BOL,Bolivia,-31.21257758,-67.02209213,-87.65206018,-92.3374596076806,-92.33745961,0.9725657532,-65.77384541,-92.82791471,-96.24370181,-95.4735426,7.67,-81.4,-99.5,-86.5,-40.6,-43.5,-73.8,-73.8,-79,-76.15069278,-16.3971075598501,-45.2841120746292,-63.9321402585486,-75.7994702888717,-84.3625225436959
,"Bonaire, Saint Eustatius and Saba",9.97E+036,9.97E+036,9.97E+036,9.96920996838686E+036,9.97E+036,9.97E+036,9.97E+036,9.97E+036,9.97E+036,9.97E+036,9.97E+036,9.97E+036,9.97E+036,9.97E+036,9.97E+036,9.97E+036,9.97E+036,9.97E+036,9.97E+036,9.97E+036,9.97E+036,9.97E+036,9.97E+036,9.97E+036,9.97E+036
BIH,Bosnia and Herzegovina,-100,-100,-100,-100,-100,9.97E+036,9.97E+036,9.97E+036,9.97E+036,9.97E+036,-100,-100,-100,-99.6,-100,-100,-98.7,-98.7,-88.8,-59.58234385,-27.7475787239577,-84.4479615941312,-99.6226252377035,-99.8098504085573,-99.7627163400982
BWA,Botswana,-7.849576023,-71.5662468,-99.83823159,-98.9851323364613,-98.98513234,-33.60203821,-96.45433401,-100,-100,-99.94790764,-50.3,-98.9,-95.3,-76.4,-100,-12.8,-84.3,-84.3,-78,-48.15767928,-14.8493146422931,-64.8199487536469,-76.9045466110369,-75.345722271859,-83.2649124155986
,Bouvet Island,9.97E+036,9.97E+036,9.97E+036,9.96920996838686E+036,9.97E+036,9.97E+036,9.97E+036,9.97E+036,9.97E+036,9.97E+036,9.97E+036,9.97E+036,9.97E+036,9.97E+036,9.97E+036,9.97E+036,9.97E+036,9.97E+036,9.97E+036,9.97E+036,9.97E+036,9.97E+036,9.97E+036,9.97E+036,9.97E+036
BRA,Brazil,-18.03762502,-51.97634789,-77.04091803,-81.7026550269113,-81.70265503,6.822857048,-55.92738074,-88.58506792,-93.73395518,-92.0305822,2.97,-86,-97.8,-89,-89.7,-13.8,-39.4,-39.4,-54.2,-52.41462028,-6.42763831647528,-51.492186853344,-65.7471565086837,-75.4025707948903,-81.0092323973598
,British Indian Ocean Territory,9.97E+036,9.97E+036,9.97E+036,9.96920996838686E+036,9.97E+036,9.97E+036,9.97E+036,9.97E+036,9.97E+036,9.97E+036,9.97E+036,9.97E+036,9.97E+036,9.97E+036,9.97E+036,9.97E+036,9.97E+036,9.97E+036,9.97E+036,9.97E+036,9.97E+036,9.97E+036,9.97E+036,9.97E+036,9.97E+036
VGB,British Virgin Islands,9.97E+036,9.97E+036,9.97E+036,9.96920996838686E+036,9.97E+036,9.97E+036,9.97E+036,9.97E+036,9.97E+036,9.97E+036,9.97E+036,9.97E+036,9.97E+036,9.97E+036,9.97E+036,9.97E+036,9.97E+036,9.97E+036,9.97E+036,9.97E+036,9.97E+036,9.97E+036,9.97E+036,9.97E+036,9.97E+036
BRN,Brunei,9.97E+036,9.97E+036,9.97E+036,9.96920996838686E+036,9.97E+036,9.97E+036,9.97E+036,9.97E+036,9.97E+036,9.97E+036,9.97E+036,9.97E+036,9.97E+036,9.97E+036,9.97E+036,9.97E+036,9.97E+036,9.97E+036,9.97E+036,9.97E+036,9.97E+036,9.97E+036,9.97E+036,9.97E+036,9.97E+036
BGR,Bulgaria,-100,-100,-100,-100,-100,-96.53115305,-100,-100,-100,-100,-100,-100,-100,-100,-100,-100,-100,-100,-100,-92.59914851,-6.52030259276026,-99.7061715414966,-99.9891252023544,-91.7410043087909,-99.9963643338767
BFA,Burkina Faso,-30.3102184,-69.03618656,-76.18413234,-69.6564768419833,-69.65647684,-0.3422848275,-92.10667398,-99.02485306,-96.92440727,-86.73682777,9.97E+036,9.97E+036,9.97E+036,9.97E+036,-83,-8.15,-81,-81,-74.6,-51.57450018,-21.8592304659666,-64.6530464336078,-78.3713218106414,-78.8239082498495,-73.5810383022163
BDI,Burundi,-9.48862497,-88.3223839,-99.99918065,-100,-100,-3.820015732,-98.31694981,-100,-100,-100,-12.8,-56.1,-40.4,-51,9.97E+036,9.97E+036,9.97E+036,9.97E+036,9.97E+036,9.97E+036,12.3988448837326,-83.685239177043,-82.7664264993597,-62.2863708691687,-80.6057896564891
KHM,Cambodia,-36.29251339,-90.79728277,-93.60226766,-66.903538349578,-66.90353835,62.15447308,-97.2597282,-100,-99.42135739,-96.3071651,-66.4,-99.9,-100,-99.9,9.97E+036,9.97E+036,9.97E+036,9.97E+036,9.97E+036,9.97E+036,-13.8086611108646,-50.8738563113865,-71.3781638516184,-80.3492485007797,-83.274623635287
CMR,Cameroon,-39.16419372,-82.65965806,-89.36738365,-93.4567707557648,-93.45677076,0.2845087265,-95.0839816,-96.56779466,-96.1351908,-96.09804895,-82.2,-95.2,-93.8,-98.3,-5.27,-81.6,-94.5,-94.5,-76.2,-78.62372718,-8.14729849222741,-62.9120535681997,-64.7720642618623,-62.0640056862427,-67.12522852031
CAN,Canada,-100,-100,-100,-100,-100,-100,-100,-100,-100,-100,-100,-100,-100,-100,-100,-100,-100,-100,-100,-99.95323235,-73.679395146041,-99.5959966727088,-99.8515133474854,-99.7406249377717,-98.1047008328748
CPV,Cape Verde,9.97E+036,9.97E+036,9.97E+036,9.96920996838686E+036,9.97E+036,9.97E+036,9.97E+036,9.97E+036,9.97E+036,9.97E+036,9.97E+036,9.97E+036,9.97E+036,9.97E+036,9.97E+036,9.97E+036,9.97E+036,9.97E+036,9.97E+036,9.97E+036,9.97E+036,9.97E+036,9.97E+036,9.97E+036,9.97E+036
,Caspian Sea,-100,-100,-100,-100,-100,-99.32246042,-100,-100,-100,-100,-100,-100,-100,-90,-97.1,-100,-100,-100,-100,-94.35598919,3.87299029811366,-99.9784184129069,-97.3176886927802,-98.5566757877695,-98.4760249686815
CYM,Cayman Islands,9.97E+036,9.97E+036,9.97E+036,9.96920996838686E+036,9.97E+036,9.97E+036,9.97E+036,9.97E+036,9.97E+036,9.97E+036,9.97E+036,9.97E+036,9.97E+036,9.97E+036,9.97E+036,9.97E+036,9.97E+036,9.97E+036,9.97E+036,9.97E+036,9.97E+036,9.97E+036,9.97E+036,9.97E+036,9.97E+036
CAF,Central African Republic,-33.98132483,-80.47440638,-92.91992775,-97.8860835838093,-97.88608358,-0.3051073139,-99.26276255,-99.85479952,-99.41382136,-98.62181458,-97.9,-95.7,-74.8,-100,9.97E+036,9.97E+036,9.97E+036,9.97E+036,9.97E+036,9.97E+036,-7.23740115542747,-44.453171201381,-72.8462227510556,-69.4023613268733,-65.6201955512008
TCD,Chad,-25.57999126,-61.55777759,-71.27221481,-82.6390227532065,-82.63902275,-16.28905426,-93.31505521,-92.57189245,-86.26911087,-88.56611489,9.97E+036,9.97E+036,9.97E+036,9.97E+036,-7.22,-72.5,-92.9,-92.9,-62.5,-64.64598892,-14.8902870668664,-72.8027664895863,-76.7785106763082,-66.1421875770108,-68.7010783768966
CHL,Chile,-10.08080324,-92.32160838,-100,-99.6003602127189,-99.60036021,-20.91831159,-16.42093336,78.02057919,89.90581829,96.34990281,-60.8,-82.3,-72.2,-60.3,-26.1,-50.7,-56.8,-56.8,-66.7,-63.59693725,-9.90027924666705,-37.7684621025699,-72.755062314172,-74.062817502674,-73.8765363656753
CHN,China,-99.08042988,-99.99977016,-99.9977541,-99.9537363288732,-99.95373633,-94.14053284,-100,-99.96577803,-99.77448601,-99.78503506,-99.9,-100,-100,-97,-82.4,-99.5,-98.6,-98.6,-96.1,-85.06100237,-37.3612765837817,-97.7264660505907,-98.0940570686308,-95.3527404759726,-93.2749364210494
,Christmas Island,9.97E+036,9.97E+036,9.97E+036,9.96920996838686E+036,9.97E+036,9.97E+036,9.97E+036,9.97E+036,9.97E+036,9.97E+036,9.97E+036,9.97E+036,9.97E+036,9.97E+036,9.97E+036,9.97E+036,9.97E+036,9.97E+036,9.97E+036,9.97E+036,9.97E+036,9.97E+036,9.97E+036,9.97E+036,9.97E+036
,Cocos Islands,9.97E+036,9.97E+036,9.97E+036,9.96920996838686E+036,9.97E+036,9.97E+036,9.97E+036,9.97E+036,9.97E+036,9.97E+036,9.97E+036,9.97E+036,9.97E+036,9.97E+036,9.97E+036,9.97E+036,9.97E+036,9.97E+036,9.97E+036,9.97E+036,9.97E+036,9.97E+036,9.97E+036,9.97E+036,9.97E+036
COL,Colombia,-40.33614659,-90.05819706,-91.27016543,-90.8073806510667,-90.80738065,-12.65383036,-81.1886654,-94.95358521,-95.61831403,-93.94685224,-76.1,-99,-88.4,-64.6,-46.1,-86.6,-66.8,-66.8,-48.3,-55.76370567,-6.7506316293595,-46.5415339635802,-67.4353247959238,-77.0770303155937,-82.9954291110927
COM,Comoros,9.97E+036,9.97E+036,9.97E+036,9.96920996838686E+036,9.97E+036,9.97E+036,9.97E+036,9.97E+036,9.97E+036,9.97E+036,9.97E+036,9.97E+036,9.97E+036,9.97E+036,9.97E+036,9.97E+036,9.97E+036,9.97E+036,9.97E+036,9.97E+036,9.97E+036,9.97E+036,9.97E+036,9.97E+036,9.97E+036
COK,Cook Islands,9.97E+036,9.97E+036,9.97E+036,9.96920996838686E+036,9.97E+036,9.97E+036,9.97E+036,9.97E+036,9.97E+036,9.97E+036,9.97E+036,9.97E+036,9.97E+036,9.97E+036,9.97E+036,9.97E+036,9.97E+036,9.97E+036,9.97E+036,9.97E+036,9.97E+036,9.97E+036,9.97E+036,9.97E+036,9.97E+036
CRI,Costa Rica,-21.60784465,-77.16341883,-70.75716815,-56.098452741417,-56.09845274,253.2798816,285.6387165,313.2005937,107.4210267,231.5120024,9.97E+036,9.97E+036,9.97E+036,9.97E+036,9.97E+036,9.97E+036,9.97E+036,9.97E+036,9.97E+036,9.97E+036,-18.0540955887571,-36.720472208164,-63.8139348007539,-71.1356420753757,-70.2821057819141
CIV,C??te d'Ivoire,-28.70695318,-78.61226258,-75.66704049,-79.2216405007072,-79.2216405,1.142428238,-88.2696461,-96.16039516,-94.76298545,-86.38983345,-52.1,-100,-100,-100,9.97E+036,9.97E+036,9.97E+036,9.97E+036,9.97E+036,9.97E+036,13.3202655334437,-56.7805895704948,-61.039587120823,-74.5152005241779,-75.1004134686304
HRV,Croatia,-100,-100,-100,-100,-100,9.97E+036,9.97E+036,9.97E+036,9.97E+036,9.97E+036,-100,-100,-100,-98.3,-100,-99.9,-99,-99,-93.2,-69.33821101,-19.0362064132933,-88.4422735782389,-94.0452931916614,-96.7447727281242,-97.6026048921797
CUB,Cuba,-51.02877986,-76.02324091,-75.12475666,-60.3204162154101,-60.32041622,-9.746337134,-61.81510098,-95.76739144,-100,-98.32159489,9.97E+036,9.97E+036,9.97E+036,9.97E+036,9.97E+036,9.97E+036,9.97E+036,9.97E+036,9.97E+036,9.97E+036,54.9687136760428,-45.3522770968252,-73.1559616621423,-79.0838246662785,-78.5922887356091
,Cura??ao,9.97E+036,9.97E+036,9.97E+036,9.96920996838686E+036,9.97E+036,9.97E+036,9.97E+036,9.97E+036,9.97E+036,9.97E+036,9.97E+036,9.97E+036,9.97E+036,9.97E+036,9.97E+036,9.97E+036,9.97E+036,9.97E+036,9.97E+036,9.97E+036,9.97E+036,9.97E+036,9.97E+036,9.97E+036,9.97E+036
CYP,Cyprus,-100,-100,-100,-100,-100,9.97E+036,9.97E+036,9.97E+036,9.97E+036,9.97E+036,9.97E+036,9.97E+036,9.97E+036,9.97E+036,-98.7,-67.1,-6.79,-6.79,120,7.894982297,46.262021783831,-23.4277953845794,-67.9046285460753,-86.5493322305902,-96.4204752682474
CZE,Czech Republic,-100,-100,-100,-100,-100,9.97E+036,9.97E+036,9.97E+036,9.97E+036,9.97E+036,9.97E+036,9.97E+036,9.97E+036,9.97E+036,-100,-100,-100,-100,-100,-99.67824914,-33.0616180516736,-99.9887855449173,-99.6899938535703,-98.3269798448305,-87.6644289642307
COD,Democratic Republic of the Congo,-11.54069859,-71.06107475,-96.71462109,-98.7594234125908,-98.75942341,0.4215779105,-83.57740043,-99.57184546,-99.89183511,-99.81094462,-29.5,-89.2,-86.3,-58.1,9.97E+036,9.97E+036,9.97E+036,9.97E+036,9.97E+036,9.97E+036,-3.84657501029216,-50.6423618729626,-64.0194299922519,-60.0079103570818,-69.9423427076238
DNK,Denmark,-100,-100,-100,-100,-100,9.97E+036,9.97E+036,9.97E+036,9.97E+036,9.97E+036,9.97E+036,9.97E+036,9.97E+036,9.97E+036,-100,-100,-100,-100,-100,-100,-20.1992046828123,-99.3885465458412,-99.916083752788,-96.9849144719092,-96.2496609018801
DJI,Djibouti,-28.88039773,-97.89704595,-97.91148826,-98.2083276973675,-98.2083277,-12.11020813,-100,-100,-100,-100,-87.6,-92.8,-77,-70.1,69.2,-92.2,-84.5,-84.5,-82.6,-84.24550834,-12.5287114085122,-54.5022999810815,-75.5636021724411,-84.8563867335145,-89.1834875743945
DMA,Dominica,9.97E+036,9.97E+036,9.97E+036,9.96920996838686E+036,9.97E+036,9.97E+036,9.97E+036,9.97E+036,9.97E+036,9.97E+036,9.97E+036,9.97E+036,9.97E+036,9.97E+036,9.97E+036,9.97E+036,9.97E+036,9.97E+036,9.97E+036,9.97E+036,9.97E+036,9.97E+036,9.97E+036,9.97E+036,9.97E+036
DOM,Dominican Republic,-37.54021192,-65.53021332,-51.35880636,-24.8978103157835,-24.89781032,19.93600781,-27.87507777,-60.37113465,-83.6682348,-60.13716626,9.97E+036,9.97E+036,9.97E+036,9.97E+036,9.97E+036,9.97E+036,9.97E+036,9.97E+036,9.97E+036,9.97E+036,379.154038114116,165.192415409637,28.2609987246869,24.8815839602366,48.1655164080185
TLS,East Timor,-85.64645721,5.601091639,-6.035643538,8.52236552778824,8.522365528,-13.82347702,-47.16699815,-78.33357602,-85.18227933,-63.91015722,9.97E+036,9.97E+036,9.97E+036,9.97E+036,9.97E+036,9.97E+036,9.97E+036,9.97E+036,9.97E+036,9.97E+036,13.3439057002673,-52.8280059604132,-59.1985703735884,-57.3228717963925,-70.1591655946346
ECU,Ecuador,-5.083313025,-71.75289059,-93.29426979,-97.6651854559838,-97.66518546,-2.481815861,-78.81640747,-99.86514391,-100,-99.15231734,9.97E+036,9.97E+036,9.97E+036,9.97E+036,-4.4,-93.7,-94.3,-94.3,-81.5,-53.50321934,-3.94641041190204,-34.1228129064061,-60.5080381546651,-76.4636751052227,-84.4409114521932
EGY,Egypt,-91.24212927,-100,-100,-98.8349555617696,-98.83495556,-60.36420034,-100,-100,-100,-75.80890313,-98.8,-100,-93.5,-57.4,-43.3,-59.8,-36.8,-36.8,-21.6,-22.99279429,-82.7479051730523,-91.4218286352045,-93.0033624803616,-92.8576676608631,-89.4298420779636
SLV,El Salvador,-34.979547,-80.86691733,-83.81026976,-78.6081672954758,-78.6081673,13.48354476,-44.47317312,-99.96833504,-78.72151037,-98.45268358,-38.1,-100,-100,-100,9.97E+036,9.97E+036,9.97E+036,9.97E+036,9.97E+036,9.97E+036,67.0217019408903,-16.2452690847898,-66.1849828883608,-74.2470644507383,-74.000704872133
GNQ,Equatorial Guinea,-26.35508594,-75.52496763,-72.41562547,-73.2859099761814,-73.28590998,9.97E+036,9.97E+036,9.97E+036,9.97E+036,9.97E+036,-62.1,-96.6,-93,-91.1,9.97E+036,9.97E+036,9.97E+036,9.97E+036,9.97E+036,9.97E+036,-7.50117579073496,-47.9025735437539,-95.0070102783243,-77.5307729902172,-78.3739736403803
ERI,Eritrea,-31.21112902,-69.22671282,-78.99759998,-73.3163392404976,-73.31633924,-100,-100,-100,-100,6.776712744,9.97E+036,9.97E+036,9.97E+036,9.97E+036,-8.64,-1.44,-47.6,-47.6,-54.4,-45.79045569,-27.0410092170967,-68.2032121826306,-80.0859986051375,-78.634163192709,-79.7432095501797
EST,Estonia,9.97E+036,9.97E+036,9.97E+036,9.96920996838686E+036,9.97E+036,9.97E+036,9.97E+036,9.97E+036,9.97E+036,9.97E+036,9.97E+036,9.97E+036,9.97E+036,9.97E+036,-100,-100,-100,-100,-100,-100,-69.5121177552759,-93.4520053740611,-100,-100,-100
ETH,Ethiopia,-41.1487313,-93.88106735,-96.52396091,-96.9939188177184,-96.99391882,-5.773234194,-98.07932908,-98.33859105,-99.65540167,-98.92669641,-97.9,-52.4,-59.2,-52.1,-11.8,-84.3,-83.7,-83.7,-79.7,-64.67641544,-0.112667731471837,-65.4595369588667,-70.3517294443861,-72.2375429344935,-76.4028443856726
,Falkland Islands,9.97E+036,9.97E+036,9.97E+036,9.96920996838686E+036,9.97E+036,9.97E+036,9.97E+036,9.97E+036,9.97E+036,9.97E+036,9.97E+036,9.97E+036,9.97E+036,9.97E+036,9.97E+036,9.97E+036,9.97E+036,9.97E+036,9.97E+036,9.97E+036,9.97E+036,9.97E+036,9.97E+036,9.97E+036,9.97E+036
FRO,Faroe Islands,9.97E+036,9.97E+036,9.97E+036,9.96920996838686E+036,9.97E+036,9.97E+036,9.97E+036,9.97E+036,9.97E+036,9.97E+036,9.97E+036,9.97E+036,9.97E+036,9.97E+036,9.97E+036,9.97E+036,9.97E+036,9.97E+036,9.97E+036,9.97E+036,9.97E+036,9.97E+036,9.97E+036,9.97E+036,9.97E+036
FJI,Fiji,9.97E+036,9.97E+036,9.97E+036,9.96920996838686E+036,9.97E+036,9.97E+036,9.97E+036,9.97E+036,9.97E+036,9.97E+036,9.97E+036,9.97E+036,9.97E+036,9.97E+036,9.97E+036,9.97E+036,9.97E+036,9.97E+036,9.97E+036,9.97E+036,9.97E+036,9.97E+036,9.97E+036,9.97E+036,9.97E+036
FIN,Finland,-100,-100,-100,-100,-100,-100,-100,-100,-100,-100,-100,-100,-100,-100,-100,-100,-100,-100,-100,-100,-99.9890428827515,-98.1096427081301,-99.9976798200784,-99.7537477808401,-99.9978450086434
FRA,France,-100,-100,-100,-100,-100,-99.92001331,-100,-100,-99.98569829,-99.91020237,-100,-100,-100,-99.5,-100,-99.9,-99.4,-99.4,-97.1,-86.85006116,-4.59802976032426,-92.5753544074396,-87.2971194629752,-97.9105471200427,-97.0725570410301
GUF,French Guiana,-45.99767845,-91.86065373,-97.54864877,-99.1520228866962,-99.15202289,11.6132476,-38.76277152,-51.60669488,-81.01866362,-72.26695126,9.97E+036,9.97E+036,9.97E+036,9.97E+036,9.97E+036,9.97E+036,9.97E+036,9.97E+036,9.97E+036,9.97E+036,-7.90496684571758,-44.8406523646889,-69.2665987618052,-61.1880278942524,-82.3193957029813
PYF,French Polynesia,9.97E+036,9.97E+036,9.97E+036,9.96920996838686E+036,9.97E+036,9.97E+036,9.97E+036,9.97E+036,9.97E+036,9.97E+036,9.97E+036,9.97E+036,9.97E+036,9.97E+036,9.97E+036,9.97E+036,9.97E+036,9.97E+036,9.97E+036,9.97E+036,9.97E+036,9.97E+036,9.97E+036,9.97E+036,9.97E+036
,French Southern Territories,9.97E+036,9.97E+036,9.97E+036,9.96920996838686E+036,9.97E+036,9.97E+036,9.97E+036,9.97E+036,9.97E+036,9.97E+036,9.97E+036,9.97E+036,9.97E+036,9.97E+036,9.97E+036,9.97E+036,9.97E+036,9.97E+036,9.97E+036,9.97E+036,9.97E+036,9.97E+036,9.97E+036,9.97E+036,9.97E+036
GAB,Gabon,-6.155400229,-65.62831045,-84.02453234,-88.2960840874921,-88.29608409,3.056559334,-80.34520026,-99.02057173,-99.7861402,-98.22829004,-28.1,-96,-84.8,-76.8,9.97E+036,9.97E+036,9.97E+036,9.97E+036,9.97E+036,9.97E+036,-8.45041967126041,-49.2733563467002,-88.5128828692796,-81.3705471264238,-73.7698923196519
GMB,Gambia,-44.98192639,-61.9392036,-52.56623258,-46.0847602578215,-46.08476026,-20.49283064,2115.99814,1003.029411,212.6743165,5.598219534,9.97E+036,9.97E+036,9.97E+036,9.97E+036,9.97E+036,9.97E+036,9.97E+036,9.97E+036,9.97E+036,9.97E+036,-3.77249745113902,-40.3603274265943,-61.6744193682283,-61.8048780442642,-53.1077616734724
GEO,Georgia,-100,-100,-100,-100,-100,-100,-100,-100,-100,-100,-100,-100,-100,-25.8,-100,-100,-100,-100,-100,-98.55900433,-16.729658604351,-99.4788359097315,-87.8355454769623,-89.2442173234402,-91.7972036060254
DEU,Germany,-100,-100,-100,-100,-100,9.97E+036,9.97E+036,9.97E+036,9.97E+036,9.97E+036,-100,-100,-100,-100,-100,-100,-100,-100,-100,-100,-25.1218460374003,-99.6482974093071,-96.4748485560293,-98.5245597072763,-91.034399788594
GHA,Ghana,-28.4264884,-67.15544194,-64.35847872,-69.2185275498571,-69.21852755,8.674963154,-81.99218417,-93.02616454,-90.8342499,-80.39504189,9.97E+036,9.97E+036,9.97E+036,9.97E+036,9.97E+036,9.97E+036,9.97E+036,9.97E+036,9.97E+036,9.97E+036,-6.57027416718827,-65.2666703582081,-60.0586145533809,-67.577891718672,-69.3366008289018
GRC,Greece,-100,-100,-100,-100,-100,-94.83834477,-100,-100,-100,-98.58643933,9.97E+036,9.97E+036,9.97E+036,9.97E+036,-100,-93.1,-70.4,-70.4,-35.5,20.80195714,10.5481312863607,-83.2771696074095,-96.1113241074176,-74.1262744569113,-98.7222701094128
GRD,Grenada,9.97E+036,9.97E+036,9.97E+036,9.96920996838686E+036,9.97E+036,9.97E+036,9.97E+036,9.97E+036,9.97E+036,9.97E+036,9.97E+036,9.97E+036,9.97E+036,9.97E+036,9.97E+036,9.97E+036,9.97E+036,9.97E+036,9.97E+036,9.97E+036,9.97E+036,9.97E+036,9.97E+036,9.97E+036,9.97E+036
GLP,Guadeloupe,9.97E+036,9.97E+036,9.97E+036,9.96920996838686E+036,9.97E+036,9.97E+036,9.97E+036,9.97E+036,9.97E+036,9.97E+036,9.97E+036,9.97E+036,9.97E+036,9.97E+036,9.97E+036,9.97E+036,9.97E+036,9.97E+036,9.97E+036,9.97E+036,9.97E+036,9.97E+036,9.97E+036,9.97E+036,9.97E+036
GUM,Guam,9.97E+036,9.97E+036,9.97E+036,9.96920996838686E+036,9.97E+036,9.97E+036,9.97E+036,9.97E+036,9.97E+036,9.97E+036,9.97E+036,9.97E+036,9.97E+036,9.97E+036,9.97E+036,9.97E+036,9.97E+036,9.97E+036,9.97E+036,9.97E+036,9.97E+036,9.97E+036,9.97E+036,9.97E+036,9.97E+036
GTM,Guatemala,-48.57152828,-82.62547315,-88.75278662,-85.1711555896168,-85.17115559,17.0128923,-77.60520183,-99.53918899,-93.79163683,-97.26648161,-58,-100,-98.7,-100,-29.3,-3.54,-51.3,-51.3,-58,-30.95692778,91.504377131974,-17.9610102569948,-65.5401901077051,-74.5156490933842,-75.0553084240354
,Guernsey,-100,-100,-100,-100,-100,9.97E+036,9.97E+036,9.97E+036,9.97E+036,9.97E+036,9.97E+036,9.97E+036,9.97E+036,9.97E+036,-100,-100,-100,-100,-100,-57.7137844,-2.85396330402819,-66.2593662599262,-84.3970434769473,-92.9398824860087,-97.8781204914707
GIN,Guinea,-21.05438922,-82.64053978,-82.69157794,-76.5268352428785,-76.52683524,-4.60147714,-81.49855815,-92.44423166,-96.09426736,-91.04484968,9.97E+036,9.97E+036,9.97E+036,9.97E+036,9.97E+036,9.97E+036,9.97E+036,9.97E+036,9.97E+036,9.97E+036,-15.4256899142856,-63.2930169497134,-77.6898978118217,-79.4233012500743,-76.0242362251254
GNB,Guinea-Bissau,-23.24808297,-63.49044467,-47.22537702,-39.4134621762642,-39.41346218,12.41724474,-8.238402818,-37.79042192,-80.21536742,-67.24080105,9.97E+036,9.97E+036,9.97E+036,9.97E+036,9.97E+036,9.97E+036,9.97E+036,9.97E+036,9.97E+036,9.97E+036,-16.4556504567608,-40.6708293757947,-60.6486553408205,-57.2328892106088,-46.2981551244975
GUY,Guyana,-34.51148116,-86.96806988,-84.87563818,-85.926905425238,-85.92690543,31.56063513,-2.626085385,-74.7812553,-83.04624896,-66.69925235,9.97E+036,9.97E+036,9.97E+036,9.97E+036,9.97E+036,9.97E+036,9.97E+036,9.97E+036,9.97E+036,9.97E+036,-6.93529474424524,-50.6284077754161,-63.4627836191268,-73.0638998954174,-76.9784906296873
HTI,Haiti,60.864241,4.317702066,52.38931343,130.070551256203,130.0705513,64.73446851,114.0795113,64.54455208,-35.01232258,52.70510552,9.97E+036,9.97E+036,9.97E+036,9.97E+036,9.97E+036,9.97E+036,9.97E+036,9.97E+036,9.97E+036,9.97E+036,382.534266379822,145.799478952845,33.9846877479661,30.9065239471398,54.8173204797395
,Heard Island and McDonald Islands,9.97E+036,9.97E+036,9.97E+036,9.96920996838686E+036,9.97E+036,9.97E+036,9.97E+036,9.97E+036,9.97E+036,9.97E+036,9.97E+036,9.97E+036,9.97E+036,9.97E+036,9.97E+036,9.97E+036,9.97E+036,9.97E+036,9.97E+036,9.97E+036,9.97E+036,9.97E+036,9.97E+036,9.97E+036,9.97E+036
HND,Honduras,-35.336922,-76.23425448,-82.08312238,-71.0811273383326,-71.08112734,24.67340195,-48.57950295,-98.41575414,-96.00134445,-93.05487599,-37.3,-100,-100,-99.8,9.97E+036,9.97E+036,9.97E+036,9.97E+036,9.97E+036,9.97E+036,38.1941393840577,-28.3194323863584,-67.5773448841207,-76.9115571463889,-78.132725186696
HUN,Hungary,-100,-100,-100,-100,-100,9.97E+036,9.97E+036,9.97E+036,9.97E+036,9.97E+036,-100,-100,-100,-100,-100,-100,-100,-100,-100,-92.53836489,-30.7622849698306,-99.468366103994,-98.7469271256282,-99.2318481664957,-97.8678271033968
ISL,Iceland,9.97E+036,9.97E+036,9.97E+036,9.96920996838686E+036,9.97E+036,-100,-100,-100,-100,-100,9.97E+036,9.97E+036,9.97E+036,9.97E+036,-100,-100,-100,-100,-100,-100,-42.0104608402013,-100,-100,-100,-100
IND,India,-35.69420511,-93.9351516,-95.45325354,-91.8410167148191,-91.84101671,-20.23186301,-94.96692828,-92.48353805,-73.31298739,-63.7729276,-74.4,-99.4,-97.8,-96.1,-36.6,-22.6,-22.5,-22.5,-27.4,-34.76080512,-47.5714712561113,-83.9816995209216,-81.1286813904806,-84.9583848264676,-90.3254615598771
IDN,Indonesia,-21.45265234,-71.67019738,-65.91813345,-61.9421095911152,-61.94210959,-4.528926634,-61.99968719,-76.81087492,-88.72452388,-81.96316428,-14,-82.2,-97.7,-93,9.97E+036,9.97E+036,9.97E+036,9.97E+036,9.97E+036,9.97E+036,-6.7850984976441,-40.1551753901373,-62.407394797311,-70.9910917421527,-74.2936079825581
IRN,Iran,-97.14598966,-100,-100,-99.808993993457,-99.80899399,-86.32162295,-100,-99.75179346,-98.64781716,-98.97063364,-99.9,-100,-99.1,-68.4,-63.4,-98,-96.7,-96.7,-79.1,-30.07223043,-0.370985787800543,-97.5842826355863,-97.0438132599861,-99.1272464375567,-97.6628464725659
IRQ,Iraq,-99.59990749,-100,-100,-99.9940848272229,-99.99408483,-87.26379364,-100,-100,-99.9903138,-93.07475019,-100,-100,-98.3,-79.3,-71.6,-99.5,-64.3,-64.3,12.9,13.97437872,1.71503473544916,-95.3534695519946,-94.1448142162231,-93.1937386771235,-98.1446995778498
IRL,Ireland,9.97E+036,9.97E+036,9.97E+036,9.96920996838686E+036,9.97E+036,9.97E+036,9.97E+036,9.97E+036,9.97E+036,9.97E+036,9.97E+036,9.97E+036,9.97E+036,9.97E+036,-100,-100,-100,-100,-100,-99.77138587,-13.7831242351034,-51.507975423064,-73.7073442261815,-88.059974886011,-91.6577328283689
IMN,Isle of Man,-100,-100,-100,-100,-100,9.97E+036,9.97E+036,9.97E+036,9.97E+036,9.97E+036,9.97E+036,9.97E+036,9.97E+036,9.97E+036,-100,-100,-100,-100,-100,-100,0.22930172798028,-39.978770187572,-72.0347087131706,-94.9951798368074,-96.4793158188764
ISR,Israel,-100,-100,-100,-100,-100,9.97E+036,9.97E+036,9.97E+036,9.97E+036,9.97E+036,9.97E+036,9.97E+036,9.97E+036,9.97E+036,-77.7,-79,-58.9,-58.9,-30.3,-27.59534795,130.506052808564,-14.5616071602943,-70.3833238664177,-77.6294900453577,-81.1189750842583
ITA,Italy,-100,-100,-100,-100,-100,-98.37725428,-100,-100,-99.76922887,-97.49383944,-100,-100,-100,-100,-100,-96.1,-81,-81,-67.6,-40.48563343,-5.47631115843883,-82.8154162193764,-85.5892961591822,-95.9819515781853,-89.1117332780232
JAM,Jamaica,45.07125222,-17.01537889,16.36293177,62.5966184061989,62.59661841,9.97E+036,9.97E+036,9.97E+036,9.97E+036,9.97E+036,9.97E+036,9.97E+036,9.97E+036,9.97E+036,9.97E+036,9.97E+036,9.97E+036,9.97E+036,9.97E+036,9.97E+036,266.786509189938,77.1509147821344,-6.22171063980916,-12.0798869127503,4.06976075090994
JPN,Japan,-100,-100,-100,-100,-100,-99.29646294,-100,-100,-100,-100,-100,-100,-100,-100,-95.1,-99.5,-99.5,-99.5,-98.6,-97.96567641,-38.1061141904934,-88.3187556981308,-88.9004107474719,-98.0906938824888,-97.7209835352599
,Jersey,-100,-100,-100,-100,-100,9.97E+036,9.97E+036,9.97E+036,9.97E+036,9.97E+036,9.97E+036,9.97E+036,9.97E+036,9.97E+036,-100,-100,-100,-100,-100,-60.90218063,-5.04053952344365,-66.8139929960599,-84.7661326027408,-93.8093668108716,-98.3738589825623
JOR,Jordan,-100,-100,-100,-100,-100,9.97E+036,9.97E+036,9.97E+036,9.97E+036,9.97E+036,9.97E+036,9.97E+036,9.97E+036,9.97E+036,-53.6,-93.3,-79.4,-79.4,-53.1,-30.96292898,93.1737362937987,-82.0404091108145,-93.7926775160177,-77.361342738287,-86.5792296593626
KAZ,Kazakhstan,-100,-100,-100,-100,-100,-100,-100,-100,-100,-97.05591137,-100,-100,-100,-98,-99.6,-100,-100,-100,-100,-98.70637545,-16.639824208986,-99.9971640174801,-98.4761933966602,-84.63664692574,-76.577674402262
KEN,Kenya,-0.5134443366,-87.44146873,-87.17614688,-85.950414131552,-85.95041413,-37.07839561,-93.38514683,-89.97402125,-94.8326069,-93.98703208,-94.8,-100,-100,-91.4,48.6,-69.2,-83.3,-83.3,-91.9,-90.71651704,14.3515910712716,-64.1633867785542,-75.9860953949597,-75.6810243229155,-69.9074584034116
KIR,Kiribati,9.97E+036,9.97E+036,9.97E+036,9.96920996838686E+036,9.97E+036,9.97E+036,9.97E+036,9.97E+036,9.97E+036,9.97E+036,9.97E+036,9.97E+036,9.97E+036,9.97E+036,9.97E+036,9.97E+036,9.97E+036,9.97E+036,9.97E+036,9.97E+036,9.97E+036,9.97E+036,9.97E+036,9.97E+036,9.97E+036
,Kosovo,-100,-100,-100,-100,-100,-91.24709043,-100,-100,-100,-100,-100,-100,-100,-100,-100,-100,-100,-100,-98.3,-81.78683387,-4.3065414063469,-82.3675625119686,-99.9859835425038,-95.2092702691187,-99.9777940536276
KWT,Kuwait,-71.58268277,-100,-100,-98.8283500978948,-98.8283501,-46.84802698,-100,-100,-99.22931321,-99.84486442,-100,-100,-100,2290,-33.1,-94.8,41.8,41.8,-23.5,-40.99983352,-17.246735422407,-72.1124328646919,-99.9932974474762,-99.6006059193284,-99.9014790379628
KGZ,Kyrgyzstan,-100,-100,-100,-100,-100,-100,-100,-100,-100,-98.7771107,-100,-100,-100,-100,-99.8,-100,-100,-100,-100,-97.90800926,-9.88270175683424,-99.9998377308764,-95.8824279878318,-87.3719168291846,-68.5333638576271
LAO,Laos,-71.38916881,-99.45149884,-99.90194651,-95.5850416657153,-95.58504167,-36.48760614,-100,-99.32785762,-97.50191265,-96.22112416,-95.4,-100,-98.8,-97.1,-38.7,-100,-99,-99,-99.9,-91.89514874,-20.104554391385,-67.5580854318368,-80.0136763817269,-83.5946969964723,-92.6014695436643
LVA,Latvia,-100,-100,-100,-100,-100,9.97E+036,9.97E+036,9.97E+036,9.97E+036,9.97E+036,9.97E+036,9.97E+036,9.97E+036,9.97E+036,-100,-100,-100,-100,-100,-100,-53.3154634730931,-99.999857643764,-99.9998604626153,-99.9998632256425,-99.964145827645
LBN,Lebanon,-100,-100,-100,-99.9999999999999,-100,9.97E+036,9.97E+036,9.97E+036,9.97E+036,9.97E+036,9.97E+036,9.97E+036,9.97E+036,9.97E+036,-94.3,-75,-44.1,-44.1,16.2,-34.43467583,102.406142337304,-27.0019112766738,-71.1021676295752,-82.9542032304403,-94.853067141215
LSO,Lesotho,-0.3126810201,-99.7871058,-100,-100,-100,9.97E+036,9.97E+036,9.97E+036,9.97E+036,9.97E+036,-36.5,-86.6,-46.4,-19,-70.9,-18.9,-63.4,-63.4,-58.7,-47.21907076,-2.79428943396883,-56.00628651004,-40.6388442189724,-83.3862168859916,-76.8180755693993
LBR,Liberia,-22.80135749,-89.07101712,-79.00887041,-76.4526627630332,-76.45266276,-0.5041556896,-79.3224214,-92.0442496,-88.64980091,-81.28318259,-46.3,-99,-100,-100,9.97E+036,9.97E+036,9.97E+036,9.97E+036,9.97E+036,9.97E+036,-9.32643009535366,-40.3307992081663,-59.642307839473,-67.2807757564388,-69.1864803516945
LBY,Libya,9.97E+036,9.97E+036,9.97E+036,9.96920996838686E+036,9.97E+036,9.97E+036,9.97E+036,9.97E+036,9.97E+036,9.97E+036,9.97E+036,9.97E+036,9.97E+036,9.97E+036,-88,35.8,66.8,66.8,182,432.658143,1.77405604517609,-25.9559560771138,-82.3717181250875,-91.895003462722,-95.9526719776324
LTU,Lithuania,-100,-100,-100,-100,-100,9.97E+036,9.97E+036,9.97E+036,9.97E+036,9.97E+036,9.97E+036,9.97E+036,9.97E+036,9.97E+036,-100,-100,-100,-100,-100,-100,-40.9875574016893,-99.9987979971937,-99.9988217984294,-99.9988451283731,-98.0103867370849
LUX,Luxembourg,-100,-100,-100,-100,-100,9.97E+036,9.97E+036,9.97E+036,9.97E+036,9.97E+036,9.97E+036,9.97E+036,9.97E+036,9.97E+036,-100,-100,-100,-100,-100,-100,-35.5335787496366,-99.8285073472217,-89.3742474093766,-99.2500138793902,-96.3552210798607
MKD,Macedonia,-100,-100,-100,-100,-100,-87.9055136,-100,-100,-100,-100,9.97E+036,9.97E+036,9.97E+036,9.97E+036,-100,-100,-100,-100,-93.7,-60.79304994,1.05469731427876,-81.0477657230264,-99.9409746409018,-65.018730240395,-99.9070627283845
MDG,Madagascar,5.087884308,-58.33562285,-75.69566266,-83.7817256740032,-83.78172567,18.21870987,-64.00880593,-95.12139349,-95.33487858,-93.94771908,9.97E+036,9.97E+036,9.97E+036,9.97E+036,9.97E+036,9.97E+036,9.97E+036,9.97E+036,9.97E+036,9.97E+036,-6.1590297902208,-38.3457302758771,-57.6360851546092,-67.7482215836267,-73.145025082935
MWI,Malawi,7.443148052,-70.61508688,-96.37232522,-97.1907064049734,-97.1907064,-5.723122065,-92.50866337,-99.93136135,-99.9297517,-99.92170892,9.97E+036,9.97E+036,9.97E+036,9.97E+036,2.77,-98.5,-100,-100,-100,-100,-13.2094025183137,-35.6965991636262,-59.163166161921,-71.8701581808704,-78.5832184124378
MYS,Malaysia,-35.55618669,-76.13533202,-72.13517634,-65.2708553682364,-65.27085537,-5.095659824,-69.0376035,-95.98708198,-96.50818544,-85.70030795,-45.3,-100,-98.1,-100,9.97E+036,9.97E+036,9.97E+036,9.97E+036,9.97E+036,9.97E+036,-2.56811619851919,-42.585288234605,-66.0007409138466,-74.3647228024507,-75.9922850168128
MDV,Maldives,9.97E+036,9.97E+036,9.97E+036,9.96920996838686E+036,9.97E+036,9.97E+036,9.97E+036,9.97E+036,9.97E+036,9.97E+036,9.97E+036,9.97E+036,9.97E+036,9.97E+036,9.97E+036,9.97E+036,9.97E+036,9.97E+036,9.97E+036,9.97E+036,9.97E+036,9.97E+036,9.97E+036,9.97E+036,9.97E+036
MLI,Mali,-35.68508957,-70.1307788,-72.9282294,-58.3172893881921,-58.31728939,-3.360835093,-90.0292526,-97.37591126,-86.58062297,-89.1440678,9.97E+036,9.97E+036,9.97E+036,9.97E+036,-49.3,-17.5,-58.8,-58.8,-40.5,-52.19488189,-36.2001458745952,-46.1835652636693,-78.1901427490223,-84.76732733534,-82.9204751880883
MLT,Malta,9.97E+036,9.97E+036,9.97E+036,9.96920996838686E+036,9.97E+036,9.97E+036,9.97E+036,9.97E+036,9.97E+036,9.97E+036,9.97E+036,9.97E+036,9.97E+036,9.97E+036,9.97E+036,9.97E+036,9.97E+036,9.97E+036,9.97E+036,9.97E+036,9.97E+036,9.97E+036,9.97E+036,9.97E+036,9.97E+036
MHL,Marshall Islands,9.97E+036,9.97E+036,9.97E+036,9.96920996838686E+036,9.97E+036,9.97E+036,9.97E+036,9.97E+036,9.97E+036,9.97E+036,9.97E+036,9.97E+036,9.97E+036,9.97E+036,9.97E+036,9.97E+036,9.97E+036,9.97E+036,9.97E+036,9.97E+036,9.97E+036,9.97E+036,9.97E+036,9.97E+036,9.97E+036
MTQ,Martinique,9.97E+036,9.97E+036,9.97E+036,9.96920996838686E+036,9.97E+036,9.97E+036,9.97E+036,9.97E+036,9.97E+036,9.97E+036,9.97E+036,9.97E+036,9.97E+036,9.97E+036,9.97E+036,9.97E+036,9.97E+036,9.97E+036,9.97E+036,9.97E+036,9.97E+036,9.97E+036,9.97E+036,9.97E+036,9.97E+036
MRT,Mauritania,-28.70563337,-7.583804886,-5.016021198,126.94048692941,126.9404869,-1.805730122,-77.53593934,-50.35151116,145.5426299,-87.5662427,9.97E+036,9.97E+036,9.97E+036,9.97E+036,9.97E+036,9.97E+036,9.97E+036,9.97E+036,9.97E+036,9.97E+036,-76.6246069996588,-21.9319950901469,-71.9085117914529,-86.1869254439564,-85.7085070769146
MUS,Mauritius,9.97E+036,9.97E+036,9.97E+036,9.96920996838686E+036,9.97E+036,9.97E+036,9.97E+036,9.97E+036,9.97E+036,9.97E+036,9.97E+036,9.97E+036,9.97E+036,9.97E+036,9.97E+036,9.97E+036,9.97E+036,9.97E+036,9.97E+036,9.97E+036,9.97E+036,9.97E+036,9.97E+036,9.97E+036,9.97E+036
MYT,Mayotte,9.97E+036,9.97E+036,9.97E+036,9.96920996838686E+036,9.97E+036,9.97E+036,9.97E+036,9.97E+036,9.97E+036,9.97E+036,9.97E+036,9.97E+036,9.97E+036,9.97E+036,9.97E+036,9.97E+036,9.97E+036,9.97E+036,9.97E+036,9.97E+036,9.97E+036,9.97E+036,9.97E+036,9.97E+036,9.97E+036
MEX,Mexico,-90.20176233,-97.93399747,-99.09776484,-98.9045171713722,-98.90451717,-67.95757266,-98.87566663,-99.00204616,-98.61140106,-80.83596774,-94.3,-100,-93.7,-61.9,-57.2,-71.5,-74.8,-74.8,-72,-63.30754582,-10.5472221010375,-58.0933220496375,-78.1510594788761,-89.8400114766104,-94.3806175436064
FSM,Micronesia,9.97E+036,9.97E+036,9.97E+036,9.96920996838686E+036,9.97E+036,9.97E+036,9.97E+036,9.97E+036,9.97E+036,9.97E+036,9.97E+036,9.97E+036,9.97E+036,9.97E+036,9.97E+036,9.97E+036,9.97E+036,9.97E+036,9.97E+036,9.97E+036,9.97E+036,9.97E+036,9.97E+036,9.97E+036,9.97E+036
MDA,Moldova,-100,-100,-100,-99.9999999999999,-100,9.97E+036,9.97E+036,9.97E+036,9.97E+036,9.97E+036,-100,-100,-100,-100,-100,-100,-100,-100,-100,-100,-39.957632380048,-99.9950597850896,-99.9897163805522,-97.9337309176487,-99.9247159242068
MNG,Mongolia,-100,-100,-100,-100,-100,-100,-100,-100,-100,-100,-100,-100,-100,-100,-100,-100,-100,-100,-100,-100,-39.9688798079627,-99.9955271959304,-99.995615763518,-99.2836808561693,-95.0809942342714
MNE,Montenegro,-100,-100,-100,-100,-100,9.97E+036,9.97E+036,9.97E+036,9.97E+036,9.97E+036,-100,-100,-100,-100,-100,-98.9,-92.1,-92.1,-66.5,-35.10195466,-4.50100405647401,-72.9657047735115,-99.1332123414168,-96.4143170777766,-99.2304868277407
MSR,Montserrat,9.97E+036,9.97E+036,9.97E+036,9.96920996838686E+036,9.97E+036,9.97E+036,9.97E+036,9.97E+036,9.97E+036,9.97E+036,9.97E+036,9.97E+036,9.97E+036,9.97E+036,9.97E+036,9.97E+036,9.97E+036,9.97E+036,9.97E+036,9.97E+036,9.97E+036,9.97E+036,9.97E+036,9.97E+036,9.97E+036
MAR,Morocco,-100,-100,-100,-100,-100,-100,-100,-100,-99.59288963,-98.96510179,9.97E+036,9.97E+036,9.97E+036,9.97E+036,-96.3,-83.2,-46.6,-46.6,-29.1,26.57276936,-4.34310837146663,-59.3413918447361,-89.2659874560407,-75.7190474373469,-91.1939445545689
MOZ,Mozambique,2.440719505,-52.13611914,-75.88574113,-81.778048280633,-81.77804828,13.18700997,-57.60000827,-95.34516197,-95.76959648,-95.22398685,-0.246,-99.9,-95.6,-92.3,-76.6,-5.06,-62.3,-62.3,-75.5,-67.19028613,-15.6684893866287,-39.1690329721637,-55.2571814168166,-64.3905818080173,-68.2555220772644
MMR,Myanmar,-60.97573593,-99.13326047,-99.78971758,-97.9887201456603,-97.98872015,-38.11057304,-99.99820549,-99.97806878,-99.51474774,-99.21486501,-86.7,-100,-100,-99.2,-36.7,-83.7,-86.2,-86.2,-84.7,-72.3172828,-14.2780917235134,-74.1425586433076,-84.4131181029553,-85.5268764519929,-94.8706309616422
NAM,Namibia,-17.63190225,-65.87406408,-99.55024188,-99.9641261709785,-99.96412617,-39.20741645,-90.12619029,-100,-100,-99.81255715,-46.6,-100,-100,-98.5,-100,-46.2,-87.2,-87.2,-87.7,-63.54435563,-15.968107851092,-68.9410891113222,-80.6215861791114,-82.9507193648337,-87.643298774059
NRU,Nauru,9.97E+036,9.97E+036,9.97E+036,9.96920996838686E+036,9.97E+036,9.97E+036,9.97E+036,9.97E+036,9.97E+036,9.97E+036,9.97E+036,9.97E+036,9.97E+036,9.97E+036,9.97E+036,9.97E+036,9.97E+036,9.97E+036,9.97E+036,9.97E+036,9.97E+036,9.97E+036,9.97E+036,9.97E+036,9.97E+036
NPL,Nepal,-88.47670085,-100,-100,-99.4035544077152,-99.40355441,-69.55265136,-100,-96.50444383,-91.58660726,-88.8907977,-97.6,-99.9,-99.3,-90.8,-67.2,-91.3,-93.6,-93.6,-87.8,-75.5277296,-25.2006340450124,-99.9911681150842,-94.0815853476785,-93.7890716148064,-78.4113538649475
NLD,Netherlands,-100,-100,-100,-100,-100,9.97E+036,9.97E+036,9.97E+036,9.97E+036,9.97E+036,9.97E+036,9.97E+036,9.97E+036,9.97E+036,-100,-100,-100,-100,-100,-100,-11.6554544549624,-97.2528787813638,-76.6257467231136,-99.3977892206153,-97.4554670623218
NCL,New Caledonia,9.97E+036,9.97E+036,9.97E+036,9.96920996838686E+036,9.97E+036,9.97E+036,9.97E+036,9.97E+036,9.97E+036,9.97E+036,9.97E+036,9.97E+036,9.97E+036,9.97E+036,9.97E+036,9.97E+036,9.97E+036,9.97E+036,9.97E+036,9.97E+036,9.97E+036,9.97E+036,9.97E+036,9.97E+036,9.97E+036
NZL,New Zealand,-16.72944993,-100,-100,-100,-100,9.97E+036,9.97E+036,9.97E+036,9.97E+036,9.97E+036,9.97E+036,9.97E+036,9.97E+036,9.97E+036,14.7,-48.2,-67.1,-67.1,-72.8,-71.52822202,-5.55007068465451,-37.2871773951776,-64.2403034317474,-73.3974540051024,-79.8085734465989
NIC,Nicaragua,-41.78813,-83.44550351,-84.77778232,-72.1426420446868,-72.14264204,18.59108593,-55.92849798,-98.03755929,-99.80118341,-91.52093102,-54.8,-100,-100,-98,9.97E+036,9.97E+036,9.97E+036,9.97E+036,9.97E+036,9.97E+036,-6.54310907223199,-42.0498865890226,-68.2843163074848,-78.9044791114015,-81.3341789311132
NER,Niger,-21.01122957,-75.93926188,-87.65723698,-70.877899907759,-70.87789991,73.57423484,-99.209204,-99.84954251,-99.537162,-96.7107446,-73.2,-100,-100,-100,-9.28,-57.9,-87.8,-87.8,-78.1,-52.21703041,-13.433523981768,-66.2071304719257,-85.5481734472419,-90.2821373987394,-90.677957726022
NGA,Nigeria,-26.51149022,-61.58347592,-73.71580962,-76.3449677057725,-76.34496771,8.702560627,-84.5403435,-94.30090243,-93.87924905,-91.06127711,-69.8,-99.8,-99.9,-100,-4.24,-77.3,-90,-90,-85.4,-80.03980402,1.38278961201705,-59.5658858970132,-67.0732725852635,-69.415122463303,-70.2621013418989
NIU,Niue,9.97E+036,9.97E+036,9.97E+036,9.96920996838686E+036,9.97E+036,9.97E+036,9.97E+036,9.97E+036,9.97E+036,9.97E+036,9.97E+036,9.97E+036,9.97E+036,9.97E+036,9.97E+036,9.97E+036,9.97E+036,9.97E+036,9.97E+036,9.97E+036,9.97E+036,9.97E+036,9.97E+036,9.97E+036,9.97E+036
,Norfolk Island,9.97E+036,9.97E+036,9.97E+036,9.96920996838686E+036,9.97E+036,9.97E+036,9.97E+036,9.97E+036,9.97E+036,9.97E+036,9.97E+036,9.97E+036,9.97E+036,9.97E+036,9.97E+036,9.97E+036,9.97E+036,9.97E+036,9.97E+036,9.97E+036,9.97E+036,9.97E+036,9.97E+036,9.97E+036,9.97E+036
PRK,North Korea,-100,-100,-100,-100,-100,-99.93295687,-100,-100,-100,-100,-100,-100,-100,-100,-100,-100,-100,-100,-100,-100,-51.7529169335389,-99.9995200195163,-99.4264277304357,-99.9995406737601,-93.5760319036214
MNP,Northern Mariana Islands,9.97E+036,9.97E+036,9.97E+036,9.96920996838686E+036,9.97E+036,9.97E+036,9.97E+036,9.97E+036,9.97E+036,9.97E+036,9.97E+036,9.97E+036,9.97E+036,9.97E+036,9.97E+036,9.97E+036,9.97E+036,9.97E+036,9.97E+036,9.97E+036,9.97E+036,9.97E+036,9.97E+036,9.97E+036,9.97E+036
NOR,Norway,9.97E+036,9.97E+036,9.97E+036,9.96920996838686E+036,9.97E+036,-100,-100,-100,-100,-100,-100,-100,-100,-100,-100,-100,-100,-100,-100,-100,-43.7299183524363,-91.8822374916798,-99.999494549293,-99.9280918213192,-99.989779837286
OMN,Oman,63.21481545,-100,-100,54.051493090111,54.05149309,9.97E+036,9.97E+036,9.97E+036,9.97E+036,9.97E+036,-0.687,-66.7,-100,81.5,383,1350,2550,2550,3050,3704.287465,-5.96225435970375,-46.4135015305447,-59.7844666140342,-76.1345181300394,-78.3217059679331
PAK,Pakistan,-81.54150716,-100,-100,-99.3664333161519,-99.36643332,-51.11042633,-100,-100,-96.87856841,-86.33499399,-89.2,-100,-93,-32.9,-48.7,-75.8,-52.3,-52.3,-39.8,-37.2179352,-28.922537832718,-99.4662336039239,-95.5963168595079,-98.2754491200199,-87.1696913372646
PLW,Palau,9.97E+036,9.97E+036,9.97E+036,9.96920996838686E+036,9.97E+036,9.97E+036,9.97E+036,9.97E+036,9.97E+036,9.97E+036,9.97E+036,9.97E+036,9.97E+036,9.97E+036,9.97E+036,9.97E+036,9.97E+036,9.97E+036,9.97E+036,9.97E+036,9.97E+036,9.97E+036,9.97E+036,9.97E+036,9.97E+036
PSE,Palestina,9.97E+036,9.97E+036,9.97E+036,9.96920996838686E+036,9.97E+036,9.97E+036,9.97E+036,9.97E+036,9.97E+036,9.97E+036,9.97E+036,9.97E+036,9.97E+036,9.97E+036,9.97E+036,9.97E+036,9.97E+036,9.97E+036,9.97E+036,9.97E+036,9.97E+036,9.97E+036,9.97E+036,9.97E+036,9.97E+036
PAN,Panama,-25.91806292,-76.81983278,-69.5175617,-54.4283654500818,-54.42836545,160.4127381,170.5386339,248.794971,57.46067803,94.44439097,9.97E+036,9.97E+036,9.97E+036,9.97E+036,9.97E+036,9.97E+036,9.97E+036,9.97E+036,9.97E+036,9.97E+036,-5.35616341829758,-35.5748599638475,-57.6291335727243,-65.6336696490647,-64.8687994990981
PNG,Papua New Guinea,9.97E+036,9.97E+036,9.97E+036,9.96920996838686E+036,9.97E+036,9.97E+036,9.97E+036,9.97E+036,9.97E+036,9.97E+036,9.97E+036,9.97E+036,9.97E+036,9.97E+036,9.97E+036,9.97E+036,9.97E+036,9.97E+036,9.97E+036,9.97E+036,-3.45878914863221,-28.3331323513378,-50.7927674083911,-63.7001371882947,-71.9893463632563
PRY,Paraguay,-7.948078417,-60.73118538,-79.73730641,-78.5853174441264,-78.58531744,18.16342534,-64.69951433,-95.31136529,-95.63015654,-93.97918436,19.6,-94.9,-100,-97.8,-93.1,-23.2,-9.96,-9.96,-18.2,-31.83737341,-8.67688921311033,-47.3804259081232,-74.1346132243478,-69.1965459061427,-81.0622527666818
PER,Peru,-4.519154681,-70.44597321,-91.90088106,-94.4098768951039,-94.4098769,-0.7118346271,-75.3533907,-97.21445633,-98.27309363,-95.81323703,9.97E+036,9.97E+036,9.97E+036,9.97E+036,0.844,-66.1,-94.2,-94.2,-88.9,-72.22947479,-5.49739144273255,-32.9838074429181,-59.1210518949357,-75.737489575198,-86.0027771186144
PHL,Philippines,-38.16854338,-52.57155998,-55.04696581,-60.4888546932246,-60.48885469,11.91764148,-53.46045315,-95.44850955,-95.12006747,-87.40927248,9.97E+036,9.97E+036,9.97E+036,9.97E+036,9.97E+036,9.97E+036,9.97E+036,9.97E+036,9.97E+036,9.97E+036,-5.04582193963728,-35.057325155138,-51.1669179120649,-59.4853332863543,-65.1794259422789
,Pitcairn Islands,9.97E+036,9.97E+036,9.97E+036,9.96920996838686E+036,9.97E+036,9.97E+036,9.97E+036,9.97E+036,9.97E+036,9.97E+036,9.97E+036,9.97E+036,9.97E+036,9.97E+036,9.97E+036,9.97E+036,9.97E+036,9.97E+036,9.97E+036,9.97E+036,9.97E+036,9.97E+036,9.97E+036,9.97E+036,9.97E+036
POL,Poland,-100,-100,-100,-100,-100,9.97E+036,9.97E+036,9.97E+036,9.97E+036,9.97E+036,9.97E+036,9.97E+036,9.97E+036,9.97E+036,-100,-100,-100,-100,-100,-99.92642932,-19.2504114148459,-99.9903193834309,-99.9905110723078,-99.9897328972546,-98.4168314125427
PRT,Portugal,-100,-100,-100,-100,-100,-100,-100,-100,-90.50489205,-61.47711619,9.97E+036,9.97E+036,9.97E+036,9.97E+036,-100,-81.5,-31.2,-31.2,46.4,69.49493073,34.8180460394089,-35.2818848800038,-74.6782223228132,-88.9182539148193,-95.2352066887865
PRI,Puerto Rico,9.97E+036,9.97E+036,9.97E+036,9.96920996838686E+036,9.97E+036,9.97E+036,9.97E+036,9.97E+036,9.97E+036,9.97E+036,9.97E+036,9.97E+036,9.97E+036,9.97E+036,9.97E+036,9.97E+036,9.97E+036,9.97E+036,9.97E+036,9.97E+036,9.97E+036,9.97E+036,9.97E+036,9.97E+036,9.97E+036
QAT,Qatar,506.4630655,-100,-100,193.707757570456,193.7077576,9.97E+036,9.97E+036,9.97E+036,9.97E+036,9.97E+036,9.97E+036,9.97E+036,9.97E+036,9.97E+036,9.97E+036,9.97E+036,9.97E+036,9.97E+036,9.97E+036,9.97E+036,-0.453492574419348,-64.8806564629507,-91.9453025569103,-99.7104888986399,-96.9100674561576
COG,Republic of Congo,-9.343427013,-71.5799026,-91.06068502,-94.8262584840403,-94.82625848,0.2209894795,-83.95924792,-97.51199635,-99.28638387,-98.29116418,-8.23,-96.2,-80.1,-65.7,9.97E+036,9.97E+036,9.97E+036,9.97E+036,9.97E+036,9.97E+036,-7.93093520756428,-42.0710565999291,-63.4726931249985,-68.0245345764887,-68.1674288987597
REU,Reunion,9.97E+036,9.97E+036,9.97E+036,9.96920996838686E+036,9.97E+036,9.97E+036,9.97E+036,9.97E+036,9.97E+036,9.97E+036,9.97E+036,9.97E+036,9.97E+036,9.97E+036,9.97E+036,9.97E+036,9.97E+036,9.97E+036,9.97E+036,9.97E+036,9.97E+036,9.97E+036,9.97E+036,9.97E+036,9.97E+036
ROU,Romania,-100,-100,-100,-100,-100,9.97E+036,9.97E+036,9.97E+036,9.97E+036,9.97E+036,-100,-100,-100,-100,-100,-100,-100,-100,-100,-99.50841206,-36.9518168695947,-99.6585458757129,-99.9814276364022,-97.2917803706942,-99.8275225493974
RUS,Russia,-100,-100,-100,-100,-100,-100,-100,-100,-100,-100,-100,-100,-100,-98.2,-100,-100,-100,-100,-100,-99.84528216,-81.7232636958964,-99.2016017193735,-99.6684433473022,-99.6465888712285,-98.9609456992264
RWA,Rwanda,-12.95656181,-97.26919745,-100,-100,-100,-6.693624473,-100,-100,-100,-100,-30.5,-43.8,-19.1,-47.5,9.97E+036,9.97E+036,9.97E+036,9.97E+036,9.97E+036,9.97E+036,1.73818592280012,-78.211576982708,-74.1835618836758,-46.3671605848834,-74.7344471396596
SHN,Saint Helena,9.97E+036,9.97E+036,9.97E+036,9.96920996838686E+036,9.97E+036,9.97E+036,9.97E+036,9.97E+036,9.97E+036,9.97E+036,9.97E+036,9.97E+036,9.97E+036,9.97E+036,9.97E+036,9.97E+036,9.97E+036,9.97E+036,9.97E+036,9.97E+036,9.97E+036,9.97E+036,9.97E+036,9.97E+036,9.97E+036
KNA,Saint Kitts and Nevis,9.97E+036,9.97E+036,9.97E+036,9.96920996838686E+036,9.97E+036,9.97E+036,9.97E+036,9.97E+036,9.97E+036,9.97E+036,9.97E+036,9.97E+036,9.97E+036,9.97E+036,9.97E+036,9.97E+036,9.97E+036,9.97E+036,9.97E+036,9.97E+036,9.97E+036,9.97E+036,9.97E+036,9.97E+036,9.97E+036
LCA,Saint Lucia,9.97E+036,9.97E+036,9.97E+036,9.96920996838686E+036,9.97E+036,9.97E+036,9.97E+036,9.97E+036,9.97E+036,9.97E+036,9.97E+036,9.97E+036,9.97E+036,9.97E+036,9.97E+036,9.97E+036,9.97E+036,9.97E+036,9.97E+036,9.97E+036,9.97E+036,9.97E+036,9.97E+036,9.97E+036,9.97E+036
SPM,Saint Pierre and Miquelon,9.97E+036,9.97E+036,9.97E+036,9.96920996838686E+036,9.97E+036,9.97E+036,9.97E+036,9.97E+036,9.97E+036,9.97E+036,9.97E+036,9.97E+036,9.97E+036,9.97E+036,9.97E+036,9.97E+036,9.97E+036,9.97E+036,9.97E+036,9.97E+036,9.97E+036,9.97E+036,9.97E+036,9.97E+036,9.97E+036
VCT,Saint Vincent and the Grenadines,9.97E+036,9.97E+036,9.97E+036,9.96920996838686E+036,9.97E+036,9.97E+036,9.97E+036,9.97E+036,9.97E+036,9.97E+036,9.97E+036,9.97E+036,9.97E+036,9.97E+036,9.97E+036,9.97E+036,9.97E+036,9.97E+036,9.97E+036,9.97E+036,9.97E+036,9.97E+036,9.97E+036,9.97E+036,9.97E+036
,Saint-Martin,9.97E+036,9.97E+036,9.97E+036,9.96920996838686E+036,9.97E+036,9.97E+036,9.97E+036,9.97E+036,9.97E+036,9.97E+036,9.97E+036,9.97E+036,9.97E+036,9.97E+036,9.97E+036,9.97E+036,9.97E+036,9.97E+036,9.97E+036,9.97E+036,9.97E+036,9.97E+036,9.97E+036,9.97E+036,9.97E+036
WSM,Samoa,9.97E+036,9.97E+036,9.97E+036,9.96920996838686E+036,9.97E+036,9.97E+036,9.97E+036,9.97E+036,9.97E+036,9.97E+036,9.97E+036,9.97E+036,9.97E+036,9.97E+036,9.97E+036,9.97E+036,9.97E+036,9.97E+036,9.97E+036,9.97E+036,9.97E+036,9.97E+036,9.97E+036,9.97E+036,9.97E+036
STP,Sao Tome and Principe,9.97E+036,9.97E+036,9.97E+036,9.96920996838686E+036,9.97E+036,9.97E+036,9.97E+036,9.97E+036,9.97E+036,9.97E+036,9.97E+036,9.97E+036,9.97E+036,9.97E+036,9.97E+036,9.97E+036,9.97E+036,9.97E+036,9.97E+036,9.97E+036,9.97E+036,9.97E+036,9.97E+036,9.97E+036,9.97E+036
SAU,Saudi Arabia,-38.03926562,-96.91408814,-96.75835067,-96.2033471378987,-96.20334714,-100,-100,-100,-100,-100,9.97E+036,9.97E+036,9.97E+036,9.97E+036,3.56,-42.6,31.3,31.3,124,81.63656146,-13.821548790796,-66.4090331151686,-78.5582842711414,-90.0143322691658,-93.3588016741309
SEN,Senegal,-20.19420068,-51.22849322,-38.3471668,-26.7369419997475,-26.736942,17.25549254,-13.72897051,-58.07528622,-88.72378309,-76.57227613,9.97E+036,9.97E+036,9.97E+036,9.97E+036,9.97E+036,9.97E+036,9.97E+036,9.97E+036,9.97E+036,9.97E+036,-36.602892348807,-27.8631209691955,-62.9324139395094,-65.5730779576078,-53.9633947445025
SRB,Serbia,-100,-100,-100,-99.9999999999999,-100,9.97E+036,9.97E+036,9.97E+036,9.97E+036,9.97E+036,-100,-100,-100,-100,-100,-100,-100,-100,-99.8,-94.82262883,-22.6037297933125,-90.4923964148971,-99.9969937079086,-98.9528886220643,-99.9661754738114
SYC,Seychelles,9.97E+036,9.97E+036,9.97E+036,9.96920996838686E+036,9.97E+036,9.97E+036,9.97E+036,9.97E+036,9.97E+036,9.97E+036,9.97E+036,9.97E+036,9.97E+036,9.97E+036,9.97E+036,9.97E+036,9.97E+036,9.97E+036,9.97E+036,9.97E+036,9.97E+036,9.97E+036,9.97E+036,9.97E+036,9.97E+036
SLE,Sierra Leone,-17.32705547,-89.91734127,-83.49331592,-77.8958445284879,-77.89584453,-2.093062842,-79.16048445,-92.9395905,-92.84411464,-87.0125393,9.97E+036,9.97E+036,9.97E+036,9.97E+036,9.97E+036,9.97E+036,9.97E+036,9.97E+036,9.97E+036,9.97E+036,-15.9276968461271,-46.3528257716901,-63.4858302728923,-70.079167423921,-70.4281339231901
SGP,Singapore,-30.44198836,-76.54394984,-62.08222846,-57.6452801299239,-57.64528013,-2.303116387,-70.79828273,-95.57763077,-98.1690317,-81.60538618,-36.5,-100,-96.5,-100,9.97E+036,9.97E+036,9.97E+036,9.97E+036,9.97E+036,9.97E+036,-3.64481499517498,-45.6085795776886,-70.9833181433053,-78.2404526049102,-79.8291103827478
SVK,Slovakia,-100,-100,-100,-100,-100,9.97E+036,9.97E+036,9.97E+036,9.97E+036,9.97E+036,-100,-100,-100,-100,-100,-100,-100,-100,-100,-95.94503572,-23.6925477654405,-99.9841604307855,-99.9516116141839,-99.8417955903295,-95.8461311760145
SVN,Slovenia,-100,-100,-100,-100,-100,9.97E+036,9.97E+036,9.97E+036,9.97E+036,9.97E+036,-100,-100,-100,-100,-100,-100,-100,-100,-100,-94.78938191,-5.96695823570661,-94.0058954739985,-83.3850773321372,-92.4635717795643,-91.6297743660735
SLB,Solomon Islands,9.97E+036,9.97E+036,9.97E+036,9.96920996838686E+036,9.97E+036,9.97E+036,9.97E+036,9.97E+036,9.97E+036,9.97E+036,9.97E+036,9.97E+036,9.97E+036,9.97E+036,9.97E+036,9.97E+036,9.97E+036,9.97E+036,9.97E+036,9.97E+036,9.97E+036,9.97E+036,9.97E+036,9.97E+036,9.97E+036
SOM,Somalia,-19.68052369,-45.99323418,-41.23650153,-43.0541011598993,-43.05410116,-15.06797344,42.53116986,-9.012251102,-72.95560247,-57.79222561,9.97E+036,9.97E+036,9.97E+036,9.97E+036,107,6.36,130,130,127,136.7677495,21.432726682987,-42.5463989249883,-40.7787202764457,-43.6121479850199,-56.9588233259145
ZAF,South Africa,-0.6805893032,-94.18633843,-99.52907429,-99.863913038531,-99.86391304,-30.71528632,-95.28316495,-100,-100,-99.91781499,-31,-85.4,-75.7,-54.8,-79.8,-14.2,-59.7,-59.7,-61.4,-50.72114677,0.525922779562772,-53.4645666879858,-61.1663380955113,-83.2834349387606,-84.5281088782129
,South Georgia and the South Sandwich Islands,9.97E+036,9.97E+036,9.97E+036,9.96920996838686E+036,9.97E+036,9.97E+036,9.97E+036,9.97E+036,9.97E+036,9.97E+036,9.97E+036,9.97E+036,9.97E+036,9.97E+036,9.97E+036,9.97E+036,9.97E+036,9.97E+036,9.97E+036,9.97E+036,9.97E+036,9.97E+036,9.97E+036,9.97E+036,9.97E+036
KOR,South Korea,-100,-100,-100,-100,-100,-98.72317114,-100,-100,-100,-100,-100,-100,-100,-100,-100,-100,-100,-100,-100,-100,-34.2988418057451,-99.9950508581687,-94.424851259975,-98.4806250643775,-99.9992362405494
SSD,South Sudan,-27.90639316,-80.45175589,-94.73281653,-96.1683850577199,-96.16838506,-10.34824336,-99.12143665,-100,-97.58787043,-99.67631952,-78.6,-100,-100,-78.2,20.8,-96.3,-99.2,-99.2,-98.3,-96.49410262,-8.42234619884145,-73.0993787624864,-76.1655728431424,-65.3280785275484,-63.5632588327786
ESP,Spain,-100,-100,-100,-100,-100,-100,-100,-100,-99.67841636,-98.22883209,-100,-100,-100,-97.3,-100,-94.9,-80.9,-80.9,-48.3,-7.244127564,23.7260690610777,-55.353873930127,-85.5981265147998,-94.6073398350728,-93.8107553902514
LKA,Sri Lanka,-17.98763087,-56.34869259,-54.43532995,-46.9218749944958,-46.92187499,13.62472457,-16.71177897,-68.58611384,-83.69643122,-46.12838637,9.97E+036,9.97E+036,9.97E+036,9.97E+036,9.97E+036,9.97E+036,9.97E+036,9.97E+036,9.97E+036,9.97E+036,-12.0526683294459,-48.1834463681429,-61.0934336432017,-64.9117731207087,-64.004654735837
SDN,Sudan,-24.65077353,-73.62229361,-86.10613354,-69.5446073566942,-69.54460736,-17.9090216,-99.98731669,-99.80218868,-99.58280841,-98.97966135,9.97E+036,9.97E+036,9.97E+036,9.97E+036,-23.5,-39.6,-59.2,-59.2,-52,-30.49469959,-49.7206937614938,-85.1157065617471,-82.0921869020167,-60.7295723641964,-67.6250365509236
SUR,Suriname,-24.4709819,-68.48040449,-60.6136158,-69.6289663198123,-69.62896632,34.67987827,47.38125029,-6.327522754,-55.87679705,-24.72728168,9.97E+036,9.97E+036,9.97E+036,9.97E+036,9.97E+036,9.97E+036,9.97E+036,9.97E+036,9.97E+036,9.97E+036,-4.78496989984943,-76.0438014902125,-62.1253711871762,-66.8280376364687,-80.50703935145
,Svalbard and Jan Mayen,9.97E+036,9.97E+036,9.97E+036,9.96920996838686E+036,9.97E+036,9.97E+036,9.97E+036,9.97E+036,9.97E+036,9.97E+036,9.97E+036,9.97E+036,9.97E+036,9.97E+036,9.97E+036,9.97E+036,9.97E+036,9.97E+036,9.97E+036,9.97E+036,9.97E+036,9.97E+036,9.97E+036,9.97E+036,9.97E+036
SWZ,Swaziland,6.862975178,-83.74552244,-95.70302323,-99.0803507247025,-99.08035072,9.97E+036,9.97E+036,9.97E+036,9.97E+036,9.97E+036,-15.9,-100,-100,-100,-70.2,-16.9,-27.7,-27.7,-56.3,-38.07795137,-4.61434855355346,-41.8403307405491,-54.6692272064878,-79.9361026323678,-84.0771397874752
SWE,Sweden,-100,-100,-100,-100,-100,-100,-100,-100,-100,-100,-100,-100,-100,-100,-100,-100,-100,-100,-100,-100,-89.1997910197578,-99.2940263346048,-99.9981403108632,-99.6489466618049,-99.6525100638049
CHE,Switzerland,-100,-100,-100,-99.9999999999999,-100,-100,-100,-100,-100,-100,-100,-100,-100,-100,-100,-100,-100,-100,-100,-99.57758251,-13.3205680324672,-95.0268798474313,-94.8209775469475,-99.4004296743771,-79.1849844424028
SYR,Syria,-100,-100,-100,-100,-100,-92.68408269,-100,-100,-100,-100,9.97E+036,9.97E+036,9.97E+036,9.97E+036,-96.4,-95.4,-89.2,-89.2,-41.1,-32.42784663,74.4193832946635,-83.3407844868796,-94.290172189841,-95.231041495254,-98.1017276888123
TJK,Tajikistan,-100,-100,-100,-100,-100,-99.92793091,-100,-100,-100,-79.11320871,9.97E+036,9.97E+036,9.97E+036,9.97E+036,-96.9,-100,-100,-100,-100,-93.01056577,-2.10639222963271,-99.9997423208011,-99.9995364243027,-96.619157007554,-79.5222903019994
TZA,Tanzania,6.928615853,-80.91859866,-93.18299703,-93.6179419907913,-93.61794199,-3.696826593,-89.92915089,-99.44204232,-99.60127389,-99.58830012,-0.261,-84.2,-76.6,-42.6,-4.19,-73.3,-99.1,-99.1,-99.3,-97.37698406,-2.51233220597191,-37.9775747356486,-61.9960582198818,-71.027636704401,-75.5715050314082
THA,Thailand,-43.2323577,-97.75010268,-98.38437229,-92.7276982371725,-92.72769824,15.03237204,-99.87118621,-99.99406818,-99.60855875,-98.68059922,-76.2,-100,-99.3,-95.4,-33.4,-91.5,-90.3,-90.3,-85.7,-69.77246709,-31.1185507083903,-67.4791422964684,-79.5679702158983,-89.1717704750031,-92.9670781498389
TGO,Togo,-27.35870805,-60.31179811,-60.04791238,-64.6176843727107,-64.61768437,14.7708581,-74.50915455,-90.54498184,-85.9383899,-72.54242972,9.97E+036,9.97E+036,9.97E+036,9.97E+036,9.97E+036,9.97E+036,9.97E+036,9.97E+036,9.97E+036,9.97E+036,3.68191970405673,-63.6600996115561,-68.9254741845525,-69.3031387602504,-66.5502662165079
TON,Tonga,9.97E+036,9.97E+036,9.97E+036,9.96920996838686E+036,9.97E+036,9.97E+036,9.97E+036,9.97E+036,9.97E+036,9.97E+036,9.97E+036,9.97E+036,9.97E+036,9.97E+036,9.97E+036,9.97E+036,9.97E+036,9.97E+036,9.97E+036,9.97E+036,9.97E+036,9.97E+036,9.97E+036,9.97E+036,9.97E+036
TTO,Trinidad and Tobago,9.97E+036,9.97E+036,9.97E+036,9.96920996838686E+036,9.97E+036,9.97E+036,9.97E+036,9.97E+036,9.97E+036,9.97E+036,9.97E+036,9.97E+036,9.97E+036,9.97E+036,9.97E+036,9.97E+036,9.97E+036,9.97E+036,9.97E+036,9.97E+036,9.97E+036,9.97E+036,9.97E+036,9.97E+036,9.97E+036
TUN,Tunisia,-100,-100,-100,-100,-100,9.97E+036,9.97E+036,9.97E+036,9.97E+036,9.97E+036,9.97E+036,9.97E+036,9.97E+036,9.97E+036,-99.1,-64.8,16.6,16.6,32.3,72.58685915,-56.0248059035849,-23.4395875009923,-91.1787994967025,-96.2152611692947,-98.1696851456097
TUR,Turkey,-100,-100,-100,-100,-100,-96.17569224,-100,-100,-100,-98.86776247,-100,-100,-100,-71.6,-99.8,-99,-95.1,-95.1,-78.8,-34.54278455,-1.92537681380472,-87.7260042040413,-95.4683547890747,-98.7076573431988,-98.032863474278
TKM,Turkmenistan,-100,-100,-100,-100,-100,-96.78425884,-100,-100,-100,-87.3225915,-100,-100,-100,-66.7,-78.4,-100,-100,-100,-94.1,-55.54934153,-6.54181597902846,-99.9699773999861,-99.9705718883267,-99.9711547333434,-99.9717265358012
TCA,Turks and Caicos Islands,9.97E+036,9.97E+036,9.97E+036,9.96920996838686E+036,9.97E+036,9.97E+036,9.97E+036,9.97E+036,9.97E+036,9.97E+036,9.97E+036,9.97E+036,9.97E+036,9.97E+036,9.97E+036,9.97E+036,9.97E+036,9.97E+036,9.97E+036,9.97E+036,9.97E+036,9.97E+036,9.97E+036,9.97E+036,9.97E+036
TUV,Tuvalu,9.97E+036,9.97E+036,9.97E+036,9.96920996838686E+036,9.97E+036,9.97E+036,9.97E+036,9.97E+036,9.97E+036,9.97E+036,9.97E+036,9.97E+036,9.97E+036,9.97E+036,9.97E+036,9.97E+036,9.97E+036,9.97E+036,9.97E+036,9.97E+036,9.97E+036,9.97E+036,9.97E+036,9.97E+036,9.97E+036
UGA,Uganda,-24.66560824,-99.01397683,-99.61851481,-99.6813372400902,-99.68133724,-31.12360695,-100,-99.78165041,-99.32688863,-99.78256473,-54.5,-63.9,-42.9,-8.48,9.97E+036,9.97E+036,9.97E+036,9.97E+036,9.97E+036,9.97E+036,5.36874438106795,-81.9726847969514,-85.8757024231206,-59.5069905694948,-53.2480389385956
UKR,Ukraine,-100,-100,-100,-100,-100,-100,-100,-100,-100,-100,-100,-100,-100,-99.4,-100,-100,-100,-100,-100,-99.72402882,-29.5043279306604,-99.9924767413665,-99.9742368292208,-99.1359527571328,-98.7098145985975
ARE,United Arab Emirates,193.1588039,-100,-100,134.866534304925,134.8665343,9.97E+036,9.97E+036,9.97E+036,9.97E+036,9.97E+036,147,-16.9,-100,-18.1,832,1950,-100,-100,857,985.5150772,12.7813057588921,-18.4092526028111,-54.7891282896441,-89.3455393052307,-46.4139428987143
GBR,United Kingdom,-100,-100,-100,-100,-100,9.97E+036,9.97E+036,9.97E+036,9.97E+036,9.97E+036,9.97E+036,9.97E+036,9.97E+036,9.97E+036,-100,-100,-100,-100,-100,-99.26526389,-2.26661943870069,-42.7122468634077,-81.6603042859478,-94.3385930788559,-96.0083913611015
USA,United States,-99.8615208,-100,-100,-100,-100,-86.4436767,-99.97008847,-100,-99.98355479,-97.67864559,-100,-100,-100,-97.6,-94,-98.7,-95.7,-95.7,-88.4,-80.67022199,-47.8031492158455,-93.6191489922563,-95.4412216691788,-94.3092664117495,-94.849251518122
,United States Minor Outlying Islands,9.97E+036,9.97E+036,9.97E+036,9.96920996838686E+036,9.97E+036,9.97E+036,9.97E+036,9.97E+036,9.97E+036,9.97E+036,9.97E+036,9.97E+036,9.97E+036,9.97E+036,9.97E+036,9.97E+036,9.97E+036,9.97E+036,9.97E+036,9.97E+036,9.97E+036,9.97E+036,9.97E+036,9.97E+036,9.97E+036
URY,Uruguay,-9.69744344,-87.0614326,-99.21521034,-97.7548869563138,-97.75488696,-21.00206277,-96.05679617,-99.59277981,-100,-98.98470161,-25.3,-91.5,-70,-64.2,-100,0.327,2.67,2.67,-21.6,-39.87749651,24.4018145570398,-51.0673040381694,-84.0619529331996,-96.7533097949052,-95.3631009711293
UZB,Uzbekistan,-100,-100,-100,-100,-100,-95.04426911,-100,-100,-100,-86.05334512,-100,-100,-100,-82.2,-80.5,-100,-100,-100,-100,-68.08237359,-24.2089738965219,-99.9924613983592,-99.7105098224945,-97.6767507242245,-75.0293058911892
VUT,Vanuatu,9.97E+036,9.97E+036,9.97E+036,9.96920996838686E+036,9.97E+036,9.97E+036,9.97E+036,9.97E+036,9.97E+036,9.97E+036,9.97E+036,9.97E+036,9.97E+036,9.97E+036,9.97E+036,9.97E+036,9.97E+036,9.97E+036,9.97E+036,9.97E+036,9.97E+036,9.97E+036,9.97E+036,9.97E+036,9.97E+036
VEN,Venezuela,-32.77803595,-83.37121477,-77.17728505,-78.0401302353321,-78.04013024,8.392575821,-39.40576564,-81.72068354,-70.60981559,-61.80421927,-83.5,-99.4,-58.2,-44.2,-60.4,-100,-93.3,-93.3,-97.5,-96.62946618,-22.5322287247689,-57.5202912362059,-65.7478031821304,-65.9792550338223,-71.1799496715428
VNM,Vietnam,-71.73790399,-94.52710807,-95.97145002,-86.4683960144246,-86.46839601,-40.18034145,-99.33985169,-94.46575074,-86.52046086,-84.91539218,-88.9,-99.8,-95.6,-96.9,-51.5,-93.8,-92.7,-92.7,-88.3,-77.27797648,-14.0250357287837,-61.21752319431,-74.0541821898691,-75.3133396179248,-85.6442970976331
VIR,"Virgin Islands, U.S.",9.97E+036,9.97E+036,9.97E+036,9.96920996838686E+036,9.97E+036,9.97E+036,9.97E+036,9.97E+036,9.97E+036,9.97E+036,9.97E+036,9.97E+036,9.97E+036,9.97E+036,9.97E+036,9.97E+036,9.97E+036,9.97E+036,9.97E+036,9.97E+036,9.97E+036,9.97E+036,9.97E+036,9.97E+036,9.97E+036
WLF,Wallis and Futuna,9.97E+036,9.97E+036,9.97E+036,9.96920996838686E+036,9.97E+036,9.97E+036,9.97E+036,9.97E+036,9.97E+036,9.97E+036,9.97E+036,9.97E+036,9.97E+036,9.97E+036,9.97E+036,9.97E+036,9.97E+036,9.97E+036,9.97E+036,9.97E+036,9.97E+036,9.97E+036,9.97E+036,9.97E+036,9.97E+036
ESH,Western Sahara,9.97E+036,9.97E+036,9.97E+036,9.96920996838686E+036,9.97E+036,9.97E+036,9.97E+036,9.97E+036,9.97E+036,9.97E+036,9.97E+036,9.97E+036,9.97E+036,9.97E+036,9.97E+036,9.97E+036,9.97E+036,9.97E+036,9.97E+036,9.97E+036,-93.8137776030977,501.985119270671,205.786358799122,154.337929390441,201.745670312144
YEM,Yemen,-31.82565254,-90.20436639,-93.35632167,-90.6324129164418,-90.63241292,9.97E+036,9.97E+036,9.97E+036,9.97E+036,9.97E+036,9.97E+036,9.97E+036,9.97E+036,9.97E+036,34.8,-48,-34.5,-34.5,-5.38,-25.93842222,-6.5113559229333,-59.5799602135916,-79.7891475409283,-87.3280291216615,-90.8978474056814
ZMB,Zambia,-1.368135081,-72.78119194,-99.99603633,-99.9403234910079,-99.94032349,-5.284100144,-99.09527573,-100,-100,-100,-3.33,-95.1,-80.6,-73.4,-52.1,-2.97,-94.2,-94.2,-94.2,-88.26701493,-5.33138779792023,-44.0233263476621,-66.2967683184289,-78.7067206969655,-84.6525977332633
ZWE,Zimbabwe,4.751325355,-68.95087118,-96.6223721,-97.1143591798558,-97.11435918,0.02714259362,-94.55277084,-100,-100,-100,-6.54,-100,-97.3,-85.1,-99.6,2.78,-75,-75,-75.7,-66.36955811,-19.8483741482686,-42.9203864703003,-63.2572583871983,-74.3565429820927,-79.8439153231743
