iso3,country,stocks_kcals_jan,stocks_kcals_feb,stocks_kcals_mar,stocks_kcals_apr,stocks_kcals_may,stocks_kcals_jun,stocks_kcals_jul,stocks_kcals_aug,stocks_kcals_sep,stocks_kcals_oct,stocks_kcals_nov,stocks_kcals_dec
AFG,Afghanistan,569531.4166666667,535206.6666666667,500881.9166666667,466557.1666666666,432732.4166666667,398907.6666666667,467557.1666666666,536206.6666666666,604356.1666666667,672505.6666666667,638180.9166666667,603856.1666666667
ALB,Albania,145901.70833333343,186569.33333333346,227236.95833333346,267904.58333333343,220339.20833333343,172773.83333333328,180521.58333333328,188269.33333333334,195167.08333333334,202064.83333333337,153649.45833333337,194317.08333333343
DZA,Algeria,7063686.041666663,6790626.83333333,6517567.624999995,6244508.416666662,5971449.20833333,5698390.0,6244508.416666665,6790626.833333332,7336745.249999999,7882863.666666665,7609804.458333331,7336745.249999997
AGO,Angola,1341771.4583333326,1171042.9999999993,1000314.5416666659,829586.0833333333,1170343.875,1511101.6666666665,1852558.5833333328,2194015.4999999995,2023986.166666666,1853956.8333333328,1683228.3749999995,1512499.916666666
ARG,Argentina,81688643.00000001,76506818.0,79685774.25000003,78827805.5,78465336.75,78102868.00000001,69379618.00000001,60458899.25000001,51042680.5,56586974.25,66365661.75,76144349.25000001
ARM,Armenia,165008.54166666674,168525.33333333343,172042.1250000001,175558.91666666677,144387.70833333346,113216.50000000001,141470.91666666666,169725.33333333337,197379.75000000006,225034.16666666672,193262.95833333343,196779.7500000001
AUS,Australia,24923144.04166667,24318220.66666667,21719995.916666668,19131471.666666668,16542947.416666673,13954423.166666673,12371608.291666673,10779092.916666672,9186577.54166667,12380025.166666664,16561064.791666666,20742104.416666668
AZE,Azerbaijan,1473035.0000000002,1266993.3750000002,1060951.75,854910.1250000003,655920.3750000002,456930.62500000006,870212.0000000001,1283493.375,1688524.7500000002,2093556.125,1886316.3750000002,1680274.7500000005
BHR,Bahrain,41729.5,41729.5,41729.5,41729.5,41729.5,41729.5,41729.5,41729.5,41729.5,41729.5,41729.5,41729.5
BGD,Bangladesh,12755049.041666668,9895700.833333332,7036352.624999999,4177004.4166666656,9601773.708333334,15026543.0,20745239.416666668,26463935.833333336,23898514.75,21333093.666666664,18473745.45833333,15614397.249999998
BRB,Barbados,13342.666666666664,12359.33333333333,11375.999999999996,10392.66666666666,9409.333333333328,8425.999999999995,7442.666666666662,6459.3333333333285,5475.999999999999,7442.666666666666,9409.333333333332,11375.999999999998
BLR,Belarus,3308926.0416666665,2923743.833333334,2538561.6250000005,2153379.4166666665,1768197.2083333333,1383014.9999999998,1998629.4166666667,2614243.833333334,3229858.2500000005,4000222.6666666665,3769790.458333334,3539358.2500000005
BEN,Benin,1185386.3333333335,1064568.2083333337,943750.0833333335,822931.9583333336,704613.8333333337,586295.7083333337,467977.5833333338,349659.4583333338,228841.33333333328,467977.5833333333,707113.8333333333,946250.0833333335
BTN,Bhutan,46681.87500000001,40759.25000000001,34836.625,28914.000000000004,22991.374999999996,17068.75,11845.25,6621.749999999998,1398.2499999999998,13243.499999999996,24389.624999999996,35535.75
BOL,Bolivia (Plurinational State of),2370243.5833333335,1926843.208333333,2314954.083333334,2781298.0833333335,3247642.0833333335,3713986.083333334,3654525.5833333335,3516831.958333334,3379138.3333333326,3356194.7083333326,3027544.3333333335,2698893.9583333335
BIH,Bosnia and Herzegovina,1098383.4583333333,1003131.2916666669,907879.1250000001,812626.9583333336,717374.7916666669,622122.6250000002,594276.3333333336,566430.0416666669,538583.75,729088.0833333334,852186.5416666667,975285.0000000001
BWA,Botswana,7741.250000000001,6494.166666666667,5247.083333333335,4000.0,6494.166666666666,8988.333333333332,11482.499999999998,13976.666666666666,12729.583333333334,11482.500000000002,10235.416666666666,8988.333333333332
BRA,Brazil,143199517.49999997,122344188.66666666,121267297.33333331,131190393.75000003,141113490.1666667,151036586.58333337,141181245.50000003,120256440.66666669,99331635.83333334,110263868.25000003,121265576.66666669,132267285.08333331
BRN,Brunei Darussalam,526.0416666666666,673.9583333333334,821.8749999999999,969.7916666666666,895.8333333333333,821.8749999999999,747.9166666666666,673.9583333333333,599.9999999999999,526.0416666666665,452.08333333333314,600.0
BFA,Burkina Faso,1308906.5,1172205.6666666667,1035504.8333333334,898804.0000000001,769103.1666666669,639402.3333333336,509701.50000000023,380000.6666666669,243299.8333333333,509701.49999999994,776103.1666666666,1042504.8333333331
MMR,Myanmar,1822824.2916666667,3491333.333333334,5159842.375,6871055.916666666,5840700.708333333,4810345.5,3812602.4166666674,2772154.833333335,1641707.2500000012,1003553.4166666678,332787.4583333342,2493590.2499999995
BDI,Burundi,-8233.958333333334,22150.62499999999,52535.208333333314,82919.79166666664,70102.49999999999,57285.20833333331,44467.91666666664,31650.624999999975,14083.333333333307,-3483.9583333333585,-21051.250000000025,9333.33333333333
CPV,Cabo Verde,3590.0,3316.25,3042.5,2768.75,2495.0000000000005,2221.2500000000005,1947.5000000000002,1673.7500000000002,1400.0,1947.5,2495.0000000000005,3042.5000000000005
KHM,Cambodia,609494.7916666667,1309918.3333333333,2010341.875,2710765.4166666665,2285083.9583333335,1859402.4999999995,1630410.4166666665,1401418.333333333,1126676.2499999998,851934.1666666664,380502.7083333331,1080926.25
CMR,Cameroon,1910659.1666666667,1726733.7500000005,1542808.3333333333,1358882.916666667,1198457.5000000005,1038032.0833333338,877606.6666666671,717181.2500000003,533255.8333333333,877606.6666666665,1221957.5,1566308.3333333335
CAN,Canada,50172078.583333336,45828480.16666666,41484881.75,37141283.33333333,32825484.916666653,28509686.49999999,14254885.333333334,16814097.166666668,25473494.000000004,34132890.83333334,42792287.66666667,41512681.75000001
CAF,Central African Republic,55760.00000000001,48523.333333333336,41286.666666666664,34050.00000000001,28813.333333333336,23576.666666666668,18340.0,13103.333333333334,5866.666666666666,18340.0,30813.333333333332,43286.666666666664
TCD,Chad,363025.8333333333,319651.37499999994,276276.9166666666,232902.4583333333,194527.99999999994,156153.54166666663,118108.08333333328,80062.62499999996,37017.16666666667,118766.08333333333,200185.99999999997,281605.9166666667
CHL,Chile,1273905.2916666665,1377204.9166666672,1747821.416666667,1808553.1666666672,1935534.916666667,2062516.6666666667,1922181.541666667,1758150.1666666667,1527868.7916666667,1297587.4166666667,1400887.0416666663,1504186.6666666663
CHN,China,679628083.3749999,637653599.9999999,595679116.6249998,553704633.2499996,511730149.8749998,469755666.49999976,487776686.2499997,505797705.99999976,523818725.75,607767692.4999999,631721156.125,655674619.7499998
COL,Colombia,5158638.041666667,4732758.458333334,4306878.875000001,4226769.291666667,4146659.708333333,4066550.125,3988126.6666666674,3563933.2083333335,3139739.75,3645728.916666667,4150031.958333333,4654334.999999999
COD,Congo,60117.50000000001,53197.08333333334,46276.66666666667,39356.25,50185.833333333336,61015.41666666668,71845.00000000001,82674.58333333333,75754.16666666666,71844.99999999999,67935.83333333333,64026.66666666668
COG,Democratic Republic of the Congo,1204486.4583333328,1020430.8333333328,836375.2083333328,652319.5833333327,539426.4583333327,426533.3333333333,794644.5833333334,1162755.8333333333,1459704.583333333,1756653.333333333,1572597.7083333328,1388542.0833333328
CRI,Costa Rica,873078.1666666667,826016.7083333335,778955.2500000002,731893.7916666669,684832.3333333335,637770.8750000002,590709.4166666667,543647.9583333335,496586.5,590709.4166666667,684832.3333333335,778955.25
CIV,Cote d'Ivoire,2374827.6666666665,2186532.0416666665,1998236.4166666665,1809940.7916666663,1670145.1666666663,1530349.5416666665,1390553.9166666667,1250758.2916666667,1062462.6666666667,1390553.9166666667,1718645.1666666667,2046736.4166666665
CUB,Cuba,1682602.625,1495858.25,1309113.875,1122369.4999999998,935625.125,748880.7499999999,630873.2499999999,512865.7499999999,394858.25,768347.0,1073098.8750000002,1377850.7500000002
DJI,Djibouti,41000.0,41000.0,41000.0,41000.0,41000.0,41000.0,41000.0,41000.0,41000.0,41000.0,41000.0,41000.0
DOM,Dominican Republic,1098241.9583333335,1009112.1666666667,919982.375,830852.5833333336,741722.7916666669,652593.0000000001,691662.5833333334,730732.1666666666,769801.7500000001,948061.3333333333,998121.5416666666,1048181.7500000001
ECU,Ecuador,1617266.0833333333,1385137.583333333,1153009.083333333,1123319.3333333333,1573700.2083333333,2033502.8333333333,2497759.833333333,2759578.083333333,2541325.708333333,2313651.583333333,2081523.083333333,1849394.5833333333
EGY,Egypt,18147172.66666667,16636957.333333338,15126742.000000004,13616526.666666672,12082859.333333341,10549192.000000006,10718099.666666673,10887007.333333338,11055915.000000002,14099797.66666667,15441105.333333338,16805865.0
SLV,El Salvador,1359677.8333333335,1233358.041666667,1107038.25,980718.4583333335,854398.6666666669,728078.8750000001,601759.0833333335,475439.29166666674,349119.5,601759.0833333334,854398.6666666667,1107038.25
ERI,Eritrea,58967.08333333334,50927.91666666668,42888.750000000015,34849.58333333334,26810.416666666682,18771.250000000015,16078.333333333347,13385.416666666679,10692.499999999998,26770.833333333336,37502.91666666667,48235.000000000015
SWT,Eswatini,223999.9999999999,162999.9999999999,101999.99999999993,41000.0,163000.0,285000.0,407000.0,529000.0,467999.99999999994,406999.99999999994,345999.99999999994,284999.9999999999
ETH,Ethiopia,10601365.833333332,9510488.416666668,8419611.000000002,7328733.583333334,6323356.166666668,5317978.75,4312601.333333334,3307223.9166666665,2216346.5,4312601.333333333,6408856.166666666,8505111.0
FJI,Fiji,82470.5,65053.83333333332,47637.166666666664,30220.5,65053.83333333332,99887.16666666666,134720.5,169553.8333333333,152137.16666666672,134720.50000000003,117303.83333333334,99887.16666666667
GAB,Gabon,14500.0,12000.0,9500.0,7000.0,12000.0,17000.0,22000.0,27000.0,24500.0,22000.0,19500.0,17000.0
GMB,Gambia,80664.16666666666,76421.45833333333,72178.75,67936.04166666666,63693.33333333332,59450.624999999985,55207.916666666664,50965.20833333332,46722.49999999999,55207.916666666664,63693.33333333332,72178.75000000001
GEO,Georgia,284097.4999999999,257887.99999999988,231678.49999999988,205468.99999999985,179259.49999999985,153050.00000000003,205468.99999999997,257888.0,310306.99999999994,362725.99999999994,336516.4999999999,310306.9999999999
GHA,Ghana,1885055.5416666665,1705715.333333333,1526375.125,1347034.9166666665,1167694.7083333333,988354.5000000002,1242132.4166666667,1495910.3333333337,1749688.2499999998,2108368.6666666665,2033930.958333333,1959493.25
GTM,Guatemala,3496917.7499999995,3125254.2499999995,2743555.75,2361857.2499999995,1980158.7499999993,1598460.2499999993,1634385.9999999993,1670311.749999999,1706237.4999999995,2459599.5,2805372.25,3151145.0
GIN,Guinea,1586232.3333333337,1423903.791666667,1261575.2500000005,1099246.7083333335,936918.1666666671,774589.6250000003,612261.0833333337,449932.54166666704,287604.0,612261.0833333333,936918.1666666669,1261575.2500000005
GNB,Guinea-Bissau,71495.83333333333,63612.91666666666,55729.999999999985,47847.08333333332,39964.16666666665,32081.249999999985,24198.333333333325,16315.416666666659,8432.5,24198.333333333336,39964.16666666666,55729.999999999985
GUY,Guyana,227117.7916666667,303556.3333333333,379994.87499999994,456433.4166666666,394643.83333333326,332854.2499999999,271064.66666666657,209275.08333333323,147485.49999999985,132836.54166666654,118187.5833333332,241766.75
HTI,Haiti,270544.0833333334,246731.16666666666,222918.25,199105.33333333334,175292.4166666667,151479.5,199105.33333333334,246731.16666666666,294357.0,341982.8333333334,318169.9166666667,294357.0
HND,Honduras,1222593.3333333335,1139046.6666666667,1055500.0,971953.3333333335,888406.6666666667,804860.0,828075.8333333334,851291.6666666666,874507.5000000001,1041600.8333333331,1101931.6666666665,1162262.5
IND,India,162725683.0833333,148796607.04166663,128976978.49999997,128763896.5833333,128550814.66666664,128337732.74999996,128124650.83333328,108305022.2916666,88485393.74999996,102627551.70833331,122660262.16666664,142692972.62499994
IDN,Indonesia,21377905.083333332,25642774.666666664,29907644.249999996,34172513.83333334,30986709.666666668,27800905.500000004,24615101.333333336,21429297.16666667,17714743.000000004,16635677.583333336,15556612.16666667,22456970.5
IRN,Iran (Islamic Republic of),17430244.499999996,15845516.999999998,14260789.500000002,15575374.499999998,16889959.5,18204544.5,20224185.5,19344514.0,18464842.5,18734985.0,18300071.5,17865158.0
IRQ,Iraq,3350452.1666666656,2974901.3333333326,2599350.499999999,2223799.666666666,1848248.8333333328,1472698.0,2195577.1666666665,2918456.333333333,3641335.5,4392437.166666666,4045108.833333332,3697780.499999999
ISR,Israel,796243.4166666667,787147.3333333334,778051.2500000002,768955.1666666669,759859.0833333335,750763.0000000001,766095.1666666666,781427.3333333334,796759.5000000001,814951.6666666667,808715.5833333334,802479.5000000001
JAM,Jamaica,51956.166666666664,42808.45833333333,33660.74999999999,24513.04166666667,42215.333333333336,59917.625,77619.91666666666,95322.20833333336,86174.50000000001,77619.91666666666,69065.33333333334,60510.75
JPN,Japan,9960206.333333334,10958893.374999998,10212400.416666668,9465907.458333336,8916664.500000004,8367421.541666671,8010808.083333336,7654194.625000002,7100331.166666671,6650887.083333334,7753993.5,8857099.916666668
JOR,Jordan,942280.7916666667,938110.5833333334,933940.3750000001,929770.1666666667,925599.9583333335,921429.7499999999,927488.9166666666,933548.0833333334,939607.25,947947.6666666669,946058.7083333334,944169.7500000001
KAZ,Kazakhstan,14050832.208333332,12838828.66666667,11626825.125000004,10414821.583333338,9144579.29166667,7874337.000000003,7463925.083333336,4155105.4166666674,6637351.25,9119597.083333332,10742012.541666666,12428416.749999998
KEN,Kenya,2500632.416666667,2159536.3333333335,1818440.25,1477344.1666666667,1265248.0833333337,1053152.0,1720079.1666666663,2387006.3333333335,2924933.5000000005,3478125.6666666665,3152294.583333333,2826463.5000000005
KOR,Democratic People's Republic of Korea,1014448.8750000002,1063180.2500000002,1111911.6250000005,1160643.0000000005,844523.1250000005,528403.2500000002,733797.7500000001,939192.2500000001,1144586.75,1411975.2500000002,1157849.3750000002,1268574.75
PRK,Republic of Korea,7080056.208333335,7663557.500000001,7332711.916666668,7001866.333333334,6671020.750000002,6340175.166666668,6015539.458333335,5690903.750000001,5366268.041666669,5113612.333333333,5769093.624999999,6424574.916666667
KWT,Kuwait,25963.499999999996,25963.499999999996,25963.499999999996,25963.499999999996,25963.499999999996,25963.499999999996,25963.499999999996,25963.499999999996,25963.499999999996,25963.499999999996,25963.499999999996,25963.499999999996
KGZ,Kyrgyzstan,882579.2500000001,761995.1666666667,641411.0833333335,520827.0000000003,405742.916666667,290658.8333333333,531827.0,772995.1666666665,1008663.3333333333,1244331.5,1123747.4166666667,1003163.3333333334
LAO,Lao People's Democratic Republic,1117260.625,1281713.75,1446166.8749999998,1610620.0,1406116.875,1201613.75,1291163.75,1380713.75,1420763.7499999998,1460813.7499999998,1206810.625,1371263.7499999998
LBN,Lebanon,428712.95833333326,416903.5416666667,405094.125,393284.7083333334,381475.2916666667,369665.87500000006,392600.33333333343,415534.7916666667,438469.25,462088.0833333333,450963.0416666666,439837.99999999994
LSO,Lesotho,25611.916666666653,18057.041666666657,10502.166666666657,2947.2916666666674,16288.666666666666,29630.041666666668,42971.41666666667,56312.79166666666,48757.91666666666,42971.41666666666,37184.91666666665,31398.416666666657
LBR,Liberia,168045.66666666666,155236.0833333333,142426.49999999997,129616.91666666664,116807.3333333333,103997.74999999997,91188.16666666663,78378.5833333333,65569.0,91188.16666666666,116807.33333333331,142426.49999999997
LBY,Libya,360365.49999999994,339294.4999999999,318223.49999999994,297152.49999999994,276081.49999999994,255010.49999999997,275064.49999999994,295118.49999999994,315172.5,357314.5,358331.5,359348.49999999994
MDG,Madagascar,689075.125,476982.4166666665,264889.7083333332,52797.00000000001,476982.4166666667,901167.8333333334,1325353.2499999998,1749538.6666666663,1537445.9583333333,1325353.2499999995,1113260.5416666663,901167.8333333331
MWI,Malawi,1031507.3333333336,776479.4166666669,521451.5000000002,266423.5833333333,776273.7916666666,1286124.0,1796179.8333333335,2306235.6666666665,2051413.375,1796591.0833333335,1541563.1666666667,1286535.2500000002
MYS,Malaysia,6560653.041666667,6823945.958333334,7087238.875,7350531.791666667,7213065.333333334,7075598.875,6938132.416666667,6800665.958333333,6661699.500000001,6535873.041666667,6410046.583333333,6686479.499999999
MLI,Mali,3462044.1250000005,3112035.5416666665,2762026.958333333,2412018.3749999995,2084009.7916666665,1756001.208333333,1435353.9999999998,1114706.7916666663,772059.5833333334,1450076.75,2120732.541666667,2791388.3333333335
MRT,Mauritania,253200.83333333337,240215.41666666672,227230.00000000003,214244.58333333337,201259.16666666666,188273.75000000003,175288.33333333334,162302.9166666667,149317.5,175288.3333333333,201259.16666666666,227230.00000000003
MUS,Mauritius,130269.00000000003,96102.33333333337,61935.66666666671,27769.000000000004,96102.33333333334,164435.6666666667,232769.0,301102.3333333333,266935.6666666666,232768.99999999997,198602.3333333333,164435.6666666667
MEX,Mexico,30319728.499999996,27385603.20833333,24451477.91666667,21517352.625000004,18583227.333333336,15649102.041666672,13645174.250000002,11528798.708333334,9637318.666666666,15505569.249999998,20443622.333333332,25381675.416666664
MDA,Republic of Moldova,1699766.7916666667,1474644.3333333333,1249521.875,1024399.4166666665,832276.9583333334,640154.4999999999,1090399.4166666665,1540644.3333333333,1957889.25,2375134.166666667,2150011.7083333335,1924889.25
MNG,Mongolia,125757.08333333333,100725.66666666666,75694.24999999997,50662.833333333314,25631.41666666665,600.0,50662.83333333333,100725.66666666666,150788.5,200851.33333333334,175819.91666666666,150788.5
MAR,Morocco,8219631.375000001,7584282.208333337,6948933.04166667,6313583.875000003,5678234.708333333,6291234.916666667,7415590.750000001,8539946.583333334,9664302.416666666,9686651.375,9197644.708333334,8708638.041666668
MOZ,Mozambique,891205.8749999999,730551.0,569896.1249999999,409241.25000000006,726726.3749999999,1044211.4999999999,1365521.25,1686831.0,1530000.75,1373170.4999999998,1212515.625,1051860.75
NAM,Namibia,42618.499999999985,37693.16666666665,32767.833333333314,27842.50000000001,35965.91666666667,44089.33333333333,53939.99999999999,63790.666666666664,60592.58333333332,57394.49999999999,52469.16666666665,47543.83333333333
NPL,Nepal,4322458.458333333,3749435.166666667,3176411.875,2603388.583333333,2063365.2916666665,1523342.0,1375939.0833333333,1228536.1666666667,1048133.25,2161179.8333333335,2881606.041666667,3602032.2500000005
NZL,New Zealand,583184.2916666663,594365.4583333331,605546.6249999997,616727.7916666663,544968.9583333329,473210.12499999994,486292.1666666666,499374.20833333326,512456.2499999998,573033.9166666665,548770.7083333331,607447.4999999998
NIC,Nicaragua,1063126.9166666667,950716.0833333333,838305.2499999999,725894.4166666666,613483.5833333333,501072.74999999994,478725.6666666666,456378.5833333332,434031.5,658853.1666666667,793611.0833333333,928368.9999999999
NER,Niger,46805.00000000001,40835.00000000001,34865.00000000001,28895.000000000007,25925.00000000001,22955.000000000015,19985.000000000015,17015.000000000015,11045.0,19985.0,28925.000000000004,37865.00000000001
NGA,Nigeria,12149913.916666664,10934853.666666666,9719793.416666662,8504733.166666664,7308172.916666666,6111612.666666668,4928952.666666667,3746292.666666667,2545132.6666666665,4956753.166666666,7354473.416666666,9752193.666666664
MKD,North Macedonia,314382.5,276758.0416666667,239133.5833333333,201509.12499999994,165484.66666666663,129460.20833333333,171722.25,213984.2916666667,254646.3333333333,328295.25,323657.6666666667,319020.0833333333
NOR,Norway,917019.0833333331,854854.6666666665,792690.2499999999,730525.8333333333,668361.4166666665,606197.0,730525.8333333334,854854.6666666666,979183.4999999999,1103512.3333333333,1041347.9166666664,979183.4999999999
OMN,Oman,349471.0,349471.0,349471.0,349471.0,349471.0,349471.0,349471.0,349471.0,349471.0,349471.0,349471.0,349471.0
PAK,Pakistan,23157791.916666657,21492978.583333325,18261461.499999993,15029944.41666667,17094227.333333336,19158510.250000004,22549111.91666667,25939713.58333333,24034515.250000004,23635045.666666664,23475961.08333333,23316876.499999996
PAN,Panama,489840.49999999994,451411.12499999994,412981.75,374552.375,336123.0,297693.625,259264.25000000003,220834.87499999997,182405.5,259264.25000000003,336123.0,412981.75
PNG,Papua New Guinea,99949.00000000001,96865.66666666667,93782.33333333334,90699.0,96865.66666666667,103032.33333333333,109199.00000000001,115365.66666666667,112282.33333333333,109199.00000000001,106115.66666666666,103032.33333333334
PRY,Paraguay,3595977.458333333,5061443.875,6526910.291666667,7992376.708333333,6677529.000000002,6320806.291666668,5964083.583333334,5368506.875,5217888.166666666,4109144.4583333335,3000400.749999999,4704721.166666666
PER,Peru,2732022.041666667,2365162.0416666674,1998302.0416666665,2117925.166666667,2497508.041666667,2877090.916666667,3297839.916666667,3232105.791666666,2858671.666666667,2845948.7916666674,2792059.791666667,2785911.041666667
PHL,Philippines,13158541.125000002,12092610.083333334,11026679.041666666,9386297.999999998,7745638.208333334,6104978.416666667,8811569.25,11518160.083333334,14224750.916666668,16931341.749999996,15865131.958333332,14799200.916666666
QAT,Qatar,600.0,600.0,600.0,600.0,600.0,600.0,600.0,600.0,600.0,600.0,600.0,600.0
RUS,Russian Federation,55052119.87500001,47299396.166666664,39546672.458333336,31793948.750000004,23889285.04166667,15984621.333333334,26483926.75,36099538.916666664,47482537.58333334,63139925.00000001,60393343.29166667,57798701.583333336
RWA,Rwanda,75393.99999999999,132916.62499999997,190439.24999999994,247961.875,212750.12499999997,177538.37500000003,158077.49999999997,138616.625,116305.75000000001,93994.875,55933.125,113455.74999999999
SAU,Saudi Arabia,6297612.666666667,6285238.958333334,6272865.250000001,6260491.541666667,6248117.833333335,6235744.125,6257890.916666667,6280037.708333334,6302184.5,6326931.916666667,6317158.833333334,6307385.750000001
SEN,Senegal,1114687.6666666667,1034390.5833333334,954093.4999999999,873796.4166666667,817499.3333333334,761202.25,704905.1666666667,648608.0833333333,568311.0,704905.1666666667,841499.3333333333,978093.5000000001
SRB,Serbia,7103451.333333333,6299417.166666668,5495383.0,4691348.833333333,3887314.666666667,3083280.5000000005,2920673.833333334,2758067.1666666665,2595460.4999999995,4203528.833333332,5170169.666666666,6136810.5
SLE,Sierra Leone,530446.6666666667,464299.16666666674,398151.66666666674,332004.1666666668,267856.6666666668,203709.16666666677,139561.66666666674,75414.16666666677,9266.666666666668,139561.66666666663,269856.6666666667,400151.6666666666
SGP,Singapore,188815.50000000003,188815.50000000003,188815.50000000003,188815.50000000003,188815.50000000003,188815.50000000003,188815.50000000003,188815.50000000003,188815.50000000003,188815.50000000003,188815.50000000003,188815.50000000003
SOM,Somalia,165958.33333333337,157088.54166666672,148218.75000000006,139348.9583333333,135879.16666666666,132409.37500000003,128939.58333333336,125469.79166666669,116600.00000000004,128939.58333333336,141279.16666666674,153618.75000000006
ZAF,South Africa,8468701.083333332,7195258.041666667,5846223.0,4497187.958333334,6445069.166666667,8717861.375,10990653.583333334,13263445.791666668,12239321.749999996,11239972.583333332,10316215.416666666,9392458.249999998
SSD,South Sudan,84801.66666666667,74201.45833333334,63601.250000000015,53001.04166666668,42400.83333333334,31800.625000000015,21200.416666666675,10600.208333333343,0.0,21200.416666666668,42400.83333333333,63601.25
LKA,Sri Lanka,2766977.7499999995,2544170.458333333,2321363.1666666665,2098555.875,1947637.3333333337,1796718.7916666672,1645800.2500000002,1494881.708333334,1272074.4166666667,1645800.25,2019526.0833333335,2393251.916666667
SDN,Sudan,1237664.0416666667,1141790.8333333333,1045917.6249999998,950044.4166666665,854171.208333333,758297.9999999999,783044.4166666665,807790.8333333331,832537.2499999999,1024283.6666666669,1095410.4583333333,1166537.2499999998
SUR,Suriname,-10313.125,15446.458333333328,41206.04166666665,66965.625,54185.83333333333,41406.04166666666,28626.249999999996,15846.45833333333,2866.666666666663,-10113.125000000004,-23092.916666666668,2666.6666666666656
CHE,Switzerland,683327.3333333333,597987.75,512648.16666666657,427308.5833333333,411469.00000000006,395629.41666666674,565472.3333333334,735315.2499999999,835658.1666666666,936837.3333333333,852333.9999999999,767830.6666666667
SYR,Syrian Arab Republic,2738267.166666667,2503555.166666667,2268843.166666667,2034131.166666667,1818111.6666666672,1602092.1666666667,2072073.6666666667,2542055.166666667,2992786.6666666665,3443518.1666666665,3208248.666666667,2973536.6666666665
TWN,Taiwan,2213456.458333334,2382961.75,2552467.041666667,2721972.3333333335,2632073.875000001,2542175.416666667,2453469.5833333335,2364763.750000001,2268057.916666667,2188451.0833333335,2107651.625,2294255.9166666674
TJK,Tajikistan,888946.458333333,809239.6666666665,729532.8749999997,649826.0833333329,570119.2916666663,490412.5,649826.0833333333,809239.6666666667,968653.2499999999,1128066.8333333333,1048360.0416666665,968653.2499999998
TZA,United Republic of Tanzania,4708587.333333332,4049117.4166666656,3389647.4999999986,2730177.5833333326,2583488.291666666,2436799.0,3755738.8333333335,5074678.666666665,5880837.874999999,6686997.083333332,6027527.166666664,5368057.249999998
THA,Thailand,14889938.625000002,19187540.79166667,23485142.958333336,24952145.125000004,22218299.166666668,19484453.208333336,17904919.750000004,16309609.041666672,14745852.83333334,13182096.625000006,13294627.916666666,17608007.33333333
TGO,Togo,773072.8333333333,701978.2499999998,630883.6666666665,559789.0833333331,489944.4999999997,420099.91666666645,350255.333333333,280410.7499999997,209316.16666666666,350255.3333333333,491194.49999999994,632133.6666666666
TTO,Trinidad and Tobago,32501.375,32505.75,32510.124999999993,32514.499999999996,31941.999999999996,31369.499999999996,30796.999999999993,30224.499999999993,29652.0,30220.125,30788.249999999996,31933.249999999996
TUN,Tunisia,1728282.4166666665,1619728.1666666665,1511173.9166666665,1402619.6666666667,1296815.4166666665,1191011.1666666667,1408119.6666666667,1625228.1666666665,1839586.6666666665,2053945.1666666663,1945390.9166666665,1836836.6666666667
TUR,Turkiye,17640378.666666668,15290359.083333334,12940339.500000002,10590319.916666668,8240300.333333334,10973980.750000002,13707661.166666668,15071722.833333332,19175022.0,18791361.166666664,18407700.333333336,18024039.5
TKM,Turkmenistan,864502.0833333333,795151.2916666664,725800.4999999998,656449.7083333329,571239.5416666664,486029.37500000006,643590.3333333333,801151.2916666666,955712.25,1110273.2083333333,1022063.0416666667,952712.2499999999
UGA,Uganda,2198530.791666667,1943140.0,1687749.2083333335,1432358.416666667,1290467.6250000002,1148576.8333333335,1011250.9166666667,873925.0000000003,623099.0833333333,1020380.6666666666,1413097.375,1805814.0833333335
UKR,Ukraine,39970165.5,34870073.87499999,29769982.25,24669890.625,19560790.874999996,14451691.124999994,16676376.999999994,17733992.375,21125748.75,31334940.124999996,34210345.87499999,37094759.749999985
ARE,United Arab Emirates,946339.5,946339.5,946339.5,946339.5,946339.5,946339.5,946339.5,946339.5,946339.5,946339.5,946339.5,946339.5
USA,United States of America,490296452.49999994,446711423.5833332,403126394.6666665,359541365.7499999,315956336.8333332,284448259.66666657,251470482.4999999,138085359.08333337,191393728.16666672,266486834.25000003,341579940.3333334,415203346.41666657
URY,Uruguay,1315552.2499999998,1153353.5416666665,991154.8333333333,1583454.2499999998,2181403.6666666665,2779353.083333333,3377302.5,2947201.791666666,2511451.083333333,2075700.3749999998,1913501.666666667,1751302.9583333333
UZB,Uzbekistan,4476548.666666664,3988310.583333331,3500072.4999999977,3011834.4166666637,2492445.083333331,1973055.7499999995,2980683.166666666,3988310.5833333326,4995937.999999999,6003565.416666665,5484176.083333331,4995937.999999998
VEN,Venezuela (Bolivarian Republic of),1488082.6666666667,1359924.3333333333,1231766.0000000002,1167951.4166666667,1104136.8333333335,1040322.2500000002,976507.6666666667,848349.3333333335,720191.0000000001,912163.9166666669,1104136.8333333335,1296109.75
VNM,Viet Nam,4271491.374999999,7861290.291666666,11451089.208333334,15040888.125000002,13642101.166666664,12243314.208333332,10844527.25,9445740.291666664,6873478.333333335,4682466.375,2491454.4166666674,6462503.333333333
YEM,Yemen,476381.7916666667,461160.2083333334,445938.625,430717.0416666667,420247.4583333333,409777.87500000006,429864.1666666667,449950.45833333343,465284.75000000006,490975.9166666668,486111.2083333334,481246.5
ZMB,Zambia,1886200.8333333335,1587119.6666666667,1288038.5,988957.3333333334,1474833.6666666665,1960710.0,2558872.333333334,3157034.666666667,2970239.500000001,2783444.333333334,2484363.166666667,2185282.0000000005
ZWE,Zimbabwe,836561.5000000003,684386.8333333337,532212.1666666671,394365.25,665687.7083333335,937010.1666666667,1241359.5,1531381.0833333335,1412233.2916666667,1293085.5,1140910.8333333335,988736.166666667
AUT,Austria,2719655.5349999997,2367933.242,2016210.9479999999,1664488.6539999999,1312766.361,961044.0671,1320052.0389999999,1671359.0089999998,2038067.9819999998,2741512.569,2734226.891,2726941.213
BEL,Belgium,3524459.8740000003,3068655.418,2612850.962,2157046.507,1701242.051,1245437.596,1710683.718,2165949.947,2641175.961,3552784.872,3543343.206,3533901.54
BGR,Bulgaria,2112751.378,1839517.599,1566283.819,1293050.04,1019816.2609999999,746582.4811,1025476.1050000001,1298387.242,1583263.351,2129730.91,2124071.066,2118411.222
HRV,Croatia,1234354.2489999998,1074720.0960000001,915085.9433,755451.7903,595817.6374,436183.4845,599124.3457,758569.9983999999,925006.0682,1244274.374,1240967.666,1237660.957
CYP,Cyprus,368232.64989999996,320610.5777,272988.50549999997,225366.4333,177744.3612,130122.289,178730.8186,226296.6574,275947.8779,371192.02229999995,370205.5648,369219.10730000003
CZE,Czechia,3263052.9099999997,2841055.1829999997,2419057.457,1997059.73,1575062.003,1153064.276,1583803.386,2005302.807,2445281.608,3289277.062,3280535.6780000003,3271794.294
DNK,Denmark,1778518.0629999998,1548509.3569999998,1318500.6500000001,1088491.943,858483.2363,628474.5296,863247.7036,1092984.8099999998,1332794.052,1792811.465,1788046.998,1783282.531
EST,Estonia,405958.65380000003,353457.62679999997,300956.5997,248455.5727,195954.5456,143453.5186,197042.0672,249481.09960000002,304219.1644,409221.21849999996,408133.6969,407046.1754
FIN,Finland,1686812.24,1468663.485,1250514.729,1032365.9739999999,814217.2187,596068.4634,818736.0155,1036627.175,1264071.12,1700368.6309999998,1695849.8339999998,1691331.037
FRA,France,20553737.3,17895603.75,15237470.200000001,12579336.65,9921203.094999999,7263069.544000001,9976264.447,12631259.200000001,15402654.25,20718921.36,20663860.0,20608798.650000002
DEU,Germany,25387501.419999998,22104236.27,18820971.13,15537705.98,12254440.83,8971175.688000001,12322451.34,15601839.52,19025002.650000002,25591532.950000003,25523522.44,25455511.93
GRC,Greece,3268131.904,2845477.3310000002,2422822.758,2000168.185,1577513.612,1154859.0389999999,1586268.601,2008424.0929999999,2449087.7270000004,3294396.873,3285641.883,3276886.8929999997
HUN,Hungary,2973577.137,2589016.167,2204455.197,1819894.227,1435333.257,1050772.287,1443299.1639999999,1827406.0350000001,2228352.92,2997474.86,2989508.952,2981543.0439999998
IRL,Ireland,1523339.295,1326331.849,1129324.403,932316.9569000001,735309.5111,538302.0652000001,739390.3805999999,936165.1949,1141567.011,1535581.903,1531501.034,1527420.164
ITA,Italy,18163362.66,15814366.8,13465370.950000001,11116375.100000001,8767379.245000001,6418383.392,8816037.029000001,11162259.13,13611344.3,18309336.009999998,18260678.22,18212020.44
LVA,Latvia,579952.5237,504949.55760000006,429946.5915,354943.6255,279940.6594,204937.6933,281494.2927,356408.69330000004,434607.4913,584613.4235,583059.7901999999,581506.1569
LTU,Lithuania,852354.6699,742123.0116999999,631891.3535000001,521659.6952,411428.037,301196.3787,413711.40760000004,523812.90140000003,638741.4654,859204.7819000001,856921.4112,854638.0406000001
LUX,Luxembourg,192837.3525,167898.4604,142959.5683,118020.67619999999,93081.78412,68142.89203,93598.37559000001,118507.8192,144509.34269999998,194387.1269,193870.5354,193353.94389999998
MLT,Malta,160206.50619999997,139487.6324,118768.7586,98049.88478,77331.01099000001,56612.13719,77760.18777,98454.59617,120056.2889,161494.0365,161064.8597,160635.683
MDA,Republic of Moldova,798408.0946,695153.1336,591898.1726,488643.21160000004,385388.25049999997,282133.2895,387527.1038,490660.1387,598314.7325,804824.6545,802685.8012,800546.9479
MNE,Montenegro,189617.5764,165095.0852,140572.59399999998,116050.1028,91527.61166,67005.12048,92035.57767,116529.1121,142096.4921,191141.4744,190633.50840000002,190125.5424
NLD,Netherlands,5319367.473,4631434.716,3943501.96,3255569.204,2567636.448,1879703.692,2581886.4869999997,3269006.9140000003,3986252.078,5362117.590000001,5347867.551,5333617.512
POL,Poland,11574603.11,10077705.469999999,8580807.829,7083910.189,5587012.5479999995,4090114.9080000003,5618019.722,7113149.786,8673829.349,11667624.63,11636617.46,11605610.280000001
PRT,Portugal,3143090.708,2736607.218,2330123.729,1923640.239,1517156.749,1110673.2589999998,1525576.7659999998,1931580.27,2355383.78,3168350.7600000002,3159930.743,3151510.725
ROU,Romania,5882068.56,5121363.898,4360659.235,3599954.5730000003,2839249.911,2078545.2489999998,2855007.369,3614813.771,4407931.609,5929340.933,5913583.475000001,5897826.017
SVK,Slovakia,1664885.922,1449572.811,1234259.699,1018946.588,803633.4765000001,588320.3652,808093.535,1023152.399,1247639.875,1678266.097,1673806.039,1669345.98
SVN,Slovenia,640516.7651,557681.2653,474845.76540000003,392010.26550000004,309174.76570000005,226339.2658,310890.64430000004,393628.3298,479993.4013,645664.4011,643948.5224,642232.6438
ESP,Spain,14441739.46,12574046.41,10706353.370000001,8838660.325,6970967.28,5103274.236,7009655.217999999,8875142.841,10822417.18,14557803.270000001,14519115.33,14480427.389999999
SWE,Sweden,3157693.004,2749321.057,2340949.11,1932577.163,1524205.216,1115833.2689999999,1532664.352,1940554.082,2366326.516,3183070.41,3174611.2750000004,3166152.139
GBR,United Kingdom of Great Britain and Northern Ireland,20499970.97,17848790.810000002,15197610.64,12546430.48,9895250.314,7244070.149999999,9950167.632,12598217.209999999,15362362.600000001,20664722.93,20609805.61,20554888.29
,,,,,,,,,,,,,
,,2111357380.0,1955152997.0,1815990948.0,1704581387.0,1591436305.0,1497992682.0,1478262369.0,1352184314.0,1386546415.0,1636194422.0,1791994133.0,1963873721.0
,,,,,,,,,,,,,
,,158060757.95833337,137619385.2916667,117178012.62499999,96736639.95833331,76295267.29166663,55853894.625,76718695.83333334,97135930.79166666,118448298.25000001,159331043.58333337,158907615.0416667,158484186.50000003
