iso3,country,crop_reduction_year1,crop_reduction_year2,crop_reduction_year3,crop_reduction_year4,crop_reduction_year5,crop_reduction_year6,crop_reduction_year7,crop_reduction_year8,crop_reduction_year9,crop_reduction_year10,grasses_reduction_year1,grasses_reduction_year2,grasses_reduction_year3,grasses_reduction_year4,grasses_reduction_year5,grasses_reduction_year6,grasses_reduction_year7,grasses_reduction_year8,grasses_reduction_year9,grasses_reduction_year10
GBR,United Kingdom,-0.9999999999999999,-0.9999999999999999,-0.9999999999999999,-0.9999999999999999,-0.992985449838386,-0.9818315040338299,-0.610744936047983,-0.5295990994023969,-0.5788883245365269,-0.3321820150427039,-0.0226661943870069,-0.427122468634077,-0.816603042859478,-0.9433859307885589,-0.960083913611015,-0.987980326902782,-0.977704340690819,-0.9794025116177809,-0.994387884562553,-0.994446253702244
AUT,Austria,-1.0,-1.0,-1.0,-1.0,-0.9965850224545869,-0.9330816530882962,-0.7319313757954339,-0.6294195682358261,-0.5310440736419509,-0.24197842504708972,-0.134090079588407,-0.987254931140289,-0.933020112353674,-0.957200328685518,-0.826454949844699,-0.8847135380880189,-0.9233308336280339,-0.9255836259469921,-0.921501410740977,-0.895722304323161
BEL,Belgium,-1.0,-1.0,-1.0,-1.0,-1.0,-0.9974755354227729,-0.7202250972121371,-0.6809451462116327,-0.6601304076357246,-0.5929060806921648,-0.247483313292133,-0.982384659026162,-0.813096346923035,-0.998347425995101,-0.965030057995692,-0.9991873912519981,-0.9617496736737451,-0.991222708182117,-0.985523454669215,-0.988570237844002
BGR,Bulgaria,-0.9997190930667493,-1.0,-1.0,-1.0,-0.9539348403861873,-0.6224646621216064,-0.5506908494495711,-0.6655703914611694,-0.37422903142275193,-0.5140680348617992,-0.06520302592760259,-0.997061715414966,-0.999891252023544,-0.9174100430879091,-0.999963643338767,-0.999964363250355,-0.991760271725489,-0.964441570867279,-0.951416085922783,-0.93253895289142
HRV,Croatia,-0.9996842725537257,-0.9968427255372572,-0.9968427255372572,-0.9774264869547629,-0.9031923166398605,-0.6976427973326182,-0.5293264486780963,-0.5134967041075735,-0.428277829150567,-0.589803926957539,-0.190362064132933,-0.884422735782389,-0.940452931916614,-0.9674477272812421,-0.976026048921797,-0.936825777769589,-0.983346219360246,-0.964048201330225,-0.959486597166189,-0.96681310136903
CYP,Cyprus,-0.6709999999999999,-0.0679,-0.0679,1.2,0.06806424861855508,-0.08769867783950619,-0.105964600358403,-0.19012741924199703,-0.120637335043216,-0.227953569004309,0.46262021783831003,-0.234277953845794,-0.679046285460753,-0.8654933223059019,-0.964204752682474,-0.958881694889377,-0.9860906161538829,-0.99016275924557,-0.995296011771856,-0.998369090357112
CZE,Czech Republic,-1.0,-1.0,-1.0,-1.0,-0.9971725767387595,-0.9598763076943594,-0.6583892510426983,-0.4243885620623102,-0.483917137803937,-0.4452103258696081,-0.33061618051673597,-0.999887855449173,-0.996899938535703,-0.9832697984483051,-0.8766442896423069,-0.9103821713506559,-0.93934730010559,-0.952843532590806,-0.9164915298825569,-0.929731719193405
DNK,Denmark,-1.0000000000000002,-1.0000000000000002,-1.0000000000000002,-1.0000000000000002,-1.0000000000000002,-1.0000000000000002,-0.9638295538160679,-0.28195267755043557,-0.48796480711034035,-0.9129375665478373,-0.201992046828123,-0.9938854654584119,-0.99916083752788,-0.9698491447190921,-0.9624966090188011,-0.996749365659619,-0.9714779365685909,-0.98244443447567,-0.978311854009426,-0.953559415304717
EST,Estonia,-0.9999999999999999,-0.9999999999999999,-0.9999999999999999,-0.9999999999999999,-1.0,-0.9999999999999999,-0.9999999999999999,-0.8834586652570198,-0.619915083178112,-0.31689275511114295,-0.6951211775527589,-0.934520053740611,-1.0,-1.0,-1.0,-1.0,-0.8709676939932269,-0.999907973135895,-0.959955332879022,-0.9845362316741629
FIN,Finland,-1.0,-1.0,-1.0,-1.0,-1.0,-1.0,-1.0,-1.0,-0.9413794154520884,-0.4609391040659945,-0.999890428827515,-0.981096427081301,-0.999976798200784,-0.997537477808401,-0.9999784500864339,-0.999978876801809,-0.991662037894714,-0.999131685574699,-0.977282655733395,-0.760886576705659
FRA,France,-0.9992711698271729,-0.9956338987180046,-0.9956338987180046,-0.9787785153879982,-0.9043087713531663,-0.7084928025006704,-0.5087953367007076,-0.4224935322614962,-0.5632803215754838,-0.4589519466244766,-0.0459802976032426,-0.925753544074396,-0.872971194629752,-0.9791054712004269,-0.9707255704103009,-0.988261602084726,-0.989387177904515,-0.9133646639152241,-0.9459386698747031,-0.945872554286938
DEU,Germany,-0.9999999999999999,-0.9999999999999999,-0.9999999999999999,-0.9999999999999999,-0.9999999999999999,-0.9980873694689423,-0.7238469119994342,-0.5425379665819466,-0.60983520790256,-0.4985181947175178,-0.25121846037400297,-0.9964829740930711,-0.964748485560293,-0.9852455970727629,-0.91034399788594,-0.938632468365581,-0.9177615437817509,-0.967756007881199,-0.924924457090722,-0.9255663135900091
GRC,Greece,-0.9597262996645078,-0.8488119525143675,-0.8488119525143675,-0.6705530722019152,-0.4132850724837936,-0.2581842661580479,-0.39009555773202087,-0.404801608533802,-0.25041666083586617,-0.29906996966143645,0.105481312863607,-0.8327716960740951,-0.9611132410741761,-0.741262744569113,-0.987222701094128,-0.990997253551587,-0.9757067930585811,-0.977340944362898,-0.86193824861699,-0.8696750456080321
HUN,Hungary,-1.0,-1.0,-1.0,-1.0,-0.9674336816924415,-0.7522763355052406,-0.622830411576461,-0.6437486174751952,-0.44960494728642714,-0.43862279274915844,-0.307622849698306,-0.99468366103994,-0.987469271256282,-0.992318481664957,-0.9786782710339681,-0.936274177754956,-0.995496803090794,-0.960439849329567,-0.8707372622667551,-0.9366801833635491
IRL,Ireland,-1.0,-1.0,-1.0,-1.0,-0.997787109159499,-0.908572754627966,-0.42677908759792205,-0.5598481459177461,-0.40757707872847504,-0.0407925147392858,-0.137831242351034,-0.51507975423064,-0.737073442261815,-0.88059974886011,-0.9165773282836891,-0.980290818591558,-0.98222916478499,-0.9925663213754891,-0.9980249549434259,-0.9977896378149851
ITA,Italy,-0.9811482998431554,-0.9152150538026936,-0.9152150538026936,-0.8552133669554972,-0.7321881218263019,-0.5747220844986126,-0.45588644314724136,-0.3236897315535958,-0.3396759834181593,-0.2833856172714128,-0.0547631115843883,-0.828154162193764,-0.8558929615918219,-0.959819515781853,-0.891117332780232,-0.9339072698723361,-0.95702903016986,-0.9498610481634919,-0.939694222867361,-0.934711633970627
LVA,Latvia,-0.9999999999999999,-0.9999999999999999,-0.9999999999999999,-0.9999999999999999,-1.0,-0.9999999999999999,-0.9999999999999999,-0.818541979104417,-0.644368287784983,-0.862607394890271,-0.5331546347309309,-0.99999857643764,-0.999998604626153,-0.999998632256425,-0.99964145827645,-0.999998752027425,-0.8991466318515571,-0.991717296393771,-0.965209178865429,-0.976130458710025
LTU,Lithuania,-1.0000000000000002,-1.0000000000000002,-1.0000000000000002,-1.0000000000000002,-1.0,-1.0000000000000002,-0.9340248603911219,-0.8157865877122855,-0.6420096927809247,-0.959472748930073,-0.409875574016893,-0.999987979971937,-0.999988217984294,-0.999988451283731,-0.980103867370849,-0.999992430023929,-0.949254183412272,-0.988110709710136,-0.9837076774868391,-0.959788802794537
LUX,Luxembourg,-1.0000000000000002,-1.0000000000000002,-1.0000000000000002,-1.0000000000000002,-1.0,-0.9859236934396434,-0.6655917138097118,-0.5263355973082157,-0.6931167114190534,-0.5173576814041876,-0.35533578749636596,-0.9982850734722171,-0.893742474093766,-0.992500138793902,-0.963552210798607,-0.9932196533165439,-0.969765299007435,-0.991340571543307,-0.9910642246038709,-0.9959298734752289
MLT,Malta,-1.0,-1.0,-1.0,-1.0,-1.0,-1.0,-1.0,-1.0,-1.0,-1.0,-1.0,-1.0,-1.0,-1.0,-1.0,-1.0,-1.0,-1.0,-1.0,-1.0
NLD,Netherlands,-1.0,-1.0,-1.0,-1.0,-1.0,-1.0,-0.8025019480088804,-0.8104825320770863,-0.6882763186672675,-0.6449874905427779,-0.11655454454962401,-0.972528787813638,-0.766257467231136,-0.993977892206153,-0.974554670623218,-0.9997831361788551,-0.972884837269393,-0.9984203532843919,-0.987588645290117,-0.987758405498521
POL,Poland,-1.0,-1.0,-1.0,-1.0,-0.9994294980307206,-0.9654019098428784,-0.5544846504120585,-0.41867275357689515,-0.6121517482717272,-0.7633458202323699,-0.192504114148459,-0.999903193834309,-0.999905110723078,-0.999897328972546,-0.984168314125427,-0.969876384467554,-0.9982802146989,-0.97918147217408,-0.8579560090911901,-0.9454807752591511
PRT,Portugal,-0.9596787377918946,-0.8500484951395864,-0.8500484951395864,-0.668618087451529,-0.5883696675088086,-0.48988945969442504,-0.33781051250187955,-0.01802510818540045,-0.0008749561672052858,0.04713913477138889,0.348180460394089,-0.352818848800038,-0.746782223228132,-0.889182539148193,-0.952352066887865,-0.983616053861249,-0.9908451019860379,-0.995200692347533,-0.9980363054766519,-0.999039250447404
ROU,Romania,-1.0000000000000002,-1.0000000000000002,-1.0000000000000002,-1.0000000000000002,-0.997992232671204,-0.777087305038151,-0.7154990570581004,-0.7632406793370353,-0.3366415349092932,-0.7705792606784695,-0.369518168695947,-0.996585458757129,-0.999814276364022,-0.972917803706942,-0.998275225493974,-0.994900574669238,-0.991568452739987,-0.951922324315671,-0.915161647022138,-0.952448233115598
SVK,Slovakia,-1.0,-1.0,-1.0,-1.0,-0.9754523772101943,-0.7414287722704165,-0.5388281898709926,-0.5360273293991278,-0.518387253764945,-0.5329225637122746,-0.23692547765440503,-0.999841604307855,-0.999516116141839,-0.998417955903295,-0.9584613117601449,-0.9425163414113359,-0.996997835201085,-0.928121734698945,-0.883776218598935,-0.941688009048587
SVN,Slovenia,-1.0,-1.0,-1.0,-1.0,-0.9790326135619414,-0.8527042428957557,-0.6301653841872075,-0.5788938672195767,-0.494001434667262,-0.30376033360360966,-0.0596695823570661,-0.940058954739985,-0.833850773321372,-0.924635717795643,-0.916297743660735,-0.9362437759064101,-0.95883134820419,-0.9504200551522889,-0.9469048896881721,-0.9265142642806229
ESP,Spain,-0.9596997558141479,-0.8490716345196517,-0.8490716345196517,-0.5907787439435284,-0.2665377880701544,0.20467356311621143,0.28543547962754695,0.2927781816192154,-0.26123230197665287,-0.13351588842093132,0.23726069061077698,-0.5535387393012701,-0.855981265147998,-0.9460733983507281,-0.938107553902514,-0.97133869358933,-0.9792697894046399,-0.9317522749634919,-0.95602006490718,-0.971896633823134
SWE,Sweden,-1.0,-1.0,-1.0,-1.0,-1.0,-1.0,-0.9993120127780625,-0.9082371064078926,-0.7412949893005424,-0.643648815168365,-0.891997910197578,-0.9929402633460479,-0.999981403108632,-0.996489466618049,-0.996525100638049,-0.999468472403363,-0.98700249489352,-0.991104304039921,-0.865111043537151,-0.726777506899341
AFG,Afghanistan,-0.9933525424912361,-1.0000000000000002,-1.0000000000000002,-0.9012951307013347,-0.5590034051979877,-0.30431732173700393,-0.23492890473588776,-0.21573380536415765,-0.12695364627204536,-0.013444929726940908,-0.310012690262141,-0.9999744279834739,-0.9937101663016059,-0.875390424400759,-0.808142758299311,-0.7740524449459429,-0.676082445177845,-0.5654044200075969,-0.27774188003309797,-0.09092846398528791
ALB,Albania,-0.9898637459945132,-0.9537786817349813,-0.9537786817349813,-0.8430907879950673,-0.6634108010841778,-0.33164007902295767,-0.3689891107045496,-0.5284334585925076,-0.11106640024772153,-0.49857987801796017,0.0167311889508132,-0.598267839446646,-0.975542982879781,-0.780513452714424,-0.985538214607082,-0.983021908916446,-0.950629645424876,-0.9938889735089521,-0.991448322949078,-0.987897336082591
DZA,Algeria,-0.6133022161086599,0.12012458848111725,0.12012458848111725,0.6746911777826515,1.524507439645936,2.5738719455088988,1.5441385127685203,0.5408161698601526,-0.0755791958958725,-0.2931521657685975,-0.0417858640056285,-0.758012462865281,-0.9167966592438179,-0.8496427605675321,-0.970951239777765,-0.896174433771935,-0.9597161622470349,-0.666871187926085,-0.694041456379455,-0.640312763278694
AGO,Angola,-0.08423418509039692,-0.6996306652360071,-0.9649142875786153,-0.9826703458538316,-0.984978997622947,-0.9429959335498863,-0.8408279224807259,-0.7154367960820825,-0.5371888165068853,-0.43556727125306716,-0.049182946438380705,-0.43506724998786295,-0.622540105444891,-0.724900133979946,-0.754306123102328,-0.771773383871695,-0.8004003781252359,-0.7722087039461459,-0.6013329647485179,-0.526763319349372
ARG,Argentina,-0.06338326770300853,-0.7745789467370527,-0.8294919507823331,-0.8479519313244803,-0.7882306716649359,-0.8150946512164797,-0.6864361043931843,-0.5840163904960017,-0.34108664916455195,-0.07549661442594643,-0.0403934248146747,-0.470521936853506,-0.75444558655479,-0.76378285290795,-0.83310342583807,-0.8274851430685151,-0.8482966081865579,-0.817029278452585,-0.746500138419369,-0.6505487459830129
ARM,Armenia,-1.0,-1.0,-1.0,-0.9997451269129088,-0.981204476096384,-0.21459095192928224,-0.24122412156669143,-0.23852306226630798,-0.20118658816173757,-0.12818116373796207,-0.309453247010684,-0.985981168536306,-0.971432468686076,-0.98957351384831,-0.976764133669223,-0.978341200359675,-0.944079717092293,-0.971723242531468,-0.9496212889740661,-0.932391852968713
AUS,Australia,0.24597702435802085,-0.02892785624941452,-0.025837983773001637,-0.28103481436596367,-0.40014718377892167,-0.340951525388308,-0.27064756989740113,-0.4206313716571756,0.037382756620101674,-0.13625444796398659,0.00307461337641731,-0.48707069211679704,-0.711125297853153,-0.780919033979594,-0.7377506273630451,-0.813613273218577,-0.783096026893198,-0.6961719608961551,-0.519163233494777,-0.38167120105871
AZE,Azerbaijan,-0.9999986038391938,-1.0,-1.0,-0.9954318164853686,-0.9127927579280811,-0.4609080334699007,-0.2477360681068403,-0.1935541999357192,-0.14592495795028304,-0.01006556153762495,-0.100414140374649,-0.999516579287267,-0.893341979236909,-0.9379390511230951,-0.899411101023767,-0.9112566116776929,-0.871950172381982,-0.8419227956129229,-0.804448457909348,-0.750524002420775
BHR,Bahrain,5.84318941,-1.0,-1.0,0.308427224124208,0.30842722410000006,-1.0,-1.0,-1.0,-1.0,-1.0,-0.0810144135066511,-0.801944754226608,-0.976740134757378,-0.998453511725858,-0.999606018759134,-0.9992624198261509,-0.9612550372541421,-0.8644006141306011,-0.394959960773302,-0.517130360627349
BGD,Bangladesh,-0.131430723115055,-0.9858738388240588,-0.8910920797723544,-0.6045470152086024,-0.5023779852372726,-0.7506320331619983,-0.8148545463621271,-0.7122398957110003,-0.12952377616701463,0.049583994559854364,-0.542476383231592,-0.694063617242271,-0.8010958982796891,-0.8880058294301909,-0.956343595756931,-0.9047689712025879,-0.90767505983135,-0.884295021670577,-0.881151532851349,-0.7940592550757389
BRB,Barbados,-1.0,-1.0,-1.0,-1.0,-1.0,-1.0,-1.0,-1.0,-1.0,-1.0,-1.0,-1.0,-1.0,-1.0,-1.0,-1.0,-1.0,-1.0,-1.0,-1.0
BLR,Belarus,-1.0,-1.0,-1.0,-1.0,-1.0,-0.996478241054501,-0.8188331514739247,-0.5270820929876368,-0.5155495667785667,-0.8557729472144148,-0.11570609922429499,-0.999978032564487,-0.999978467551316,-0.999978893920264,-0.962824299167079,-0.999589375963029,-0.9888808475038979,-0.986676797877838,-0.883569208384489,-0.967729465946843
BEN,Benin,-0.2557889270275535,-0.6878672385341399,-0.7614969631170542,-0.7711459791256923,-0.6916668100470952,-0.6582497009400514,-0.47101366432809205,-0.2823805373923928,-0.21840645991070012,-0.04878018873771255,0.142175440386875,-0.6376934188900519,-0.696944799381456,-0.6973239825111289,-0.665421882582107,-0.611040772337019,-0.5492550167306409,-0.505258908111678,-0.479127203062938,-0.244053997621455
BTN,Bhutan,-0.5575162459264301,-0.995349254416934,-0.9929748205574386,-0.9768991251486914,-0.9725847983996389,-0.9734920867603778,-0.9776061117799713,-0.972898430602261,-0.8937749795406056,-0.7797019505730876,-0.158585680627217,-0.995473211319455,-0.9708829315037011,-0.915886319571818,-0.966542039042416,-0.9529339111312239,-0.7111276601918299,-0.516623447090011,-0.747695708402704,-0.825020707841161
BOL,Bolivia (Plurinational State of),-0.05166755327816141,-0.7612360570899542,-0.9429484794567639,-0.8817760180443702,-0.6008458688901753,-0.8382371978768487,-0.7621214218494633,-0.6491080346960258,-0.5466840593152923,-0.3496664354069132,-0.163971075598501,-0.452841120746292,-0.639321402585486,-0.7579947028887171,-0.8436252254369591,-0.873749634689643,-0.867527019194503,-0.829030207819694,-0.737935867946419,-0.638679497756214
BIH,Bosnia and Herzegovina,-1.0000000000000002,-0.9967652943650771,-0.9967652943650771,-0.9720333642968819,-0.8994313691547768,-0.6953535026350731,-0.5648579113800742,-0.6023053645141273,-0.4358736247710152,-0.8361129853051296,-0.277475787239577,-0.844479615941312,-0.996226252377035,-0.998098504085573,-0.9976271634009819,-0.965561895813744,-0.988036976376702,-0.9811694547961209,-0.981325729667593,-0.988541274515235
BWA,Botswana,-0.1725784314217441,-0.7772683090380447,-0.9867108504365497,-0.9378233115059271,-0.9866241089969019,-0.7739927204170788,-0.5855419020192395,-0.45093242439955916,-0.18913034826476469,-0.09857721054022144,-0.148493146422931,-0.6481994875364689,-0.7690454661103691,-0.7534572227185901,-0.832649124155986,-0.7881942620155801,-0.724595841769034,-0.580868591638822,-0.420551047263112,-0.25859735454661403
BRA,Brazil,-0.06444710633504255,-0.6844731828555126,-0.8659908877081438,-0.8499898694140515,-0.8520703496417606,-0.790548572036421,-0.7117007104668156,-0.5543196841121266,-0.4090541386621745,-0.20960144605081088,-0.0642763831647528,-0.51492186853344,-0.657471565086837,-0.754025707948903,-0.810092323973598,-0.817896457827151,-0.826482027092155,-0.7654636611020641,-0.6756745047601611,-0.532128471522416
BRN,Brunei Darussalam,-1.0,-1.0,-1.0,-1.0,-1.0,-1.0,-1.0,-1.0,-1.0,-1.0,-1.0,-1.0,-1.0,-1.0,-1.0,-1.0,-1.0,-1.0,-1.0,-1.0
BFA,Burkina Faso,-0.2657748642584149,-0.71909789634557,-0.7902911624047841,-0.7305290307642978,-0.728962768538389,-0.433461960387194,-0.2107689388893213,-0.09975704746976696,0.022473670095936978,0.004616797782796174,-0.218592304659666,-0.646530464336078,-0.783713218106414,-0.788239082498495,-0.735810383022163,-0.606036441697712,-0.466648521655434,-0.360438186481453,-0.179258635162136,-0.291765364441281
MMR,Myanmar,-0.45247684020465934,-0.9989233805287931,-0.9992156271503008,-0.9932437134014704,-0.9209877572518296,-0.9782096411742104,-0.9396607371407719,-0.8781422402580128,-0.6441620122283553,-0.4187032384856721,-0.142780917235134,-0.741425586433076,-0.844131181029553,-0.8552687645199291,-0.9487063096164221,-0.932243765650949,-0.944376791956241,-0.932568373543101,-0.8969113383459231,-0.809719897817272
BDI,Burundi,-0.10234091217795031,-0.732571686924095,-0.6893728395200189,-0.7446206701051971,-1.0000000000000002,-0.5270774874606111,-0.5866699384654838,-0.779444009321582,-0.6206287636331861,-0.5890676290921578,0.123988448837326,-0.83685239177043,-0.8276642649935969,-0.622863708691687,-0.8060578965648909,-0.839760652844409,-0.864697343668813,-0.8866564591470021,-0.89358341446573,-0.8832823111549559
CPV,Cabo Verde,-1.0,-1.0,-1.0,-1.0,-1.0,-1.0,-1.0,-1.0,-1.0,-1.0,-1.0,-1.0,-1.0,-1.0,-1.0,-1.0,-1.0,-1.0,-1.0,-1.0
KHM,Cambodia,0.5204811253073592,-0.968157327289437,-0.9950868262325281,-0.9693361327521363,-0.9400347188144055,-0.6574070170341884,-0.4479827705343153,0.214713023622425,0.5601012357596586,0.067138734762141,-0.138086611108646,-0.508738563113865,-0.7137816385161839,-0.8034924850077969,-0.83274623635287,-0.8186513612566481,-0.735746813147785,-0.6566738344276141,-0.506856531185961,-0.33820646390773595
CMR,Cameroon,-0.42948797028834607,-0.9081003512767191,-0.9335183581846116,-0.8999716643595752,-0.8191748709140099,-0.7993113587582126,-0.6496156622604073,-0.4422185790711962,-0.31411613440338665,0.002044003337122209,-0.0814729849222741,-0.629120535681997,-0.6477206426186229,-0.6206400568624271,-0.6712522852031,-0.784019229288599,-0.733806737571701,-0.740855301326386,-0.709901395265349,-0.664867602938627
CAN,Canada,-1.0,-1.0,-1.0,-1.0,-0.9996895053941052,-0.9893386080887541,-0.818934966404037,-0.8114859451734175,-0.7640771866366148,-0.4903867406314913,-0.73679395146041,-0.995959966727088,-0.998515133474854,-0.9974062493777169,-0.981047008328748,-0.9624228029076041,-0.938610526463749,-0.8963859746377161,-0.785989727665675,-0.6459627552068299
CAF,Central African Republic,-0.2830301051866348,-0.9021618998302877,-0.9344884290390993,-0.9879136763453934,-0.9823570434287845,-0.8861219192590783,-0.717449360045596,-0.5470465310501408,-0.4075232871362263,-0.12369231418634045,-0.0723740115542747,-0.44453171201381,-0.7284622275105561,-0.6940236132687331,-0.656201955512008,-0.757707722690131,-0.774709547138105,-0.751170747773109,-0.670381247914236,-0.602266893130056
TCD,Chad,-0.23685580746408,-0.6827517527566523,-0.757783545207957,-0.8337691137811679,-0.743888270979137,-0.6469973765745158,-0.38808333781365606,-0.08199597422511387,0.04932366473692063,0.24332028341130474,-0.148902870668664,-0.728027664895863,-0.767785106763082,-0.661421875770108,-0.6870107837689661,-0.655187624120642,-0.505482496590422,-0.44950176208377696,-0.186192431327301,-0.170229343746066
CHL,Chile,-0.3977883251473817,-0.6238394719539978,-0.5808855705615809,-0.6416613056761571,-0.613491281653768,-0.45492372644851076,-0.4057483051932072,-0.41791752010887406,-0.09793672737723115,0.2310208643429873,-0.0990027924666705,-0.377684621025699,-0.7275506231417199,-0.7406281750267399,-0.738765363656753,-0.724991038137489,-0.705709443295563,-0.626341640065585,-0.480186972559404,-0.32380929734322
CHN,China,-0.975076313598488,-0.9971669716737847,-0.9970414336333867,-0.989900071205584,-0.961537116961417,-0.931499845812767,-0.8991230672714876,-0.8259776603421917,-0.612520154943911,-0.3396468446777395,-0.373612765837817,-0.977264660505907,-0.980940570686308,-0.953527404759726,-0.932749364210494,-0.869519476701542,-0.825529455602843,-0.787241815219556,-0.735408374457375,-0.656219230543812
COL,Colombia,-0.24607081189532248,-0.8477242394045931,-0.9344525668111874,-0.9217196928807401,-0.898956223784084,-0.797153709755629,-0.7235211795197459,-0.5395479184635584,-0.353852488207961,-0.10769214852082978,-0.06750631629359499,-0.465415339635802,-0.674353247959238,-0.770770303155937,-0.829954291110927,-0.853373424902903,-0.8512400463044639,-0.8152093213641549,-0.749218215960196,-0.6698992945985439
COD,Congo,-0.0891062798318832,-0.7858377019934961,-0.9655156377587901,-0.939754392869585,-0.9925910827800619,-0.8759583182222854,-0.8005254038338049,-0.6468285678918216,-0.48827885795537435,-0.31352577956736627,-0.0384657501029216,-0.506423618729626,-0.640194299922519,-0.600079103570818,-0.699423427076238,-0.747988840121309,-0.8051635742204329,-0.742214663579835,-0.663580775993715,-0.636803855651817
COG,Democratic Republic of the Congo,-0.052417099420305764,-0.7988318452454639,-0.9231436394063192,-0.9290923799244307,-0.9647278822271288,-0.8164816110615948,-0.724307087499765,-0.5030455917988571,-0.4153010091935031,-0.1896814374973782,-0.0793093520756428,-0.420710565999291,-0.634726931249985,-0.680245345764887,-0.681674288987597,-0.708942186732096,-0.748676103668995,-0.723809885353324,-0.6717845987929301,-0.6363220807652921
CRI,Costa Rica,1.0901932283029965,0.9524084214039042,1.1170028655980608,0.21606313195855884,0.8057457957461751,0.47354698859362004,3.198788956586231,1.9866725363624922,1.0636568000613527,-0.30082110886368124,-0.180540955887571,-0.36720472208163996,-0.638139348007539,-0.711356420753757,-0.702821057819141,-0.6340723843828929,-0.5487551935357969,-0.36621790707843305,-0.45044839219002497,-0.382643476559819
CIV,Cote d'Ivoire,-0.316730203193692,-0.916695826751968,-0.9318415685361388,-0.9363149743851353,-0.8311193740020193,-0.8479114727644012,-0.6928955066777734,-0.5424246910283383,-0.44328397038639156,-0.19521602063429577,0.133202655334437,-0.567805895704948,-0.61039587120823,-0.745152005241779,-0.7510041346863041,-0.7084821192882249,-0.6592110082042519,-0.600726752367454,-0.5143698249384611,-0.35576743861505
CUB,Cuba,-0.31411284988436666,-0.6927150593973177,-0.8493417575421363,-0.791762294861134,-0.783786482054482,-0.6233682585035065,-0.30447974105198744,-0.0672911548412901,0.16890588927466577,0.13960183025970796,0.549687136760428,-0.453522770968252,-0.731559616621423,-0.790838246662785,-0.7859228873560911,-0.725895813159565,-0.561730072462675,-0.193788990380285,0.155579825801221,0.27750995212214297
DJI,Djibouti,-0.8714366949304142,-0.9283961092160773,-0.7716251046788541,-0.7031843961695989,0.6789901150390699,-0.9178771885128895,-0.5904341187067562,-0.6995340122152126,-0.6594093722731441,-0.3042079544560035,-0.125287114085122,-0.545022999810815,-0.7556360217244109,-0.848563867335145,-0.891834875743945,-0.904003489465643,-0.891864862774564,-0.827983418984379,-0.671536341988805,-0.366213999678558
DOM,Dominican Republic,0.17058790506356925,-0.2976006617188921,-0.5991998412159173,-0.8072623055784944,-0.5837311000932623,-0.396776244052203,-0.14235491825289454,0.26254898464443954,-0.06258370178229666,0.06143021545399436,3.7915403811411603,1.6519241540963698,0.282609987246869,0.248815839602366,0.481655164080185,0.900188616897096,2.03685204744307,4.64885197372319,9.090485328379,8.86128777599874
ECU,Ecuador,-0.046858814813339845,-0.7555744438862665,-0.9662666325303264,-0.9867815718201743,-0.8525147021452493,-0.8627798033362337,-0.725724424172922,-0.5623817369758826,-0.35797644069868545,-0.2137250619161418,-0.0394641041190204,-0.34122812906406097,-0.605080381546651,-0.7646367510522271,-0.844409114521932,-0.8837265300877309,-0.8896681410706729,-0.8738929867143921,-0.8313323228735889,-0.766012492759246
EGY,Egypt,-0.7153272499854613,-0.7458796472471511,-0.7448702851369697,-0.6740725350704078,-0.6211989382169905,-0.3551182159253078,-0.16690786901131574,-0.08055505870562749,-0.03476942251464585,-0.031675199881560645,-0.827479051730523,-0.914218286352045,-0.9300336248036161,-0.928576676608631,-0.894298420779636,-0.802918503298705,-0.837477713723075,-0.8169225370908709,-0.77203563794348,-0.749981625040654
SLV,El Salvador,-0.33957098022371524,-0.8184239213874194,-0.8594017865176363,-0.8083244414838819,-0.7922338494119537,-0.4665661320456256,0.0642970608451984,0.18031339423706189,0.496856091645503,0.45424829277439244,0.670217019408903,-0.162452690847898,-0.6618498288836081,-0.7424706445073831,-0.7400070487213299,-0.6800976446362109,-0.491162920008353,-0.101518597042315,0.647156401982609,2.54622466686493
ERI,Eritrea,-0.1164911164198463,-0.5501622951149067,-0.5836686084934357,-0.6088678856062727,-0.4661350426898967,-0.49269319385749044,-0.24822059242404143,0.06499521945713228,0.015968462755401806,0.08053088115092136,-0.270410092170967,-0.6820321218263059,-0.8008599860513751,-0.78634163192709,-0.797432095501797,-0.763307513611356,-0.657157748002593,-0.44690919749151703,-0.0644794006051192,0.959051485090404
SWT,Eswatini,-0.05484314769225618,-0.6401045499672132,-0.6968728381854306,-0.8247462621169952,-0.7134971685678977,-0.7371804172580458,-0.5431808633881389,-0.2524262569373565,-0.3302870465184197,-0.21891344225973408,-0.046143485535534594,-0.418403307405491,-0.5466922720648779,-0.7993610263236781,-0.8407713978747521,-0.9311159478353029,-0.9486100581695961,-0.945362598156749,-0.924173472991826,-0.880745569999559
ETH,Ethiopia,-0.6202788049993869,-0.8585142104344483,-0.880064085873057,-0.8610300209821691,-0.7647196146663819,-0.8465010015841778,-0.7160790937873946,-0.6244078632488954,-0.5047435128283269,-0.15978862412727868,-0.0011266773147183698,-0.654595369588667,-0.7035172944438609,-0.722375429344935,-0.764028443856726,-0.7457279579715841,-0.734403338476606,-0.6893502927250189,-0.528152237229308,-0.35140919496439105
FJI,Fiji,-1.0,-1.0,-1.0,-1.0,-1.0,-1.0,-1.0,-1.0,-1.0,-1.0,-1.0,-1.0,-1.0,-1.0,-1.0,-1.0,-1.0,-1.0,-1.0,-1.0
GAB,Gabon,-0.05178287318451386,-0.7564191830451448,-0.9033026572495386,-0.9156569502583823,-0.9301588714479163,-0.7884205394050773,-0.6901816123804025,-0.5329160419927103,-0.3903970751931353,-0.1582357352159532,-0.08450419671260409,-0.492733563467002,-0.885128828692796,-0.813705471264238,-0.737698923196519,-0.7275824799032801,-0.828451414928448,-0.7732875686583429,-0.768935026506784,-0.7663802237790691
GMB,Gambia,-0.39986197988285377,3.823558228742794,1.6277324712940615,0.06701593397580503,-0.35541531850183006,0.6138936953877595,-0.36867753874738896,-0.47739346919120884,-0.3850408985050492,-0.4702284098411358,-0.0377249745113902,-0.403603274265943,-0.616744193682283,-0.618048780442642,-0.531077616734724,-0.421457649277828,-0.318183467053755,-0.18569961346453698,-0.244950659556394,-0.290743268169703
GEO,Georgia,-1.0,-1.0,-1.0,-0.9872230743518738,-0.9949533063341485,-0.7335796331310313,-0.5494802980546115,-0.434967791451114,-0.39733144285028543,-0.20424710641909893,-0.16729658604350997,-0.994788359097315,-0.878355454769623,-0.892442173234402,-0.917972036060254,-0.9253631520372739,-0.9108238228586469,-0.890110991959245,-0.850839325984517,-0.791558338733094
GHA,Ghana,-0.10795808441961743,-0.7420588991226644,-0.779814172482776,-0.7949035969805499,-0.7452962830540213,-0.6294779562251016,-0.3831931047681831,-0.2579585272583051,-0.09500863338165724,-0.06262763717341915,-0.0657027416718827,-0.652666703582081,-0.600586145533809,-0.6757789171867201,-0.693366008289018,-0.622432219502266,-0.609621122442911,-0.571341531970468,-0.491455860716597,-0.193823825616224
GTM,Guatemala,-0.17423664545552994,-0.7417990795806206,-0.8268657848062526,-0.8172378608853221,-0.6873711250492311,-0.6131651195345882,-0.43519555417142064,-0.0969626593249227,0.31084519485301065,0.3410004451524251,0.9150437713197399,-0.179610102569948,-0.655401901077051,-0.745156490933842,-0.750553084240354,-0.7019672144816511,-0.5417888318469299,0.0219962452401801,0.546213072011636,1.48660962910481
GIN,Guinea,-0.09214877061775678,-0.81818770033276,-0.8970958555661224,-0.9060755538101766,-0.8697399545333387,-0.7021063810514476,-0.40992915646885086,-0.1938184492115116,-0.1948569064906186,-0.0673342242630364,-0.154256899142856,-0.632930169497134,-0.776898978118217,-0.7942330125007431,-0.7602423622512541,-0.658331327965007,-0.552290236270861,-0.45451732819248497,-0.315601142627695,-0.277465647098117
GNB,Guinea-Bissau,0.0781376139796609,-0.1537003094566546,-0.39008233767653633,-0.7494888304503325,-0.6364900197884609,-0.48764757399421865,-0.23661407725944095,-0.02291325746869495,0.3594936193009958,0.2402923634099257,-0.164556504567608,-0.40670829375794704,-0.606486553408205,-0.5723288921060881,-0.462981551244975,-0.146160805422874,-0.309289099207153,-0.14730279727190498,-0.19312934055209,-0.168099117369309
GUY,Guyana,0.31185788731372366,-0.031045820779512984,-0.7483852368008834,-0.8306259176483674,-0.6680833643744567,-0.3721337654213413,0.05700044228408038,0.270621571937524,0.5172869356837074,0.6702267640785923,-0.0693529474424524,-0.506284077754161,-0.6346278361912681,-0.7306389989541741,-0.769784906296873,-0.817579187133966,-0.770446609668531,-0.6549289021657291,-0.6279757829321251,-0.496410465709822
HTI,Haiti,0.6277420911843844,0.5848546241532977,0.5838795775608274,0.4860169054642393,0.9189048707205008,1.8138334628397095,3.2061361382755864,3.6787529409471693,1.6854241274993012,1.1072276172869702,3.82534266379822,1.45799478952845,0.33984687747966097,0.30906523947139797,0.548173204797395,0.96544479144437,1.95207632671926,3.9382914238777103,6.62964910036368,6.03754449421111
HND,Honduras,-0.10757476244170718,-0.6786054120768612,-0.9115636927266594,-0.8510348437017332,-0.8152309426311778,-0.5747474327577442,-0.24713102500837078,-0.01365549374224753,0.38431131787988027,0.1996143676987766,0.381941393840577,-0.283194323863584,-0.675773448841207,-0.769115571463889,-0.7813272518669601,-0.734927236396822,-0.602857468716144,-0.316260682181101,0.166863073157175,0.524361340641856
IND,India,-0.2624714700757048,-0.7381187957747766,-0.7259820592412984,-0.6349851532364248,-0.5689664166789621,-0.5249119533522956,-0.5075385763800265,-0.2514923154140854,0.07267148006594765,0.12736364102698455,-0.47571471256111303,-0.8398169952092159,-0.811286813904806,-0.8495838482646759,-0.903254615598771,-0.7914547642326331,-0.768750807754888,-0.694381200575521,-0.49602236553343704,-0.292358497455753
IDN,Indonesia,-0.09535973277247001,-0.6525917136937287,-0.7431507940351021,-0.8131961988223988,-0.7618594214532584,-0.6410755944406458,-0.5258513722127642,-0.33677818757965644,-0.20489516497475116,-0.1220450807696546,-0.067850984976441,-0.40155175390137304,-0.62407394797311,-0.709910917421527,-0.742936079825581,-0.774651746048147,-0.778253907835839,-0.750368142089283,-0.671412077003986,-0.544064697390472
IRN,Iran (Islamic Republic of),-0.9685331740957669,-0.9729122710329058,-0.9725241039754308,-0.8217591209834371,-0.4187972277587591,-0.318202122823672,-0.3267741404743684,-0.23998084523655347,-0.1393448366027528,-0.030491336179722356,-0.0037098578780054296,-0.9758428263558631,-0.970438132599861,-0.991272464375567,-0.976628464725659,-0.9922400564979441,-0.965172381001142,-0.969536606645931,-0.835769860278703,-0.80609366562271
IRQ,Iraq,-0.9881587172717371,-0.6815066542119783,-0.6814870879970241,0.007470739558745692,0.02104248735094968,-0.2833510821847171,-0.2908935665098204,-0.2571379950916229,-0.17964804940231707,-0.0559768694361459,0.0171503473544916,-0.9535346955199461,-0.9414481421622309,-0.931937386771235,-0.981446995778498,-0.9464802888518921,-0.988310946443567,-0.992948698885843,-0.769990807417593,-0.7739840421533709
ISR,Israel,-0.9051511267544433,-0.8143672052194103,-0.8143672052194103,-0.6851920730849852,-0.6869364272618186,-0.2830994487747354,0.029517644662964932,-0.056591839734420786,0.07414991618840738,-0.0005262586882192475,1.30506052808564,-0.145616071602943,-0.703833238664177,-0.776294900453577,-0.8111897508425829,-0.639317590958645,-0.984343739407761,-0.998095481116022,-0.938187659187999,-0.9138159854134349
JAM,Jamaica,0.45071252219999997,-0.17015378890000002,0.1636293177,0.6259661840619889,0.6259661841,1.33716577008763,2.08641332289731,2.4335727333937696,1.92267372117337,0.678974678284241,2.66786509189938,0.7715091478213439,-0.0622171063980916,-0.120798869127503,0.0406976075090994,0.37897451220438,0.9594773454981581,2.25622577873425,4.27773357925276,2.0149451004897
JPN,Japan,-0.9933568123179382,-0.9994976296087225,-0.9994976296087225,-0.9985933629044229,-0.996804083931855,-0.9927325669258105,-0.980423948599794,-0.888617278952091,-0.9277166959719171,-0.13308631825461695,-0.381061141904934,-0.883187556981308,-0.8890041074747189,-0.9809069388248879,-0.9772098353525991,-0.971359780660227,-0.988036837494061,-0.986276306957637,-0.986191006505007,-0.99062974125398
JOR,Jordan,-0.9697386928216557,-0.9069577719591204,-0.9069577719591204,-0.7881708497515898,-0.6677625365879549,-0.476970046314308,-0.06732944247550872,-0.20758707534328064,0.05336293798084117,-0.1457466072674415,0.9317373629379869,-0.8204040911081449,-0.9379267751601771,-0.77361342738287,-0.865792296593626,-0.821263329229954,-0.982789469747959,-0.8442433291894319,-0.6410979474202511,0.494484927389333
KAZ,Kazakhstan,-1.0,-1.0,-1.0,-0.9994445314678992,-0.9874950904296418,-0.8459408838503851,-0.5985841274131402,-0.4022981950558939,-0.24951435918151507,-0.12838747109795082,-0.16639824208985998,-0.999971640174801,-0.9847619339666019,-0.8463664692574,-0.7657767440226201,-0.728657310288188,-0.636874289697002,-0.511625422663687,-0.397370790304509,-0.386566152827338
KEN,Kenya,-0.2495680140169683,-0.8974742621381472,-0.8944955558502327,-0.8773217349009522,-0.6066410992416771,-0.8383109596469625,-0.7367891494808451,-0.5907780739401683,-0.27450698325480205,0.6224222150315739,0.143515910712716,-0.641633867785542,-0.7598609539495971,-0.756810243229155,-0.6990745840341159,-0.718325933619722,-0.635851782792465,-0.469370167553357,-0.341500721155208,-0.186969803833374
KOR,Democratic People's Republic of Korea,-0.9879701259446675,-1.0000000000000002,-1.0000000000000002,-1.0000000000000002,-1.0000000000000002,-1.0000000000000002,-0.997112763647823,-0.9310537564074564,-0.7295615351620536,-0.09236902783313734,-0.342988418057451,-0.999950508581687,-0.94424851259975,-0.984806250643775,-0.9999923624054939,-0.888032404728063,-0.9317738586036031,-0.96096547299918,-0.97379973279586,-0.980824534214474
PRK,Republic of Korea,-0.9997210030165518,-0.9999999999999999,-0.9999999999999999,-0.9999999999999999,-0.9999999999999999,-0.9999999999999999,-0.9998462879080481,-0.992182822199007,-0.9625108755715979,-0.6600303974965853,-0.517529169335389,-0.999995200195163,-0.9942642773043571,-0.9999954067376009,-0.935760319036214,-0.8373888309244261,-0.871715609351084,-0.908222103206124,-0.92844054940566,-0.92278488072624
KWT,Kuwait,-0.7316302368086605,-0.612202692591621,-0.612202692591621,1.4585623939769077,-0.7714995218080459,0.20058103457385065,-0.4076471248497841,-0.27713972406372095,0.07006568498694714,-0.1862765364399543,-0.17246735422407,-0.721124328646919,-0.9999329744747619,-0.996006059193284,-0.999014790379628,-0.999920407145157,-0.7178077141682909,-0.9989533795580471,-0.5028455093707229,-0.373087058068145
KGZ,Kyrgyzstan,-1.0000000000000002,-1.0000000000000002,-1.0000000000000002,-1.0000000000000002,-0.988465868395542,-0.7237746802348117,-0.45567770640377375,-0.35868273385705846,-0.24189311646355144,-0.17678082670910877,-0.0988270175683424,-0.999998377308764,-0.9588242798783181,-0.873719168291846,-0.6853336385762709,-0.589170215306958,-0.449819085858362,-0.416460629732278,-0.37828135800761503,-0.42777083705090396
LAO,Lao People's Democratic Republic,-0.44885829343874745,-0.9987209393392286,-0.9945940577486166,-0.9705314364505084,-0.9581946314523457,-0.8992199986946884,-0.7666950487768648,-0.6144798486300587,-0.3586592330392881,-0.15214258875684536,-0.20104554391385002,-0.675580854318368,-0.800136763817269,-0.835946969964723,-0.9260146954366429,-0.9472711075568511,-0.9490870508089201,-0.9282089627554391,-0.883460317724175,-0.7980794741615089
LBN,Lebanon,-0.8870846747076705,-0.747521332646351,-0.747521332646351,-0.4751695680412517,-0.7359590021725083,-0.21862797333126863,-0.11817530602667181,-0.19582475544064207,-0.04516264679559057,-0.08290596216035798,1.02406142337304,-0.27001911276673796,-0.7110216762957521,-0.829542032304403,-0.9485306714121501,-0.957961954011094,-0.986346760190957,-0.993023075975053,-0.938187194283444,-0.9055898847199001
LSO,Lesotho,-0.033106752093250924,-0.9564232269533859,-0.9462470496723312,-0.9332086491823439,-0.9368962347470944,-0.93254019837272,-0.8745422097029288,-0.6552159475965881,-0.5037673089122899,-0.18778872797027904,-0.027942894339688298,-0.5600628651004,-0.40638844218972403,-0.833862168859916,-0.768180755693993,-0.920316529829932,-0.947701036430702,-0.949221761493132,-0.935764902875844,-0.912814234624189
LBR,Liberia,-0.042931244519729045,-0.809525485655086,-0.9249289402578085,-0.8936919365113332,-0.8121833515108088,-0.7573642269246704,-0.5861903668384446,-0.46758880513407514,-0.3051372268414676,-0.1639679858099342,-0.09326430095353659,-0.40330799208166296,-0.59642307839473,-0.672807757564388,-0.691864803516945,-0.68595600224397,-0.661347229489526,-0.627250852971837,-0.575432663122572,-0.55509801144107
LBY,Libya,0.358,0.6679999999999999,0.6679999999999999,1.82,4.122249256294504,5.28092317215736,0.31806430516753603,-0.270167794067792,-0.34550033127463403,-0.226662667864446,0.017740560451760902,-0.259559560771138,-0.823717181250875,-0.91895003462722,-0.9595267197763241,-0.6564678662237869,-0.667768663535611,-0.791836958130877,-0.7823700036051701,-0.7514272580778381
MDG,Madagascar,0.17568305320713373,-0.637277981543087,-0.9415918561926159,-0.9476262033369367,-0.9344417051554287,-0.8315131698190811,-0.6936176959634737,-0.566296306315741,-0.48959249880575206,-0.20040463652519971,-0.061590297902208005,-0.38345730275877105,-0.576360851546092,-0.677482215836267,-0.7314502508293501,-0.7356319835615621,-0.6905503528798129,-0.6154574486580681,-0.550551183847506,-0.393048360628919
MWI,Malawi,0.06923049129523234,-0.7145524471716139,-0.9650870860465384,-0.9729567041360968,-0.79252036798007,-0.8850098238663483,-0.7313627423970253,-0.6101989112051168,-0.33353436220968347,-0.195412149115221,-0.132094025183137,-0.356965991636262,-0.59163166161921,-0.718701581808704,-0.785832184124378,-0.797174028787867,-0.7750636565993111,-0.722575817889448,-0.615722362908049,-0.51957075527494
MYS,Malaysia,-0.24209983016764738,-0.7628115934395509,-0.8535967027561575,-0.8268375266839076,-0.7497896987952696,-0.5616211467826194,-0.515749313398764,-0.2657774117563933,-0.03166291260076486,0.03385473843121866,-0.025681161985191898,-0.42585288234605,-0.660007409138466,-0.743647228024507,-0.759922850168128,-0.8069250540630201,-0.80656785870795,-0.7580168583192081,-0.675848239565362,-0.568380892010039
MLI,Mali,-0.2387731462222381,-0.7730673828967072,-0.817439109556864,-0.6850275840539244,-0.6885733026349241,-0.23669072015199988,-0.16799982091414362,-0.15364542887667676,0.008096824674943708,-0.1403781674722234,-0.362001458745952,-0.461835652636693,-0.781901427490223,-0.8476732733534,-0.829204751880883,-0.724208481602889,-0.496734117566309,-0.297918925400618,-0.234534377749175,-0.183815758495257
MRT,Mauritania,-0.030144925142808483,-0.7439260054772923,-0.48314335234255146,1.4470673206678561,-0.7792726127909414,-0.5481274593850104,-0.39973207345500134,-0.08953085044617294,-0.1723352079473658,-0.09211105897378571,-0.766246069996588,-0.219319950901469,-0.719085117914529,-0.861869254439564,-0.857085070769146,-0.743154055640983,-0.599642861227611,-0.372251422838087,-0.24075183617924498,-0.137565412964498
MUS,Mauritius,-1.0,-1.0,-1.0,-1.0,-1.0,-1.0,-1.0,-1.0,-1.0,-1.0,-1.0,-1.0,-1.0,-1.0,-1.0,-1.0,-1.0,-1.0,-1.0,-1.0
MEX,Mexico,-0.8806239234952479,-0.9542464211564335,-0.961420466212182,-0.9435811564709585,-0.9302502545160202,-0.851054678472247,-0.7277182438293718,-0.51266011134774,-0.24037777315593747,-0.08840028689289073,-0.105472221010375,-0.580933220496375,-0.7815105947887611,-0.898400114766104,-0.943806175436064,-0.962553808214647,-0.9651228915142531,-0.950032163232909,-0.9192360888794291,-0.834274667397205
MDA,Republic of Moldova,-1.0000000000000002,-1.0000000000000002,-1.0000000000000002,-0.9999999999999996,-1.0000000000000002,-0.8274683728476805,-0.7106491545815382,-0.7415165558049304,-0.340440893957582,-0.5061051684223117,-0.39957632380047997,-0.9999505978508959,-0.999897163805522,-0.979337309176487,-0.999247159242068,-0.9999762362845369,-0.999976706838583,-0.9546763333967191,-0.937116399806133,-0.957055978533402
MNG,Mongolia,-1.0,-1.0,-1.0,-1.0,-1.0,-0.9916687074999712,-0.9314472237803418,-0.35670887024284625,0.17924197527694224,-0.3332621432388341,-0.399688798079627,-0.9999552719593041,-0.9999561576351801,-0.992836808561693,-0.950809942342714,-0.8466065694430711,-0.8056794729089379,-0.7404505820582991,-0.484093808340723,-0.422601843757708
MAR,Morocco,-0.8364568382596534,-0.48016637875389867,-0.48016637875389867,-0.3097468599895254,0.18057873089655985,0.6972164987080518,0.6824660623829941,-0.2145363304597233,-0.42120177495105615,-0.3370268508445315,-0.0434310837146663,-0.593413918447361,-0.8926598745604071,-0.757190474373469,-0.9119394455456891,-0.9220999282893619,-0.932570227505584,-0.929161288309605,-0.909240557738,-0.8808105408522761
MOZ,Mozambique,0.02258708419744441,-0.6569053733948284,-0.8234420936971212,-0.8543263262277637,-0.8101936243768268,-0.6719933364925571,-0.5265201956994142,-0.4116803529130928,-0.22532592630669368,-0.048324890435233414,-0.156684893866287,-0.391690329721637,-0.552571814168166,-0.643905818080173,-0.682555220772644,-0.6668832930444439,-0.618259006440746,-0.551382478677153,-0.408788394921172,-0.332184901357623
NAM,Namibia,-0.2265700322888604,-0.7105319209622301,-0.9885961995361366,-0.9906007319960848,-0.9778015045230367,-0.8736924111591133,-0.7787682280748947,-0.5924044982539892,-0.3956960238585216,-0.46966104133805664,-0.15968107851092,-0.689410891113222,-0.806215861791114,-0.829507193648337,-0.8764329877405901,-0.8399270009980591,-0.818079906407289,-0.633320439682254,-0.38046134252848296,-0.251635116583181
NPL,Nepal,-0.7943702730688187,-0.9878733616954221,-0.9698758720262711,-0.9308330749950477,-0.8905588136834308,-0.8428031553293149,-0.7161734688871441,-0.5054663886084911,-0.40040606966378284,-0.3293004105541595,-0.252006340450124,-0.9999116811508421,-0.940815853476785,-0.9378907161480641,-0.784113538649475,-0.718762359379122,-0.7809987212124789,-0.820768853456794,-0.776263617493358,-0.663740739262051
NZL,New Zealand,-0.41822132341408136,-0.7376756206996518,-0.7376756206996518,-0.7831239174173413,-0.7477552127044658,-0.6474844801858604,-0.503345938042379,-0.2478418423580129,-0.15751203008200973,-0.09433544523537832,-0.055500706846545095,-0.372871773951776,-0.642403034317474,-0.733974540051024,-0.798085734465989,-0.802580636999283,-0.80253476171505,-0.7322346719617551,-0.676543295436716,-0.559594361837192
NIC,Nicaragua,-0.17196581303477843,-0.7440877571716037,-0.9387189048922668,-0.8990777878937922,-0.8313369683405817,-0.6803892161187227,-0.4022884549150757,-0.20560948507481838,-0.03230729852471421,-0.08406061681791467,-0.0654310907223199,-0.420498865890226,-0.682843163074848,-0.789044791114015,-0.813341789311132,-0.780405281405762,-0.69304392278981,-0.5509070871114541,-0.349574361165562,-0.200542807188375
NER,Niger,-0.28872728130022624,-0.8221412417034122,-0.9088109615944714,-0.7848613998110752,-0.5821433845682437,-0.46330104795786453,-0.4281398324278359,-0.02472127339747687,0.1222903245969234,0.12827473282491447,-0.13433523981768,-0.6620713047192569,-0.8554817344724189,-0.9028213739873939,-0.90677957726022,-0.876699987090396,-0.780366717094816,-0.6144182694944049,-0.337528821780638,-0.266697715609298
NGA,Nigeria,-0.33877240692823357,-0.7984351529211561,-0.8681552082177079,-0.8631305647213022,-0.7501235431275437,-0.6887767780437661,-0.5029029189632137,-0.3510710369358271,-0.20428746442341247,-0.026366872138626353,0.0138278961201705,-0.595658858970132,-0.670732725852635,-0.69415122463303,-0.702621013418989,-0.6822423898540739,-0.580988611873554,-0.530857464602269,-0.41831511541432803,-0.287829892587849
MKD,North Macedonia,-0.9956517969221594,-1.0,-1.0,-0.956305539978879,-0.7341117276004633,-0.164536727588757,-0.2113589600696107,-0.5363469271869289,-0.34202192429027195,-0.5060779576568524,0.010546973142787599,-0.810477657230264,-0.999409746409018,-0.6501873024039501,-0.999070627283845,-0.995105728105403,-0.951637934274398,-0.989659741117694,-0.987197378623775,-0.974099171901275
NOR,Norway,-0.9999999999999999,-0.9999999999999999,-0.9999999999999999,-0.9999999999999999,-0.9999999999999999,-0.9999999999999999,-0.9999999999999999,-0.9855433410590397,-0.8922428895694351,-0.6157429346922215,-0.437299183524363,-0.9188223749167981,-0.99999494549293,-0.999280918213192,-0.99989779837286,-0.999146402093089,-0.998677660825653,-0.971007186176037,-0.883125141060837,-0.801728241711086
OMN,Oman,0.2991906486514292,-0.5642633052139004,-0.6089526341977881,0.36598448815500206,0.7706040884139977,-0.32659886025156326,-0.38214031761486594,-0.1943966845111142,0.39775291987511563,-0.39012038896902623,-0.0596225435970375,-0.464135015305447,-0.597844666140342,-0.761345181300394,-0.783217059679331,-0.7555839719778351,-0.690716031964543,-0.563320575232688,-0.369731541625896,-0.14950715778132
PAK,Pakistan,-0.7196890066552001,-0.7259590451377038,-0.7254982090894928,-0.6419033613058605,-0.606196674750382,-0.4637445813651959,-0.2804434501348523,-0.1861554137733693,-0.13256553816010183,-0.043299661719701635,-0.28922537832718,-0.9946623360392389,-0.9559631685950789,-0.982754491200199,-0.871696913372646,-0.741498291721292,-0.678420148489758,-0.6657229102508551,-0.450914407349915,-0.258764344987486
PAN,Panama,1.1382610112361933,1.0869379114092006,1.6921011264727115,0.2948605321377571,0.5722305654195095,0.4388052078275754,3.3921094442004285,2.510139767918817,0.9584818626142116,-0.3216546386757247,-0.0535616341829758,-0.355748599638475,-0.576291335727243,-0.656336696490647,-0.6486879949909811,-0.589072553371885,-0.551675660093448,-0.550693631008372,-0.518039369899702,-0.420915760461953
PNG,Papua New Guinea,-1.0,-1.0,-1.0,-1.0,-1.0,-1.0,-1.0,-1.0,-1.0,-1.0,-0.0345878914863221,-0.283331323513378,-0.507927674083911,-0.6370013718829469,-0.719893463632563,-0.764599150547179,-0.797392083079922,-0.796073723719746,-0.761877967931043,-0.6742503960331641
PRY,Paraguay,0.0813165855501571,-0.7675873451216542,-0.8750781053284199,-0.8647855567125553,-0.8463672414164171,-0.8089657701554753,-0.6511907006504157,-0.596075279939929,-0.4715960464502581,-0.3145906337250759,-0.08676889213110331,-0.473804259081232,-0.741346132243478,-0.691965459061427,-0.810622527666818,-0.8651645527323101,-0.8261445201458539,-0.7032439577974471,-0.386349435676129,-0.12722266013484998
PER,Peru,-0.06500240454576384,-0.7534223974543179,-0.9551050508019118,-0.9651546879243886,-0.8684798978037963,-0.851655387637243,-0.7416461823533166,-0.6033687657977195,-0.4506285349394505,-0.331698337386803,-0.05497391442732549,-0.329838074429181,-0.591210518949357,-0.75737489575198,-0.860027771186144,-0.912326182714964,-0.936082175482988,-0.938362903388375,-0.927297878966909,-0.892269482234334
PHL,Philippines,-0.027130204738925214,-0.5320079880579819,-0.8364682550224155,-0.8500395324395983,-0.7954555649835826,-0.7033896819599146,-0.5143407943315375,-0.3267974793406131,-0.38056182044378417,-0.042619935857770505,-0.0504582193963728,-0.35057325155138,-0.511669179120649,-0.594853332863543,-0.651794259422789,-0.7196353963054309,-0.717742052296326,-0.6608501650260991,-0.583629988765056,-0.52974267952301
QAT,Qatar,5.064630655000001,-1.0,-1.0,1.9370775757045597,1.937077576,-0.9999999999999989,-0.9999999999999989,-0.9999999999999989,-0.9999999999999989,-0.9999999999999989,-0.00453492574419348,-0.6488065646295069,-0.919453025569103,-0.9971048889863989,-0.969100674561576,-0.9682324041561909,-0.862807158621687,-0.561151490409773,-0.313675271079534,-0.307683707835707
RUS,Russian Federation,-1.0,-1.0,-1.0,-0.9990647920098925,-0.9987167463031287,-0.9747009418550214,-0.9180211836158102,-0.7841229741731227,-0.534094087264386,-0.43928006857980173,-0.8172326369589641,-0.992016017193735,-0.996684433473022,-0.996465888712285,-0.989609456992264,-0.95142517896662,-0.838001756791868,-0.786756884713695,-0.7372794678368351,-0.614449284013049
RWA,Rwanda,-0.20024975509855444,-0.738383716991777,-0.6407188748983432,-0.7668447581231521,-0.9999999999999999,-0.5872249418588553,-0.6341490375620534,-0.8311550559404115,-0.7080867050971033,-0.5897405504273674,0.0173818592280012,-0.78211576982708,-0.741835618836758,-0.463671605848834,-0.747344471396596,-0.805379932846641,-0.848963874251899,-0.883811358427282,-0.905002411911758,-0.911831517172821
SAU,Saudi Arabia,-0.4227878194764756,0.22269726310508134,0.222806950893546,1.0849081126072415,0.6810339580735184,1.1080749528025604,0.3885227198346697,0.4250625043044742,0.08840451568835812,0.07670952577205138,-0.13821548790795998,-0.6640903311516859,-0.785582842711414,-0.9001433226916581,-0.933588016741309,-0.9273289023742121,-0.916826661959975,-0.6327884900723459,-0.443898830377692,0.116610065310767
SEN,Senegal,-0.042449914501426905,-0.3525806242880282,-0.4674904882591613,-0.5313611948402045,-0.47960992258834634,-0.30366350713703155,-0.12877099957337934,-0.09273815111195904,0.17007848367883407,-0.0030443817829248297,-0.36602892348807003,-0.278631209691955,-0.629324139395094,-0.655730779576078,-0.539633947445025,-0.21091373737534302,-0.36620143787307,-0.13821056750433,-0.203830813609023,-0.382553588399766
SRB,Serbia,-0.9999999999999999,-0.9999999999999999,-0.9999999999999999,-0.999441173354262,-0.9855337351766613,-0.7857619213625532,-0.6871975726194077,-0.7694783543501851,-0.3635350746460235,-0.7461962504543338,-0.226037297933125,-0.904923964148971,-0.999969937079086,-0.989528886220643,-0.999661754738114,-0.994993749307037,-0.973591133481391,-0.984450055092477,-0.946031979535795,-0.9686442907393339
SLE,Sierra Leone,-0.028646713133336887,-0.7970532401044329,-0.924611325102623,-0.9208697814062775,-0.8655077467355755,-0.7921465686985774,-0.5939699241318847,-0.4472819631561204,-0.3785543981859961,-0.17362451352780106,-0.159276968461271,-0.463528257716901,-0.634858302728923,-0.7007916742392101,-0.7042813392319011,-0.674496206332482,-0.619063460283779,-0.552788965089545,-0.49128226631571204,-0.485217865862292
SGP,Singapore,-0.19580364861075963,-0.7719649029190293,-0.8038932042322823,-0.7988612894827655,-0.6903116784690962,-0.5080105151766354,-0.4097407433968641,-0.2119645042368848,-0.016050025679031455,0.013581586205375182,-0.0364481499517498,-0.456085795776886,-0.709833181433053,-0.782404526049102,-0.798291103827478,-0.78891336163769,-0.760775295507507,-0.6823050307648449,-0.562561440466848,-0.431349473762493
SOM,Somalia,-0.102909191993724,0.3649377353244997,0.21135503600561723,-0.01651164932059669,0.15776381637268017,0.01010830723661345,0.3582817116888556,0.672399021767254,0.5286997508699397,1.5595295553031736,0.21432726682987,-0.42546398924988305,-0.407787202764457,-0.436121479850199,-0.569588233259145,-0.527088373184289,-0.29221709592955497,0.22817139010773702,0.242859704076008,0.743574821904851
ZAF,South Africa,-0.0446746952127609,-0.8896513437655216,-0.92615560491139,-0.9176363730545788,-0.9193647807950361,-0.8809562388616803,-0.7510711046949378,-0.5778852966194523,-0.4079162735797097,-0.21116223685348914,0.00525922779562772,-0.534645666879858,-0.611663380955113,-0.832834349387606,-0.845281088782129,-0.904267096095986,-0.92207545818546,-0.9091024218417221,-0.859289961127067,-0.782034576980659
SSD,South Sudan,-0.46089941737364754,-0.9302666802526238,-0.9803240291433122,-0.9549167271296607,-0.8633399467742303,-0.8801318526473269,-0.670403668128971,-0.4593663443930292,-0.3193702042312404,-0.10711616393281873,-0.08422346198841449,-0.730993787624864,-0.761655728431424,-0.6532807852754839,-0.635632588327786,-0.629341767749844,-0.611761707912437,-0.572934996993109,-0.469524012507571,-0.252261592424292
LKA,Sri Lanka,0.11833588408396034,-0.1895758154722026,-0.6778433933165853,-0.8161280801111078,-0.4617334493576714,-0.2112727615258481,-0.14172682728771546,-0.054461011479231554,0.22277916915924764,0.016788008685036035,-0.12052668329445901,-0.481834463681429,-0.610934336432017,-0.649117731207087,-0.64004654735837,-0.6110326602728621,-0.558701902496932,-0.509004347384411,-0.344122148320835,-0.257217544707044
SDN,Sudan,-0.2692577988554624,-0.7801696951452424,-0.8252974799853373,-0.7421563804796447,-0.6339306502420464,-0.43448435283073444,-0.050964285752242475,0.26895406012760636,0.6106559113063469,0.5495862333232994,-0.497206937614938,-0.8511570656174711,-0.8209218690201671,-0.607295723641964,-0.676250365509236,-0.684637327967725,-0.638495414544424,-0.5292433253836389,-0.054952947184100695,0.202027524084302
SUR,Suriname,0.34650249664333255,0.4732321530502247,-0.06354714602764769,-0.5588368549759294,-0.24749772888143856,0.2827924499934842,0.24702345603620263,0.35872270215045715,0.8356262572061788,-0.3376707464218598,-0.0478496989984943,-0.760438014902125,-0.621253711871762,-0.668280376364687,-0.8050703935145,-0.848334862551037,-0.756447924164257,-0.528792746735023,-0.246089549597116,-0.153211506359694
CHE,Switzerland,-1.0,-1.0,-1.0,-0.9999999999999997,-0.9968240417483842,-0.9483026773447645,-0.6267733335889275,-0.41633707092381994,-0.3797769607953698,-0.17555827352170056,-0.133205680324672,-0.950268798474313,-0.948209775469475,-0.9940042967437709,-0.791849844424028,-0.8836418321988,-0.9169753092742251,-0.917827955431145,-0.911807981469545,-0.866994905520712
SYR,Syrian Arab Republic,-0.9560944933940994,-0.8969175062296247,-0.8969175062296247,-0.4378186219374897,-0.3619409554219765,-0.4016370884194109,-0.28181450766938787,-0.30268336378637867,-0.21491712616269024,-0.14764795395864957,0.744193832946635,-0.833407844868796,-0.94290172189841,-0.9523104149525401,-0.981017276888123,-0.981992246446832,-0.996095111858903,-0.9919826050337179,-0.7498914489382039,-0.751835433777914
TJK,Tajikistan,-0.9999403943297037,-0.9999999999999999,-0.9999999999999999,-0.9999999999999999,-0.9308960911638647,-0.5864360912156887,-0.3125569616628605,-0.1500960766816352,-0.14117679860168125,0.04847436039109013,-0.021063922296327097,-0.999997423208011,-0.999995364243027,-0.9661915700755399,-0.7952229030199941,-0.615265196053903,-0.517075394536293,-0.355519995219112,-0.17039559224974798,-0.170517976614652
TZA,United Republic of Tanzania,0.017180295955731104,-0.8458434395262713,-0.9352475065518714,-0.8994336377749096,-0.8555146387449624,-0.8392060127670679,-0.8017552061800387,-0.7403651114439066,-0.5507972466109716,-0.3623326279455885,-0.0251233220597191,-0.379775747356486,-0.619960582198818,-0.7102763670440101,-0.7557150503140819,-0.771293397950175,-0.756613499371234,-0.695749856410616,-0.605591768149555,-0.478648497479458
THA,Thailand,0.06062107130656288,-0.9954693087954882,-0.9973205199904384,-0.9859278053515779,-0.9727171013914253,-0.8269626274491209,-0.6589748702661741,-0.30091618568116885,0.09404710580274282,0.24526302547694137,-0.31118550708390297,-0.674791422964684,-0.795679702158983,-0.891717704750031,-0.929670781498389,-0.9249565058985261,-0.9050871465589719,-0.8546557974886829,-0.7596431823064199,-0.585206813161389
TGO,Togo,-0.2097564019870034,-0.6246284540877705,-0.6466853588549459,-0.6784799321410065,-0.6581836578915394,-0.6083096002659589,-0.4025954096503368,-0.3156465763463061,-0.25271036561315346,-0.048506166775238155,0.0368191970405673,-0.636600996115561,-0.689254741845525,-0.693031387602504,-0.6655026621650789,-0.619691909413003,-0.576292596679512,-0.5467702513317829,-0.531169213822539,-0.167609651070902
TTO,Trinidad and Tobago,-1.0,-1.0,-1.0,-1.0,-1.0,-1.0,-1.0,-1.0,-1.0,-1.0,-1.0,-1.0,-1.0,-1.0,-1.0,-1.0,-1.0,-1.0,-1.0,-1.0
TUN,Tunisia,-0.648,0.166,0.166,0.32299999999999995,0.6216960456210123,0.5837682170809539,0.023857306110184197,-0.292343311678481,-0.36974949862220796,-0.341008082689252,-0.560248059035849,-0.23439587500992298,-0.911787994967025,-0.9621526116929471,-0.9816968514560971,-0.9911245663277759,-0.9956828665463721,-0.87170484239647,-0.9283618185365199,-0.8920493335358399
TUR,Turkiye,-0.9911775854279301,-0.9619892198548661,-0.9619892198548661,-0.831256207576903,-0.4918830620993987,-0.2995790028790204,-0.4067050994968385,-0.4277979391891495,-0.3631100534917355,-0.2967047566054196,-0.0192537681380472,-0.8772600420404131,-0.9546835478907469,-0.9870765734319881,-0.98032863474278,-0.957778782872513,-0.9863637779656009,-0.9795652306589,-0.945771350992121,-0.9227580155853969
TKM,Turkmenistan,-0.9966437990482524,-1.0,-1.0,-0.9465699828915476,-0.6036310027600008,-0.3590675828592753,-0.3998822259502826,-0.34907917566409596,-0.18336723718533396,-0.05131431753022599,-0.06541815979028459,-0.9996997739998611,-0.999705718883267,-0.9997115473334339,-0.999717265358012,-0.9997228799019711,-0.99745729667107,-0.999736815770613,-0.809617230628637,-0.9860204250097451
UGA,Uganda,-0.30611046543019405,-0.9246726853518032,-0.8896876153121862,-0.8252453272384546,-0.9968788207345699,-0.7223041091476966,-0.6608464685385692,-0.5672407492590965,-0.3505884470698094,0.07493871620099589,0.0536874438106795,-0.819726847969514,-0.858757024231206,-0.595069905694948,-0.532480389385956,-0.46856907668739295,-0.532648846533013,-0.531490314404644,-0.42992902890884305,-0.25408753297973996
UKR,Ukraine,-1.0,-1.0,-1.0,-0.9997062607610674,-0.9986678690806033,-0.8298445976969042,-0.6419655290871391,-0.6714296807603762,-0.38343989997964345,-0.4557439584558042,-0.295043279306604,-0.999924767413665,-0.999742368292208,-0.991359527571328,-0.987098145985975,-0.9862647941259701,-0.99996838962029,-0.959594522512717,-0.94677239104189,-0.9559926844717159
ARE,United Arab Emirates,8.73972313236211,-0.8884779808239922,-1.0,3.9672648005360327,5.610672434447901,-0.12441667682289159,-0.6401686786751185,-0.6120868891236901,0.4983734559636252,-0.620382356344757,0.127813057588921,-0.18409252602811102,-0.547891282896441,-0.893455393052307,-0.46413942898714305,-0.248001173637692,-0.0837754919350574,0.21092366354643802,0.36946275546718604,0.309772831222169
USA,United States of America,-0.9951164315238679,-0.9958379259570208,-0.9958438527957608,-0.9838874896324632,-0.9686136172755851,-0.953044607557482,-0.891439677643859,-0.648361662188622,-0.44642202490000504,-0.2566669075720878,-0.47803149215845503,-0.936191489922563,-0.954412216691788,-0.943092664117495,-0.94849251518122,-0.92178465151307,-0.934673423427451,-0.888924679140123,-0.860742840869258,-0.7941643660435009
URY,Uruguay,-0.1540608344933795,-0.6768707006636816,-0.6255769369664531,-0.6659900404254206,-0.8395573008337436,-0.784553764073759,-0.6138394072191179,-0.6386838567970582,-0.22214974368991935,0.11636115762487645,0.244018145570398,-0.5106730403816939,-0.840619529331996,-0.9675330979490521,-0.953631009711293,-0.87714120221946,-0.944901696378452,-0.973286756312785,-0.9823906714275501,-0.9789795260029599
UZB,Uzbekistan,-0.9978175216428558,-1.0,-1.0,-0.9979168614560198,-0.7128024101845842,-0.3640449425035212,-0.2922751424609921,-0.2525223250206546,-0.15623995927828088,-0.061792556783647416,-0.24208973896521901,-0.999924613983592,-0.997105098224945,-0.976767507242245,-0.7502930589118919,-0.708341278933856,-0.594655752844341,-0.42576388719709696,-0.162396511882268,-0.0980000214834072
VEN,Venezuela (Bolivarian Republic of),-0.26506196889336153,-0.7489464915895386,-0.7725919236941964,-0.7492633680263304,-0.7382719058110115,-0.4675999862241759,-0.2971566737969498,-0.12019137823677367,0.14147971559429964,0.2404447379143014,-0.225322287247689,-0.575202912362059,-0.6574780318213039,-0.6597925503382229,-0.711799496715428,-0.698554933881652,-0.643134087281733,-0.522811159289689,-0.40678756015475104,-0.32365600792188703
VNM,Viet Nam,-0.4349836805977152,-0.9889060800029975,-0.9461549764128094,-0.8659025612862101,-0.8482096836854438,-0.80647293539076,-0.7390232501185907,-0.5415704895089278,-0.3092780942949784,-0.21999061801794476,-0.140250357287837,-0.6121752319431,-0.740541821898691,-0.753133396179248,-0.856442970976331,-0.87284928083564,-0.849517027038832,-0.853194966341711,-0.8034535179919401,-0.726050354212968
YEM,Yemen,-0.3913097935934825,-0.6504485978548017,-0.6677319884248786,-0.5212719717077771,-0.48500693870455,-0.39852821819719636,-0.0006866530550499971,0.15815740551183047,0.20757994631639295,0.3522564820090201,-0.065113559229333,-0.595799602135916,-0.797891475409283,-0.873280291216615,-0.9089784740568141,-0.919583023762934,-0.901430581212209,-0.8376534185494919,-0.693398874711605,-0.481304933652364
ZMB,Zambia,-0.016318855924328007,-0.7576925607092845,-0.9820508218910454,-0.9759305502994924,-0.9564654578990114,-0.9030072346433559,-0.7624262629545815,-0.6489989840456372,-0.39523281525190895,-0.2841854049385894,-0.0533138779792023,-0.440233263476621,-0.662967683184289,-0.787067206969655,-0.846525977332633,-0.8646317968715,-0.850587567364777,-0.795433560840789,-0.66928565947276,-0.38812559632750004
ZWE,Zimbabwe,0.03788157476869416,-0.7168945766158217,-0.9395445587178948,-0.9367226931134569,-0.9341507769180576,-0.7307014724265324,-0.5053817210884164,-0.3378173087202109,-0.13864254146658872,0.04724311445928173,-0.198483741482686,-0.429203864703003,-0.632572583871983,-0.7435654298209271,-0.798439153231743,-0.7991131832441729,-0.725394228467553,-0.5620302750376159,-0.48236481157354,-0.443001769092444
TWN,Taiwan,-0.975076313598488,-0.9971669716737847,-0.9970414336333867,-0.989900071205584,-0.961537116961417,-0.931499845812767,-0.8991230672714876,-0.8259776603421917,-0.612520154943911,-0.3396468446777395,-0.373612765837817,-0.977264660505907,-0.980940570686308,-0.953527404759726,-0.932749364210494,-0.869519476701542,-0.825529455602843,-0.787241815219556,-0.735408374457375,-0.656219230543812
