,iso3,country,small_animal_slaughter,medium_animal_slaughter,large_animal_slaughter,chicken_slaughter,rabbit_slaughter,pig_slaughter,goat_slaughter,sheep_slaughter,camelids_slaughter,cattle_slaughter,camel_slaughter,buffalo_slaughter
0,AFG,Afghanistan,34923000.0,10497943.0,664821.0,34923000.0,0.0,0.0,3578963.0,6918980.0,0.0,644498.0,20323.0,0.0
1,ALB,Albania,10785000.0,2149724.0,283437.0,10785000.0,0.0,182046.0,748414.0,1219264.0,0.0,283437.0,0.0,0.0
2,DZA,Algeria,268886000.0,19735833.0,693357.0,260269000.0,8617000.0,2748.0,1849458.0,17883627.0,0.0,647299.0,46058.0,0.0
3,AGO,Angola,58018000.0,3725345.0,634422.0,58018000.0,0.0,2068319.0,1362634.0,294392.0,0.0,634422.0,0.0,0.0
4,ATG,Antigua and Barbuda,13000.0,1677.0,418.0,13000.0,0.0,1205.0,198.0,274.0,0.0,418.0,0.0,0.0
5,ARG,Argentina,758215000.0,11196594.0,13991415.0,757488000.0,727000.0,7006091.0,1109452.0,3081051.0,0.0,13991415.0,0.0,0.0
6,ARM,Armenia,11741000.0,888189.0,550856.0,11741000.0,0.0,225243.0,2346.0,660600.0,0.0,550856.0,0.0,0.0
7,AUS,Australia,658261000.0,35523293.0,8695800.0,658261000.0,0.0,5167300.0,1818893.0,28537100.0,0.0,8695800.0,0.0,0.0
8,AUT,Austria,97991000.0,5414460.0,644650.0,97991000.0,0.0,5068160.0,53300.0,293000.0,0.0,644650.0,0.0,0.0
9,AZE,Azerbaijan,97760000.0,5971484.0,1279495.0,97760000.0,0.0,9312.0,0.0,5962172.0,0.0,1279495.0,0.0,0.0
10,BHS,Bahamas,5300000.0,15576.0,110.0,5300000.0,0.0,7195.0,6254.0,2127.0,0.0,110.0,0.0,0.0
11,BHR,Bahrain,10175000.0,1555934.0,7539.0,10175000.0,0.0,0.0,15200.0,1540734.0,0.0,7110.0,429.0,0.0
12,BGD,Bangladesh,301034000.0,32485834.0,2790268.0,301034000.0,0.0,0.0,31759650.0,726184.0,0.0,2705632.0,0.0,84636.0
13,BRB,Barbados,9645000.0,39732.0,854.0,9645000.0,0.0,34686.0,2138.0,2908.0,0.0,854.0,0.0,0.0
14,BLR,Belarus,443226000.0,5159103.0,1483806.0,442730000.0,496000.0,5081552.0,0.0,77551.0,0.0,1483806.0,0.0,0.0
15,BEL,Belgium,297295000.0,11290080.0,782650.0,297295000.0,0.0,11151060.0,16300.0,122720.0,0.0,782650.0,0.0,0.0
16,BLZ,Belize,10721000.0,39143.0,7733.0,10721000.0,0.0,37701.0,79.0,1363.0,0.0,7733.0,0.0,0.0
17,BEN,Benin,28196000.0,1200984.0,206684.0,28196000.0,0.0,236230.0,617849.0,346905.0,0.0,206684.0,0.0,0.0
18,BTN,Bhutan,1749000.0,46909.0,37951.0,1749000.0,0.0,21005.0,19867.0,6037.0,0.0,37863.0,0.0,88.0
19,BOL,Bolivia (Plurinational State of),174351000.0,4091666.0,1393190.0,174073000.0,278000.0,1920427.0,304184.0,1508687.0,358368.0,1393190.0,0.0,0.0
20,BIH,Bosnia and Herzegovina,41453000.0,160340.0,56597.0,41453000.0,0.0,100213.0,0.0,60127.0,0.0,56597.0,0.0,0.0
21,BWA,Botswana,4928000.0,479664.0,170000.0,4339000.0,589000.0,8642.0,367092.0,103930.0,0.0,170000.0,0.0,0.0
22,BRA,Brazil,6007279000.0,59070719.0,29887036.0,6006415000.0,864000.0,49356207.0,3324958.0,6389554.0,0.0,29887036.0,0.0,0.0
23,BRN,Brunei Darussalam,17577000.0,5434.0,9708.0,17577000.0,0.0,891.0,2960.0,1583.0,0.0,7647.0,0.0,2061.0
24,BGR,Bulgaria,51068000.0,1618050.0,108110.0,51068000.0,0.0,973010.0,122140.0,522900.0,0.0,108110.0,0.0,0.0
25,BFA,Burkina Faso,56621000.0,9324324.0,1240279.0,56621000.0,0.0,1335700.0,5087363.0,2901261.0,0.0,1238931.0,1348.0,0.0
26,BDI,Burundi,7937000.0,914618.0,51991.0,7392000.0,545000.0,141234.0,700655.0,72729.0,0.0,51991.0,0.0,0.0
27,CPV,Cabo Verde,575000.0,94295.0,4428.0,575000.0,0.0,49144.0,39521.0,5630.0,0.0,4428.0,0.0,0.0
28,KHM,Cambodia,16863000.0,1969911.0,505728.0,16863000.0,0.0,1969911.0,0.0,0.0,0.0,459630.0,0.0,46098.0
29,CMR,Cameroon,106719000.0,4475193.0,846124.0,106623000.0,96000.0,1082136.0,1939229.0,1453828.0,0.0,846124.0,0.0,0.0
30,CAN,Canada,754946000.0,23466600.0,3538900.0,754946000.0,0.0,22721800.0,0.0,744800.0,0.0,3538900.0,0.0,0.0
31,CAF,Central African Republic,7529000.0,2045229.0,613838.0,7529000.0,0.0,618661.0,1259139.0,167429.0,0.0,613838.0,0.0,0.0
32,TCD,Chad,8107000.0,21711935.0,3982161.0,8107000.0,0.0,84308.0,11020404.0,10607223.0,0.0,3940528.0,41633.0,0.0
33,CHL,Chile,291985000.0,6232869.0,875691.0,291985000.0,0.0,5354844.0,306452.0,571573.0,0.0,875691.0,0.0,0.0
34,HKG,"China, Hong Kong SAR",15647000.0,1507105.0,22207.0,15647000.0,0.0,1500000.0,7092.0,13.0,0.0,22207.0,0.0,0.0
35,MAC,"China, Macao SAR",3733000.0,62411.0,1960.0,3733000.0,0.0,59025.0,3386.0,0.0,0.0,1960.0,0.0,0.0
36,CHN,"China, mainland",9602281000.0,1033836683.0,45499725.0,9287900000.0,314381000.0,705119338.0,151865695.0,176851650.0,0.0,40819593.0,116317.0,4563815.0
37,TWN,"China, Taiwan Province of",379596000.0,8251012.0,37193.0,379596000.0,0.0,8184152.0,66860.0,0.0,0.0,34894.0,0.0,2299.0
38,COL,Colombia,1013955000.0,5065457.0,3288618.0,1011486000.0,2469000.0,5002299.0,24724.0,38434.0,0.0,3257033.0,0.0,31585.0
39,COM,Comoros,732000.0,44285.0,11051.0,732000.0,0.0,0.0,37862.0,6423.0,0.0,11051.0,0.0,0.0
40,COG,Congo,6821000.0,183517.0,37389.0,6821000.0,0.0,36668.0,102141.0,44708.0,0.0,37389.0,0.0,0.0
41,COK,Cook Islands,24000.0,11488.0,25.0,24000.0,0.0,11402.0,86.0,0.0,0.0,25.0,0.0,0.0
42,CRI,Costa Rica,72221000.0,840618.0,353434.0,72221000.0,0.0,837915.0,1709.0,994.0,0.0,353434.0,0.0,0.0
43,CIV,Côte d'Ivoire,72363000.0,1808489.0,206720.0,72363000.0,0.0,278284.0,897400.0,632805.0,0.0,206720.0,0.0,0.0
44,HRV,Croatia,38248000.0,1978600.0,169650.0,38248000.0,0.0,1496800.0,52400.0,429400.0,0.0,169650.0,0.0,0.0
45,CUB,Cuba,14387000.0,2890250.0,392772.0,14387000.0,0.0,2166982.0,145485.0,577783.0,0.0,392772.0,0.0,0.0
46,CYP,Cyprus,13264000.0,833920.0,15320.0,13264000.0,0.0,567970.0,106880.0,159070.0,0.0,15320.0,0.0,0.0
47,CZE,Czechia,121178000.0,2557160.0,240530.0,121178000.0,0.0,2377810.0,30630.0,148720.0,0.0,240530.0,0.0,0.0
48,PRK,Democratic People's Republic of Korea,138649000.0,3197700.0,139506.0,28806000.0,109843000.0,2205807.0,922764.0,69129.0,0.0,139506.0,0.0,0.0
49,COD,Democratic Republic of the Congo,16667000.0,2444831.0,111596.0,16667000.0,0.0,567053.0,1594044.0,283734.0,0.0,111596.0,0.0,0.0
50,DNK,Denmark,103343000.0,17352400.0,449810.0,103343000.0,0.0,17281900.0,0.0,70500.0,0.0,449810.0,0.0,0.0
51,DJI,Djibouti,0.0,398361.0,60423.0,0.0,0.0,0.0,183735.0,214626.0,0.0,55766.0,4657.0,0.0
52,DMA,Dominica,365000.0,12313.0,3121.0,365000.0,0.0,7098.0,3414.0,1801.0,0.0,3121.0,0.0,0.0
53,DOM,Dominican Republic,191527000.0,1213057.0,483362.0,191527000.0,0.0,1062771.0,75732.0,74554.0,0.0,483362.0,0.0,0.0
54,ECU,Ecuador,156415000.0,2473538.0,1110247.0,155678000.0,737000.0,2096494.0,4948.0,372096.0,0.0,1110247.0,0.0,0.0
55,EGY,Egypt,1065638000.0,1883351.0,1840214.0,1007352000.0,58286000.0,42604.0,573762.0,1266985.0,0.0,987392.0,56333.0,796489.0
56,SLV,El Salvador,116359000.0,153011.0,101254.0,116359000.0,0.0,145000.0,5559.0,2452.0,0.0,101254.0,0.0,0.0
57,GNQ,Equatorial Guinea,318000.0,18009.0,429.0,318000.0,0.0,3844.0,4494.0,9671.0,0.0,429.0,0.0,0.0
58,ERI,Eritrea,1537000.0,1381488.0,252580.0,1537000.0,0.0,0.0,712951.0,668537.0,0.0,236879.0,15701.0,0.0
59,EST,Estonia,0.0,577520.0,38630.0,0.0,0.0,559310.0,1020.0,17190.0,0.0,38630.0,0.0,0.0
60,SWZ,Eswatini,6024000.0,155691.0,73900.0,6024000.0,0.0,27452.0,91781.0,36458.0,0.0,73900.0,0.0,0.0
61,ETH,Ethiopia,84754000.0,31207165.0,4211787.0,84754000.0,0.0,42006.0,17398152.0,13767007.0,0.0,3990324.0,221463.0,0.0
62,FRO,Faroe Islands,0.0,51006.0,749.0,0.0,0.0,0.0,0.0,51006.0,0.0,749.0,0.0,0.0
63,FJI,Fiji,12545000.0,116046.0,18660.0,12545000.0,0.0,90777.0,19120.0,6149.0,0.0,18660.0,0.0,0.0
64,FIN,Finland,79767000.0,1977590.0,264800.0,79767000.0,0.0,1906360.0,1410.0,69820.0,0.0,264800.0,0.0,0.0
65,FRA,France,770478000.0,28100190.0,4486480.0,770478000.0,0.0,23291020.0,668540.0,4140630.0,0.0,4486480.0,0.0,0.0
66,PYF,French Polynesia,691000.0,32623.0,790.0,691000.0,0.0,27640.0,4781.0,202.0,0.0,790.0,0.0,0.0
67,GAB,Gabon,6719000.0,221804.0,7602.0,4988000.0,1731000.0,119099.0,34464.0,68241.0,0.0,7602.0,0.0,0.0
68,GMB,Gambia,1619000.0,124786.0,35406.0,1619000.0,0.0,12285.0,83501.0,29000.0,0.0,35406.0,0.0,0.0
69,GEO,Georgia,16004000.0,750653.0,279151.0,15690000.0,314000.0,565806.0,1097.0,183750.0,0.0,279151.0,0.0,0.0
70,DEU,Germany,623161000.0,55070000.0,3281000.0,623161000.0,0.0,53378000.0,23000.0,1669000.0,0.0,3281000.0,0.0,0.0
71,GHA,Ghana,105041000.0,4083711.0,155885.0,105041000.0,0.0,597077.0,2073968.0,1412666.0,0.0,155885.0,0.0,0.0
72,GRC,Greece,141123000.0,8978730.0,144590.0,141123000.0,0.0,1317590.0,2273510.0,5387630.0,0.0,144590.0,0.0,0.0
73,GRD,Grenada,550000.0,10405.0,866.0,550000.0,0.0,3611.0,2211.0,4583.0,0.0,866.0,0.0,0.0
74,GTM,Guatemala,139332000.0,1447728.0,1135782.0,139332000.0,0.0,1294955.0,14587.0,138186.0,0.0,1135782.0,0.0,0.0
75,GIN,Guinea,8595000.0,1940503.0,747365.0,8595000.0,0.0,91775.0,1157224.0,691504.0,0.0,747365.0,0.0,0.0
76,GNB,Guinea-Bissau,3701000.0,605881.0,63944.0,3701000.0,0.0,345819.0,122615.0,137447.0,0.0,63944.0,0.0,0.0
77,GUY,Guyana,32580000.0,95910.0,15526.0,32580000.0,0.0,12390.0,27461.0,56059.0,0.0,15526.0,0.0,0.0
78,HTI,Haiti,9560000.0,947253.0,308444.0,9560000.0,0.0,530208.0,336953.0,80092.0,0.0,308444.0,0.0,0.0
79,HND,Honduras,99365000.0,172702.0,336588.0,99365000.0,0.0,155752.0,10301.0,6649.0,0.0,336588.0,0.0,0.0
80,HUN,Hungary,182493000.0,4833110.0,111460.0,182493000.0,0.0,4768020.0,7620.0,57470.0,0.0,111460.0,0.0,0.0
81,ISL,Iceland,5476000.0,480995.0,21462.0,5476000.0,0.0,79973.0,0.0,401022.0,0.0,21462.0,0.0,0.0
82,IND,India,2625635000.0,86188931.0,20407282.0,2625635000.0,0.0,9597994.0,55454667.0,21136270.0,0.0,8898832.0,0.0,11508450.0
83,IDN,Indonesia,4697236000.0,25555073.0,1839536.0,4697236000.0,0.0,11180736.0,7153598.0,7220739.0,0.0,1719776.0,0.0,119760.0
84,IRN,Iran (Islamic Republic of),1818160000.0,10009209.0,1214355.0,1818160000.0,0.0,0.0,2054675.0,7954534.0,0.0,1169843.0,20653.0,23859.0
85,IRQ,Iraq,115931000.0,2516254.0,195574.0,115931000.0,0.0,0.0,601457.0,1914797.0,0.0,157060.0,10259.0,28255.0
86,IRL,Ireland,102796000.0,6658020.0,1881890.0,102796000.0,0.0,3546350.0,0.0,3111670.0,0.0,1881890.0,0.0,0.0
87,ISR,Israel,529101000.0,962992.0,454819.0,529101000.0,0.0,183808.0,349579.0,429605.0,0.0,454275.0,544.0,0.0
88,ITA,Italy,590347000.0,13762500.0,2797906.0,573846000.0,16501000.0,10764870.0,151510.0,2846120.0,0.0,2694340.0,0.0,103566.0
89,JAM,Jamaica,75022000.0,149305.0,27439.0,75022000.0,0.0,111141.0,37969.0,195.0,0.0,27439.0,0.0,0.0
90,JPN,Japan,810072000.0,16699885.0,1061028.0,810072000.0,0.0,16690950.0,2389.0,6546.0,0.0,1061028.0,0.0,0.0
91,JOR,Jordan,252631000.0,2212868.0,130420.0,252612000.0,19000.0,0.0,398211.0,1814657.0,0.0,125376.0,5044.0,0.0
92,KAZ,Kazakhstan,132206000.0,9958420.0,2995741.0,132168000.0,38000.0,1193106.0,1079179.0,7686135.0,0.0,2965052.0,30689.0,0.0
93,KEN,Kenya,51578000.0,12436882.0,2158400.0,49437000.0,2141000.0,396691.0,6728236.0,5311955.0,0.0,1953734.0,204666.0,0.0
94,KIR,Kiribati,1093000.0,25068.0,0.0,1093000.0,0.0,25068.0,0.0,0.0,0.0,0.0,0.0,0.0
95,KWT,Kuwait,47447000.0,3100375.0,12903.0,47447000.0,0.0,0.0,38086.0,3062289.0,0.0,6749.0,6154.0,0.0
96,KGZ,Kyrgyzstan,6872000.0,3407688.0,623256.0,6733000.0,139000.0,223139.0,361792.0,2822757.0,0.0,623256.0,0.0,0.0
97,LAO,Lao People's Democratic Republic,44371000.0,3696715.0,490289.0,44371000.0,0.0,3503241.0,193474.0,0.0,0.0,294185.0,0.0,196104.0
98,LVA,Latvia,20874000.0,503760.0,80150.0,20874000.0,0.0,443350.0,3540.0,56870.0,0.0,80150.0,0.0,0.0
99,LBN,Lebanon,64459000.0,351551.0,212887.0,64459000.0,0.0,14069.0,162657.0,174825.0,0.0,212887.0,0.0,0.0
100,LSO,Lesotho,2378000.0,100342.0,11241.0,2378000.0,0.0,12648.0,36824.0,50870.0,0.0,11241.0,0.0,0.0
101,LBR,Liberia,17762000.0,531524.0,9419.0,17762000.0,0.0,308260.0,128540.0,94724.0,0.0,9419.0,0.0,0.0
102,LBY,Libya,108807000.0,2917630.0,51175.0,108807000.0,0.0,0.0,837981.0,2079649.0,0.0,35668.0,15507.0,0.0
103,LTU,Lithuania,53425000.0,1053630.0,162460.0,53425000.0,0.0,968280.0,5850.0,79500.0,0.0,162460.0,0.0,0.0
104,LUX,Luxembourg,0.0,146010.0,27980.0,0.0,0.0,143410.0,210.0,2390.0,0.0,27980.0,0.0,0.0
105,MDG,Madagascar,64898000.0,639674.0,279092.0,64300000.0,598000.0,384779.0,182524.0,72371.0,0.0,279092.0,0.0,0.0
106,MWI,Malawi,41944000.0,18805611.0,529461.0,41944000.0,0.0,11889369.0,6760372.0,155870.0,0.0,529461.0,0.0,0.0
107,MYS,Malaysia,647765000.0,2049783.0,101957.0,647765000.0,0.0,1951280.0,59943.0,38560.0,0.0,87404.0,0.0,14553.0
108,MLI,Mali,75957000.0,1681407.0,608057.0,75957000.0,0.0,18585.0,1141523.0,521299.0,0.0,605311.0,2746.0,0.0
109,MLT,Malta,2430000.0,61910.0,4100.0,2430000.0,0.0,54210.0,1260.0,6440.0,0.0,4100.0,0.0,0.0
110,MRT,Mauritania,6093000.0,3674314.0,371709.0,6093000.0,0.0,0.0,1261942.0,2412372.0,0.0,234080.0,137629.0,0.0
111,MUS,Mauritius,49346000.0,12454.0,7299.0,49332000.0,14000.0,8945.0,2104.0,1405.0,0.0,7299.0,0.0,0.0
112,MEX,Mexico,1965540000.0,25674884.0,8405084.0,1961066000.0,4474000.0,20287616.0,2219558.0,3167710.0,0.0,8405084.0,0.0,0.0
113,FSM,Micronesia (Federated States of),202000.0,35919.0,1836.0,202000.0,0.0,34691.0,1228.0,0.0,0.0,1836.0,0.0,0.0
114,MNG,Mongolia,223000.0,22267156.0,1400564.0,223000.0,0.0,7623.0,9751274.0,12508259.0,0.0,1319566.0,80998.0,0.0
115,MNE,Montenegro,3255000.0,67735.0,18953.0,3255000.0,0.0,31761.0,8037.0,27937.0,0.0,18953.0,0.0,0.0
116,MAR,Morocco,630217000.0,15153235.0,1312586.0,630217000.0,0.0,12592.0,2319115.0,12821528.0,0.0,1296801.0,15785.0,0.0
117,MOZ,Mozambique,45253000.0,1388704.0,121147.0,44908000.0,345000.0,1203852.0,135704.0,49148.0,0.0,121147.0,0.0,0.0
118,MMR,Myanmar,1222524000.0,20852270.0,2278100.0,1222524000.0,0.0,12970301.0,6766275.0,1115694.0,0.0,1884846.0,0.0,393254.0
119,NAM,Namibia,13754000.0,898022.0,128370.0,13754000.0,0.0,124174.0,297778.0,476070.0,0.0,128370.0,0.0,0.0
120,NRU,Nauru,5000.0,2537.0,0.0,5000.0,0.0,2537.0,0.0,0.0,0.0,0.0,0.0,0.0
121,NPL,Nepal,92558000.0,7589701.0,1326208.0,92558000.0,0.0,771939.0,6514334.0,303428.0,0.0,590581.0,0.0,735627.0
122,NLD,Netherlands,597529000.0,17552350.0,2088560.0,597529000.0,0.0,16666090.0,200920.0,685340.0,0.0,2088560.0,0.0,0.0
123,NCL,New Caledonia,460000.0,34208.0,14512.0,460000.0,0.0,33475.0,169.0,564.0,0.0,14512.0,0.0,0.0
124,NZL,New Zealand,119640000.0,23602805.0,4460530.0,119640000.0,0.0,634643.0,173350.0,22794812.0,0.0,4460530.0,0.0,0.0
125,NIC,Nicaragua,63062000.0,233287.0,824969.0,63062000.0,0.0,228958.0,2291.0,2038.0,0.0,824969.0,0.0,0.0
126,NER,Niger,25129000.0,2072999.0,273042.0,25129000.0,0.0,33845.0,1341885.0,697269.0,0.0,235091.0,37951.0,0.0
127,NGA,Nigeria,238250000.0,53318505.0,3206064.0,238250000.0,0.0,6732788.0,27263385.0,19322332.0,0.0,3206064.0,0.0,0.0
128,NIU,Niue,24000.0,993.0,11.0,24000.0,0.0,993.0,0.0,0.0,0.0,11.0,0.0,0.0
129,MKD,North Macedonia,1999000.0,277000.0,19000.0,1999000.0,0.0,150000.0,0.0,127000.0,0.0,19000.0,0.0,0.0
130,NOR,Norway,71019000.0,2773389.0,300185.0,71002000.0,17000.0,1596474.0,26872.0,1150043.0,0.0,300185.0,0.0,0.0
131,OMN,Oman,8184000.0,1777950.0,196328.0,8184000.0,0.0,0.0,712684.0,1065266.0,0.0,117948.0,78380.0,0.0
132,PAK,Pakistan,1400000000.0,58037000.0,16982250.0,1400000000.0,0.0,0.0,43051000.0,14986000.0,0.0,9057000.0,51250.0,7874000.0
133,PSE,Palestine,25967000.0,593310.0,41578.0,25967000.0,0.0,0.0,198623.0,394687.0,0.0,41578.0,0.0,0.0
134,PAN,Panama,121221000.0,559134.0,326600.0,121221000.0,0.0,559134.0,0.0,0.0,0.0,326600.0,0.0,0.0
135,PNG,Papua New Guinea,7244000.0,2014781.0,20853.0,7244000.0,0.0,2011950.0,660.0,2171.0,0.0,20853.0,0.0,0.0
136,PRY,Paraguay,71547000.0,836552.0,2123871.0,71547000.0,0.0,632368.0,84998.0,119186.0,0.0,2123871.0,0.0,0.0
137,PER,Peru,756433000.0,6725665.0,1250069.0,753602000.0,2831000.0,3193363.0,392866.0,2544651.0,594785.0,1250069.0,0.0,0.0
138,PHL,Philippines,1120639000.0,28530549.0,1199879.0,1120639000.0,0.0,25363010.0,3158567.0,8972.0,0.0,799603.0,0.0,400276.0
139,POL,Poland,1178807000.0,21049710.0,1852750.0,1178807000.0,0.0,20983590.0,0.0,66120.0,0.0,1852750.0,0.0,0.0
140,PRT,Portugal,201877000.0,6996580.0,393310.0,201877000.0,0.0,5617880.0,163750.0,1214950.0,0.0,393310.0,0.0,0.0
141,PRI,Puerto Rico,21576000.0,55499.0,32926.0,21478000.0,98000.0,53139.0,823.0,1537.0,0.0,32926.0,0.0,0.0
142,QAT,Qatar,11587000.0,348381.0,18722.0,11587000.0,0.0,0.0,33250.0,315131.0,0.0,12600.0,6122.0,0.0
143,KOR,Republic of Korea,1056261000.0,18450648.0,887000.0,1055469000.0,792000.0,18330000.0,120370.0,278.0,0.0,887000.0,0.0,0.0
144,MDA,Republic of Moldova,37571000.0,1046132.0,65026.0,37334000.0,237000.0,932864.0,0.0,113268.0,0.0,65026.0,0.0,0.0
145,ROU,Romania,0.0,9918180.0,623900.0,0.0,0.0,4176580.0,544640.0,5196960.0,0.0,623900.0,0.0,0.0
146,RUS,Russian Federation,2505664000.0,58613477.0,7862862.0,2497984000.0,7680000.0,46363647.0,1062969.0,11186861.0,0.0,7862288.0,574.0,0.0
147,RWA,Rwanda,9103000.0,1088580.0,398380.0,6445000.0,2658000.0,380719.0,592583.0,115278.0,0.0,398380.0,0.0,0.0
148,KNA,Saint Kitts and Nevis,16000.0,2395.0,241.0,16000.0,0.0,1152.0,459.0,784.0,0.0,241.0,0.0,0.0
149,LCA,Saint Lucia,1127000.0,14489.0,2278.0,1127000.0,0.0,5500.0,3983.0,5006.0,0.0,2278.0,0.0,0.0
150,VCT,Saint Vincent and the Grenadines,454000.0,13445.0,940.0,454000.0,0.0,6922.0,2801.0,3722.0,0.0,940.0,0.0,0.0
151,WSM,Samoa,451000.0,44441.0,6642.0,451000.0,0.0,44441.0,0.0,0.0,0.0,6642.0,0.0,0.0
152,STP,Sao Tome and Principe,935000.0,11810.0,1074.0,935000.0,0.0,10015.0,1334.0,461.0,0.0,1074.0,0.0,0.0
153,SAU,Saudi Arabia,637188000.0,8172379.0,699501.0,637188000.0,0.0,5419.0,3817590.0,4349370.0,0.0,209501.0,490000.0,0.0
154,SEN,Senegal,84409000.0,4877045.0,448451.0,84409000.0,0.0,355636.0,2056233.0,2465176.0,0.0,448387.0,64.0,0.0
155,SRB,Serbia,71543000.0,7079631.0,308913.0,71543000.0,0.0,5501599.0,222391.0,1355641.0,0.0,308913.0,0.0,0.0
156,SYC,Seychelles,376000.0,7458.0,54.0,376000.0,0.0,5448.0,2010.0,0.0,0.0,54.0,0.0,0.0
157,SLE,Sierra Leone,30491000.0,400286.0,37228.0,22616000.0,7875000.0,25481.0,192362.0,182443.0,0.0,37228.0,0.0,0.0
158,SGP,Singapore,50775000.0,432266.0,79.0,50775000.0,0.0,431193.0,589.0,484.0,0.0,79.0,0.0,0.0
159,SVK,Slovakia,0.0,805340.0,37050.0,0.0,0.0,747770.0,27900.0,29670.0,0.0,37050.0,0.0,0.0
160,SVN,Slovenia,39629000.0,418140.0,118120.0,39629000.0,0.0,297700.0,24420.0,96020.0,0.0,118120.0,0.0,0.0
161,SLB,Solomon Islands,349000.0,64569.0,4183.0,349000.0,0.0,64569.0,0.0,0.0,0.0,4183.0,0.0,0.0
162,SOM,Somalia,4822000.0,6695416.0,793669.0,4822000.0,0.0,2069.0,3023463.0,3669884.0,0.0,510000.0,283669.0,0.0
163,ZAF,South Africa,967966000.0,9530757.0,3236000.0,967966000.0,0.0,3511000.0,719199.0,5300558.0,0.0,3236000.0,0.0,0.0
164,SSD,South Sudan,20294000.0,3457170.0,964884.0,20294000.0,0.0,0.0,2110839.0,1346331.0,0.0,964884.0,0.0,0.0
165,ESP,Spain,696387000.0,66903190.0,2422410.0,696387000.0,0.0,56130030.0,1209480.0,9563680.0,0.0,2422410.0,0.0,0.0
166,LKA,Sri Lanka,176862000.0,61661.0,197352.0,176862000.0,0.0,21364.0,34363.0,5934.0,0.0,162481.0,0.0,34871.0
167,SDN,Sudan,34000000.0,28945765.0,4114053.0,34000000.0,0.0,0.0,13545765.0,15400000.0,0.0,3571023.0,543030.0,0.0
168,SUR,Suriname,5962000.0,33268.0,8564.0,5962000.0,0.0,31713.0,556.0,999.0,0.0,8564.0,0.0,0.0
169,SWE,Sweden,107186000.0,2894850.0,443690.0,107186000.0,0.0,2635910.0,1000.0,257940.0,0.0,443690.0,0.0,0.0
170,CHE,Switzerland,80998000.0,2761157.0,605109.0,80073000.0,925000.0,2486256.0,40790.0,234111.0,0.0,605109.0,0.0,0.0
171,SYR,Syrian Arab Republic,99490000.0,4531324.0,430317.0,99475000.0,15000.0,4310.0,451684.0,4075330.0,0.0,422436.0,3955.0,3926.0
172,TJK,Tajikistan,2779000.0,4122594.0,580160.0,2779000.0,0.0,5915.0,0.0,4116679.0,0.0,580160.0,0.0,0.0
173,THA,Thailand,1272360000.0,12193528.0,1000796.0,1272360000.0,0.0,12058035.0,123455.0,12038.0,0.0,929366.0,0.0,71430.0
174,TLS,Timor-Leste,1460000.0,375113.0,20264.0,1460000.0,0.0,320162.0,49519.0,5432.0,0.0,13534.0,0.0,6730.0
175,TGO,Togo,50196000.0,2150559.0,51579.0,50196000.0,0.0,680544.0,1077773.0,392242.0,0.0,51579.0,0.0,0.0
176,TKL,Tokelau,6000.0,647.0,0.0,6000.0,0.0,647.0,0.0,0.0,0.0,0.0,0.0,0.0
177,TON,Tonga,371000.0,38352.0,1806.0,371000.0,0.0,36530.0,1822.0,0.0,0.0,1806.0,0.0,0.0
178,TTO,Trinidad and Tobago,32491000.0,41826.0,6455.0,32486000.0,5000.0,28236.0,2936.0,10654.0,0.0,6455.0,0.0,0.0
179,TUN,Tunisia,87801000.0,3800783.0,246918.0,87801000.0,0.0,2500.0,698283.0,3100000.0,0.0,234753.0,12165.0,0.0
180,TUR,Türkiye,916161000.0,5130767.0,3192857.0,916126000.0,35000.0,76.0,771959.0,4358732.0,0.0,3190663.0,10.0,2184.0
181,TKM,Turkmenistan,16049000.0,8958863.0,799503.0,16049000.0,0.0,3849.0,658519.0,8296495.0,0.0,799503.0,0.0,0.0
182,TUV,Tuvalu,66000.0,4100.0,0.0,66000.0,0.0,4100.0,0.0,0.0,0.0,0.0,0.0,0.0
183,UGA,Uganda,51733000.0,5822317.0,1133782.0,51733000.0,0.0,2113754.0,3007252.0,701311.0,0.0,1133782.0,0.0,0.0
184,UKR,Ukraine,760029000.0,8520400.0,1987600.0,754120000.0,5909000.0,7796100.0,325900.0,398400.0,0.0,1987600.0,0.0,0.0
185,ARE,United Arab Emirates,41368000.0,4038708.0,288350.0,41368000.0,0.0,0.0,3809374.0,229334.0,0.0,72345.0,216005.0,0.0
186,GBR,United Kingdom of Great Britain and Northern Ireland,1149000000.0,25659000.0,2826000.0,1149000000.0,0.0,11165000.0,0.0,14494000.0,0.0,2826000.0,0.0,0.0
187,TZA,United Republic of Tanzania,106411000.0,6037707.0,3331261.0,106411000.0,0.0,374415.0,3515727.0,2147565.0,0.0,3331261.0,0.0,0.0
188,USA,United States of America,9346660000.0,134581800.0,33366100.0,9346660000.0,0.0,131639000.0,624400.0,2318400.0,0.0,33366100.0,0.0,0.0
189,URY,Uruguay,29935000.0,1152502.0,2006347.0,29663000.0,272000.0,144786.0,0.0,1007716.0,0.0,2006347.0,0.0,0.0
190,UZB,Uzbekistan,28377000.0,8979990.0,5329073.0,28149000.0,228000.0,50235.0,0.0,8929755.0,0.0,5320401.0,8672.0,0.0
191,VUT,Vanuatu,690000.0,69333.0,8909.0,690000.0,0.0,66109.0,3224.0,0.0,0.0,8909.0,0.0,0.0
192,VEN,Venezuela (Bolivarian Republic of),258681000.0,2519110.0,1762989.0,258563000.0,118000.0,1727807.0,526698.0,264605.0,0.0,1762989.0,0.0,0.0
193,VNM,Viet Nam,618514000.0,45566945.0,2304322.0,618514000.0,0.0,44146028.0,1420917.0,0.0,0.0,1869043.0,0.0,435279.0
194,YEM,Yemen,192581000.0,10998481.0,1136899.0,192581000.0,0.0,0.0,6489082.0,4509399.0,0.0,1120341.0,16558.0,0.0
195,ZMB,Zambia,49609000.0,1595151.0,1171342.0,49609000.0,0.0,644916.0,881339.0,68896.0,0.0,1171342.0,0.0,0.0
196,ZWE,Zimbabwe,58444000.0,2305668.0,231257.0,58444000.0,0.0,183923.0,2089283.0,32462.0,0.0,231257.0,0.0,0.0
